ISO-10303-21;
HEADER;
FILE_DESCRIPTION((''),'2;1');
FILE_NAME('macropad desing_Configuration 1_Body8', '2026-09-02T20:10:03', (''), (''), 'ImageToStl.com STEP Converter','', '');
FILE_SCHEMA(('AUTOMOTIVE_DESIGN_CC2'));
ENDSEC;
DATA;
#1=PRODUCT_DEFINITION_CONTEXT('',#4,'design');
#2=APPLICATION_PROTOCOL_DEFINITION('INTERNATIONAL STANDARD','automotive_design',1994,#4);
#3=(GEOMETRIC_REPRESENTATION_CONTEXT(3)GLOBAL_UNCERTAINTY_ASSIGNED_CONTEXT((#5))GLOBAL_UNIT_ASSIGNED_CONTEXT((#6,#7,#8))REPRESENTATION_CONTEXT('NONE','WORKSPACE'));
#4=APPLICATION_CONTEXT(' ');
#5=UNCERTAINTY_MEASURE_WITH_UNIT(LENGTH_MEASURE(1.0E-006),#6,'','');
#6=(CONVERSION_BASED_UNIT('METRE',#10)LENGTH_UNIT()NAMED_UNIT(#11));
#7=(NAMED_UNIT(#12)PLANE_ANGLE_UNIT()SI_UNIT($,.RADIAN.));
#8=(NAMED_UNIT(#12)SOLID_ANGLE_UNIT()SI_UNIT($,.STERADIAN.));
#9=AXIS2_PLACEMENT_3D('',#14,#15,#16);
#10=LENGTH_MEASURE_WITH_UNIT(LENGTH_MEASURE(1.0),#17);
#11=DIMENSIONAL_EXPONENTS(1.0,0.0,0.0,0.0,0.0,0.0,0.0);
#12=DIMENSIONAL_EXPONENTS(0.0,0.0,0.0,0.0,0.0,0.0,0.0);
#13=PRODUCT_CONTEXT('',#4,'mechanical');
#14=CARTESIAN_POINT('',(0.0,0.0,0.0));
#15=DIRECTION('',(0.0,0.0,1.0));
#16=DIRECTION('',(1.0,0.0,0.0));
#17=(NAMED_UNIT(#11)LENGTH_UNIT()SI_UNIT(.MILLI.,.METRE.));
#18=PRESENTATION_STYLE_ASSIGNMENT((#19));
#19=SURFACE_STYLE_USAGE(.BOTH.,#20);
#20=SURFACE_SIDE_STYLE('',(#21));
#21=SURFACE_STYLE_FILL_AREA(#22);
#22=FILL_AREA_STYLE('',(#23));
#23=FILL_AREA_STYLE_COLOUR('',#24);
#24=COLOUR_RGB('',0.2902,0.26667,0.26667);
#25=PRESENTATION_STYLE_ASSIGNMENT((#26));
#26=SURFACE_STYLE_USAGE(.BOTH.,#27);
#27=SURFACE_SIDE_STYLE('',(#28));
#28=SURFACE_STYLE_FILL_AREA(#29);
#29=FILL_AREA_STYLE('',(#30));
#30=FILL_AREA_STYLE_COLOUR('',#31);
#31=COLOUR_RGB('',0.25098,0.25098,0.25098);
#32=SHAPE_DEFINITION_REPRESENTATION(#33,#34);
#33=PRODUCT_DEFINITION_SHAPE('productshape0','',#37);
#34=MANIFOLD_SURFACE_SHAPE_REPRESENTATION('',(#35,#9),#3);
#35=SHELL_BASED_SURFACE_MODEL('shell0',(#39));
#36=PRODUCT('product0','','',(#13));
#37=PRODUCT_DEFINITION('mesh0','',#38,#2);
#38=PRODUCT_DEFINITION_FORMATION_WITH_SPECIFIED_SOURCE('prodsource0','',#36,.NOT_KNOWN.);
#39=CLOSED_SHELL('',(#473,#495,#517,#539,#561,#583,#605,#627,#649,#671,#693,#715,#737,#759,#781,#803,#825,#847,#869,#891,#913,#935,#957,#979,#1001,#1023,#1045,#1067,#1089,#1111,#1133,#1155,#1177,#1199,#1221,#1243,#1265,#1287,#1309,#1331,#1353,#1375,#1397,#1419,#1441,#1463,#1485,#1507,#1529,#1551,#1573,#1595,#1617,#1639,#1661,#1683,#1705,#1727,#1749,#1771,#1793,#1815,#1837,#1859,#1881,#1903,#1925,#1947,#1969,#1991,#2013,#2035,#2057,#2079,#2101,#2123,#2145,#2167,#2189,#2211,#2233,#2255,#2277,#2299,#2321,#2343,#2365,#2387,#2409,#2431,#2453,#2475,#2497,#2519,#2541,#2563,#2585,#2607,#2629,#2651,#2673,#2695,#2717,#2739,#2761,#2783,#2805,#2827,#2849,#2871,#2893,#2915,#2937,#2959,#2981,#3003,#3025,#3047,#3069,#3091,#3113,#3135,#3157,#3179,#3201,#3223,#3245,#3267,#3289,#3311,#3333,#3355,#3377,#3399,#3421,#3443,#3465,#3487,#3509,#3531,#3553,#3575,#3597,#3619,#3641,#3663,#3685,#3707,#3729,#3751,#3773,#3795,#3817,#3839,#3861,#3883,#3905,#3927,#3949,#3971,#3993,#4015,#4037,#4059,#4081,#4103,#4125,#4147,#4169,#4191,#4213,#4235,#4257,#4279,#4301,#4323,#4345,#4367,#4389,#4411,#4433,#4455,#4477,#4499,#4521,#4543,#4565,#4587,#4609,#4631,#4653,#4675,#4697,#4719,#4741,#4763,#4785,#4807,#4829,#4851,#4873,#4895,#4917,#4939,#4961,#4983,#5005,#5027,#5049,#5071,#5093,#5115,#5137,#5159,#5181,#5203,#5225,#5247,#5269,#5291,#5313,#5335,#5357,#5379,#5401,#5423,#5445,#5467,#5489,#5511,#5533,#5555,#5577,#5599,#5621,#5643,#5665,#5687,#5709,#5731,#5753,#5775,#5797,#5819,#5841,#5863,#5885,#5907,#5929,#5951,#5973,#5995,#6017,#6039,#6061,#6083,#6105,#6127,#6149,#6171,#6193,#6215,#6237,#6259,#6281,#6303,#6325,#6347,#6369,#6391,#6413,#6435,#6457,#6479,#6501,#6523,#6545,#6567,#6589,#6611,#6633,#6655,#6677,#6699,#6721,#6743,#6765,#6787,#6809,#6831,#6853,#6875,#6897,#6919,#6941,#6963,#6985,#7007,#7029,#7051,#7073,#7095,#7117,#7139,#7161,#7183,#7205,#7227,#7249,#7271,#7293,#7315,#7337,#7359,#7381,#7403,#7425,#7447,#7469,#7491,#7513,#7535,#7557,#7579,#7601,#7623,#7645,#7667,#7689,#7711,#7733,#7755,#7777,#7799,#7821,#7843,#7865,#7887,#7909,#7931,#7953,#7975,#7997,#8019,#8041,#8063,#8085,#8107,#8129,#8151,#8173,#8195,#8217,#8239,#8261,#8283,#8305,#8327,#8349,#8371,#8393,#8415,#8437,#8459,#8481,#8503,#8525,#8547,#8569,#8591,#8613,#8635,#8657,#8679,#8701,#8723,#8745,#8767,#8789,#8811,#8833,#8855,#8877,#8899,#8921,#8943,#8965,#8987,#9009,#9031,#9053,#9075,#9097,#9119,#9141,#9163,#9185,#9207,#9229,#9251,#9273,#9295,#9317,#9339,#9361,#9383,#9405,#9427,#9449,#9471,#9493,#9515,#9537,#9559,#9581,#9603,#9625,#9647,#9669,#9691,#9713,#9735,#9757,#9779,#9801,#9823,#9845,#9867,#9889,#9911,#9933,#9955,#9977,#9999,#10021,#10043,#10065,#10087,#10109,#10131,#10153,#10175,#10197,#10219,#10241,#10263,#10285,#10307));
#40=CARTESIAN_POINT('',(136.56993103027344,100.17178344726562,0));
#41=VERTEX_POINT('',#40);
#42=CARTESIAN_POINT('',(136.56993103027344,100.17178344726562,13));
#43=VERTEX_POINT('',#42);
#44=CARTESIAN_POINT('',(136.64999389648438,100.7800064086914,0));
#45=VERTEX_POINT('',#44);
#46=CARTESIAN_POINT('',(136.64999389648438,100.7800064086914,13));
#47=VERTEX_POINT('',#46);
#48=CARTESIAN_POINT('',(136.56993103027344,101.38822937011719,0));
#49=VERTEX_POINT('',#48);
#50=CARTESIAN_POINT('',(136.56993103027344,101.38822937011719,13));
#51=VERTEX_POINT('',#50);
#52=CARTESIAN_POINT('',(136.3351593017578,101.95500946044922,0));
#53=VERTEX_POINT('',#52);
#54=CARTESIAN_POINT('',(136.3351593017578,101.95500946044922,13));
#55=VERTEX_POINT('',#54);
#56=CARTESIAN_POINT('',(135.96170043945312,102.44170379638672,0));
#57=VERTEX_POINT('',#56);
#58=CARTESIAN_POINT('',(135.96170043945312,102.44170379638672,13));
#59=VERTEX_POINT('',#58);
#60=CARTESIAN_POINT('',(135.47500610351562,102.8151626586914,0));
#61=VERTEX_POINT('',#60);
#62=CARTESIAN_POINT('',(135.47500610351562,102.8151626586914,13));
#63=VERTEX_POINT('',#62);
#64=CARTESIAN_POINT('',(134.90821838378906,103.04993438720703,0));
#65=VERTEX_POINT('',#64);
#66=CARTESIAN_POINT('',(134.90821838378906,103.04993438720703,13));
#67=VERTEX_POINT('',#66);
#68=CARTESIAN_POINT('',(134.3000030517578,103.1300048828125,0));
#69=VERTEX_POINT('',#68);
#70=CARTESIAN_POINT('',(134.3000030517578,103.1300048828125,13));
#71=VERTEX_POINT('',#70);
#72=CARTESIAN_POINT('',(133.6917724609375,103.04993438720703,0));
#73=VERTEX_POINT('',#72);
#74=CARTESIAN_POINT('',(133.6917724609375,103.04993438720703,13));
#75=VERTEX_POINT('',#74);
#76=CARTESIAN_POINT('',(133.125,102.8151626586914,0));
#77=VERTEX_POINT('',#76);
#78=CARTESIAN_POINT('',(133.125,102.8151626586914,13));
#79=VERTEX_POINT('',#78);
#80=CARTESIAN_POINT('',(132.6383056640625,102.44170379638672,0));
#81=VERTEX_POINT('',#80);
#82=CARTESIAN_POINT('',(132.6383056640625,102.44170379638672,13));
#83=VERTEX_POINT('',#82);
#84=CARTESIAN_POINT('',(132.2648468017578,101.95500946044922,0));
#85=VERTEX_POINT('',#84);
#86=CARTESIAN_POINT('',(132.2648468017578,101.95500946044922,13));
#87=VERTEX_POINT('',#86);
#88=CARTESIAN_POINT('',(132.0300750732422,101.38822937011719,0));
#89=VERTEX_POINT('',#88);
#90=CARTESIAN_POINT('',(132.0300750732422,101.38822937011719,13));
#91=VERTEX_POINT('',#90);
#92=CARTESIAN_POINT('',(131.9499969482422,100.7800064086914,0));
#93=VERTEX_POINT('',#92);
#94=CARTESIAN_POINT('',(131.9499969482422,100.7800064086914,13));
#95=VERTEX_POINT('',#94);
#96=CARTESIAN_POINT('',(132.0300750732422,100.17178344726562,0));
#97=VERTEX_POINT('',#96);
#98=CARTESIAN_POINT('',(132.0300750732422,100.17178344726562,13));
#99=VERTEX_POINT('',#98);
#100=CARTESIAN_POINT('',(132.2648468017578,99.6050033569336,0));
#101=VERTEX_POINT('',#100);
#102=CARTESIAN_POINT('',(132.2648468017578,99.6050033569336,13));
#103=VERTEX_POINT('',#102);
#104=CARTESIAN_POINT('',(132.6383056640625,99.1183090209961,0));
#105=VERTEX_POINT('',#104);
#106=CARTESIAN_POINT('',(132.6383056640625,99.1183090209961,13));
#107=VERTEX_POINT('',#106);
#108=CARTESIAN_POINT('',(133.125,98.7448501586914,0));
#109=VERTEX_POINT('',#108);
#110=CARTESIAN_POINT('',(133.125,98.7448501586914,13));
#111=VERTEX_POINT('',#110);
#112=CARTESIAN_POINT('',(133.6917724609375,98.51007843017578,0));
#113=VERTEX_POINT('',#112);
#114=CARTESIAN_POINT('',(133.6917724609375,98.51007843017578,13));
#115=VERTEX_POINT('',#114);
#116=CARTESIAN_POINT('',(134.3000030517578,98.43000793457031,0));
#117=VERTEX_POINT('',#116);
#118=CARTESIAN_POINT('',(134.3000030517578,98.43000793457031,13));
#119=VERTEX_POINT('',#118);
#120=CARTESIAN_POINT('',(134.90821838378906,98.51007843017578,0));
#121=VERTEX_POINT('',#120);
#122=CARTESIAN_POINT('',(134.90821838378906,98.51007843017578,13));
#123=VERTEX_POINT('',#122);
#124=CARTESIAN_POINT('',(135.47500610351562,98.7448501586914,0));
#125=VERTEX_POINT('',#124);
#126=CARTESIAN_POINT('',(135.47500610351562,98.7448501586914,13));
#127=VERTEX_POINT('',#126);
#128=CARTESIAN_POINT('',(135.96170043945312,99.1183090209961,0));
#129=VERTEX_POINT('',#128);
#130=CARTESIAN_POINT('',(135.96170043945312,99.1183090209961,13));
#131=VERTEX_POINT('',#130);
#132=CARTESIAN_POINT('',(136.3351593017578,99.6050033569336,0));
#133=VERTEX_POINT('',#132);
#134=CARTESIAN_POINT('',(136.3351593017578,99.6050033569336,13));
#135=VERTEX_POINT('',#134);
#136=CARTESIAN_POINT('',(136.56993103027344,163.67178344726562,0));
#137=VERTEX_POINT('',#136);
#138=CARTESIAN_POINT('',(136.56993103027344,163.67178344726562,13));
#139=VERTEX_POINT('',#138);
#140=CARTESIAN_POINT('',(136.64999389648438,164.27999877929688,0));
#141=VERTEX_POINT('',#140);
#142=CARTESIAN_POINT('',(136.64999389648438,164.27999877929688,13));
#143=VERTEX_POINT('',#142);
#144=CARTESIAN_POINT('',(136.56993103027344,164.8882293701172,0));
#145=VERTEX_POINT('',#144);
#146=CARTESIAN_POINT('',(136.56993103027344,164.8882293701172,13));
#147=VERTEX_POINT('',#146);
#148=CARTESIAN_POINT('',(136.3351593017578,165.4550018310547,0));
#149=VERTEX_POINT('',#148);
#150=CARTESIAN_POINT('',(136.3351593017578,165.4550018310547,13));
#151=VERTEX_POINT('',#150);
#152=CARTESIAN_POINT('',(135.96170043945312,165.94171142578125,0));
#153=VERTEX_POINT('',#152);
#154=CARTESIAN_POINT('',(135.96170043945312,165.94171142578125,13));
#155=VERTEX_POINT('',#154);
#156=CARTESIAN_POINT('',(135.47500610351562,166.31517028808594,0));
#157=VERTEX_POINT('',#156);
#158=CARTESIAN_POINT('',(135.47500610351562,166.31517028808594,13));
#159=VERTEX_POINT('',#158);
#160=CARTESIAN_POINT('',(134.90821838378906,166.5499267578125,0));
#161=VERTEX_POINT('',#160);
#162=CARTESIAN_POINT('',(134.90821838378906,166.5499267578125,13));
#163=VERTEX_POINT('',#162);
#164=CARTESIAN_POINT('',(134.3000030517578,166.6300048828125,0));
#165=VERTEX_POINT('',#164);
#166=CARTESIAN_POINT('',(134.3000030517578,166.6300048828125,13));
#167=VERTEX_POINT('',#166);
#168=CARTESIAN_POINT('',(133.6917724609375,166.5499267578125,0));
#169=VERTEX_POINT('',#168);
#170=CARTESIAN_POINT('',(133.6917724609375,166.5499267578125,13));
#171=VERTEX_POINT('',#170);
#172=CARTESIAN_POINT('',(133.125,166.31517028808594,0));
#173=VERTEX_POINT('',#172);
#174=CARTESIAN_POINT('',(133.125,166.31517028808594,13));
#175=VERTEX_POINT('',#174);
#176=CARTESIAN_POINT('',(132.6383056640625,165.94171142578125,0));
#177=VERTEX_POINT('',#176);
#178=CARTESIAN_POINT('',(132.6383056640625,165.94171142578125,13));
#179=VERTEX_POINT('',#178);
#180=CARTESIAN_POINT('',(132.2648468017578,165.4550018310547,0));
#181=VERTEX_POINT('',#180);
#182=CARTESIAN_POINT('',(132.2648468017578,165.4550018310547,13));
#183=VERTEX_POINT('',#182);
#184=CARTESIAN_POINT('',(132.0300750732422,164.8882293701172,0));
#185=VERTEX_POINT('',#184);
#186=CARTESIAN_POINT('',(132.0300750732422,164.8882293701172,13));
#187=VERTEX_POINT('',#186);
#188=CARTESIAN_POINT('',(131.9499969482422,164.27999877929688,0));
#189=VERTEX_POINT('',#188);
#190=CARTESIAN_POINT('',(131.9499969482422,164.27999877929688,13));
#191=VERTEX_POINT('',#190);
#192=CARTESIAN_POINT('',(132.0300750732422,163.67178344726562,0));
#193=VERTEX_POINT('',#192);
#194=CARTESIAN_POINT('',(132.0300750732422,163.67178344726562,13));
#195=VERTEX_POINT('',#194);
#196=CARTESIAN_POINT('',(132.2648468017578,163.10501098632812,0));
#197=VERTEX_POINT('',#196);
#198=CARTESIAN_POINT('',(132.2648468017578,163.10501098632812,13));
#199=VERTEX_POINT('',#198);
#200=CARTESIAN_POINT('',(132.6383056640625,162.61830139160156,0));
#201=VERTEX_POINT('',#200);
#202=CARTESIAN_POINT('',(132.6383056640625,162.61830139160156,13));
#203=VERTEX_POINT('',#202);
#204=CARTESIAN_POINT('',(133.125,162.24484252929688,0));
#205=VERTEX_POINT('',#204);
#206=CARTESIAN_POINT('',(133.125,162.24484252929688,13));
#207=VERTEX_POINT('',#206);
#208=CARTESIAN_POINT('',(133.6917724609375,162.0100860595703,0));
#209=VERTEX_POINT('',#208);
#210=CARTESIAN_POINT('',(133.6917724609375,162.0100860595703,13));
#211=VERTEX_POINT('',#210);
#212=CARTESIAN_POINT('',(134.3000030517578,161.9300079345703,0));
#213=VERTEX_POINT('',#212);
#214=CARTESIAN_POINT('',(134.3000030517578,161.9300079345703,13));
#215=VERTEX_POINT('',#214);
#216=CARTESIAN_POINT('',(134.90821838378906,162.0100860595703,0));
#217=VERTEX_POINT('',#216);
#218=CARTESIAN_POINT('',(134.90821838378906,162.0100860595703,13));
#219=VERTEX_POINT('',#218);
#220=CARTESIAN_POINT('',(135.47500610351562,162.24484252929688,0));
#221=VERTEX_POINT('',#220);
#222=CARTESIAN_POINT('',(135.47500610351562,162.24484252929688,13));
#223=VERTEX_POINT('',#222);
#224=CARTESIAN_POINT('',(135.96170043945312,162.61830139160156,0));
#225=VERTEX_POINT('',#224);
#226=CARTESIAN_POINT('',(135.96170043945312,162.61830139160156,13));
#227=VERTEX_POINT('',#226);
#228=CARTESIAN_POINT('',(136.3351593017578,163.10501098632812,0));
#229=VERTEX_POINT('',#228);
#230=CARTESIAN_POINT('',(136.3351593017578,163.10501098632812,13));
#231=VERTEX_POINT('',#230);
#232=CARTESIAN_POINT('',(41.169925689697266,100.17178344726562,0));
#233=VERTEX_POINT('',#232);
#234=CARTESIAN_POINT('',(41.169925689697266,100.17178344726562,13));
#235=VERTEX_POINT('',#234);
#236=CARTESIAN_POINT('',(41.25,100.7800064086914,0));
#237=VERTEX_POINT('',#236);
#238=CARTESIAN_POINT('',(41.25,100.7800064086914,13));
#239=VERTEX_POINT('',#238);
#240=CARTESIAN_POINT('',(41.169925689697266,101.38822937011719,0));
#241=VERTEX_POINT('',#240);
#242=CARTESIAN_POINT('',(41.169925689697266,101.38822937011719,13));
#243=VERTEX_POINT('',#242);
#244=CARTESIAN_POINT('',(40.93516159057617,101.95500946044922,0));
#245=VERTEX_POINT('',#244);
#246=CARTESIAN_POINT('',(40.93516159057617,101.95500946044922,13));
#247=VERTEX_POINT('',#246);
#248=CARTESIAN_POINT('',(40.561702728271484,102.44170379638672,0));
#249=VERTEX_POINT('',#248);
#250=CARTESIAN_POINT('',(40.561702728271484,102.44170379638672,13));
#251=VERTEX_POINT('',#250);
#252=CARTESIAN_POINT('',(40.07500076293945,102.8151626586914,0));
#253=VERTEX_POINT('',#252);
#254=CARTESIAN_POINT('',(40.07500076293945,102.8151626586914,13));
#255=VERTEX_POINT('',#254);
#256=CARTESIAN_POINT('',(39.50822448730469,103.04993438720703,0));
#257=VERTEX_POINT('',#256);
#258=CARTESIAN_POINT('',(39.50822448730469,103.04993438720703,13));
#259=VERTEX_POINT('',#258);
#260=CARTESIAN_POINT('',(38.900001525878906,103.1300048828125,0));
#261=VERTEX_POINT('',#260);
#262=CARTESIAN_POINT('',(38.900001525878906,103.1300048828125,13));
#263=VERTEX_POINT('',#262);
#264=CARTESIAN_POINT('',(38.29177474975586,103.04993438720703,0));
#265=VERTEX_POINT('',#264);
#266=CARTESIAN_POINT('',(38.29177474975586,103.04993438720703,13));
#267=VERTEX_POINT('',#266);
#268=CARTESIAN_POINT('',(37.72500228881836,102.8151626586914,0));
#269=VERTEX_POINT('',#268);
#270=CARTESIAN_POINT('',(37.72500228881836,102.8151626586914,13));
#271=VERTEX_POINT('',#270);
#272=CARTESIAN_POINT('',(37.23830032348633,102.44170379638672,0));
#273=VERTEX_POINT('',#272);
#274=CARTESIAN_POINT('',(37.23830032348633,102.44170379638672,13));
#275=VERTEX_POINT('',#274);
#276=CARTESIAN_POINT('',(36.86484146118164,101.95500946044922,0));
#277=VERTEX_POINT('',#276);
#278=CARTESIAN_POINT('',(36.86484146118164,101.95500946044922,13));
#279=VERTEX_POINT('',#278);
#280=CARTESIAN_POINT('',(36.63007354736328,101.38822937011719,0));
#281=VERTEX_POINT('',#280);
#282=CARTESIAN_POINT('',(36.63007354736328,101.38822937011719,13));
#283=VERTEX_POINT('',#282);
#284=CARTESIAN_POINT('',(36.54999923706055,100.7800064086914,0));
#285=VERTEX_POINT('',#284);
#286=CARTESIAN_POINT('',(36.54999923706055,100.7800064086914,13));
#287=VERTEX_POINT('',#286);
#288=CARTESIAN_POINT('',(36.63007354736328,100.17178344726562,0));
#289=VERTEX_POINT('',#288);
#290=CARTESIAN_POINT('',(36.63007354736328,100.17178344726562,13));
#291=VERTEX_POINT('',#290);
#292=CARTESIAN_POINT('',(36.86484146118164,99.6050033569336,0));
#293=VERTEX_POINT('',#292);
#294=CARTESIAN_POINT('',(36.86484146118164,99.6050033569336,13));
#295=VERTEX_POINT('',#294);
#296=CARTESIAN_POINT('',(37.23830032348633,99.1183090209961,0));
#297=VERTEX_POINT('',#296);
#298=CARTESIAN_POINT('',(37.23830032348633,99.1183090209961,13));
#299=VERTEX_POINT('',#298);
#300=CARTESIAN_POINT('',(37.72500228881836,98.7448501586914,0));
#301=VERTEX_POINT('',#300);
#302=CARTESIAN_POINT('',(37.72500228881836,98.7448501586914,13));
#303=VERTEX_POINT('',#302);
#304=CARTESIAN_POINT('',(38.29177474975586,98.51007843017578,0));
#305=VERTEX_POINT('',#304);
#306=CARTESIAN_POINT('',(38.29177474975586,98.51007843017578,13));
#307=VERTEX_POINT('',#306);
#308=CARTESIAN_POINT('',(38.900001525878906,98.43000793457031,0));
#309=VERTEX_POINT('',#308);
#310=CARTESIAN_POINT('',(38.900001525878906,98.43000793457031,13));
#311=VERTEX_POINT('',#310);
#312=CARTESIAN_POINT('',(39.50822448730469,98.51007843017578,0));
#313=VERTEX_POINT('',#312);
#314=CARTESIAN_POINT('',(39.50822448730469,98.51007843017578,13));
#315=VERTEX_POINT('',#314);
#316=CARTESIAN_POINT('',(40.07500076293945,98.7448501586914,0));
#317=VERTEX_POINT('',#316);
#318=CARTESIAN_POINT('',(40.07500076293945,98.7448501586914,13));
#319=VERTEX_POINT('',#318);
#320=CARTESIAN_POINT('',(40.561702728271484,99.1183090209961,0));
#321=VERTEX_POINT('',#320);
#322=CARTESIAN_POINT('',(40.561702728271484,99.1183090209961,13));
#323=VERTEX_POINT('',#322);
#324=CARTESIAN_POINT('',(40.93516159057617,99.6050033569336,0));
#325=VERTEX_POINT('',#324);
#326=CARTESIAN_POINT('',(40.93516159057617,99.6050033569336,13));
#327=VERTEX_POINT('',#326);
#328=CARTESIAN_POINT('',(41.169925689697266,163.67178344726562,0));
#329=VERTEX_POINT('',#328);
#330=CARTESIAN_POINT('',(41.169925689697266,163.67178344726562,13));
#331=VERTEX_POINT('',#330);
#332=CARTESIAN_POINT('',(41.25,164.27999877929688,0));
#333=VERTEX_POINT('',#332);
#334=CARTESIAN_POINT('',(41.25,164.27999877929688,13));
#335=VERTEX_POINT('',#334);
#336=CARTESIAN_POINT('',(41.169925689697266,164.8882293701172,0));
#337=VERTEX_POINT('',#336);
#338=CARTESIAN_POINT('',(41.169925689697266,164.8882293701172,13));
#339=VERTEX_POINT('',#338);
#340=CARTESIAN_POINT('',(40.93516159057617,165.4550018310547,0));
#341=VERTEX_POINT('',#340);
#342=CARTESIAN_POINT('',(40.93516159057617,165.4550018310547,13));
#343=VERTEX_POINT('',#342);
#344=CARTESIAN_POINT('',(40.561702728271484,165.94171142578125,0));
#345=VERTEX_POINT('',#344);
#346=CARTESIAN_POINT('',(40.561702728271484,165.94171142578125,13));
#347=VERTEX_POINT('',#346);
#348=CARTESIAN_POINT('',(40.07500076293945,166.31517028808594,0));
#349=VERTEX_POINT('',#348);
#350=CARTESIAN_POINT('',(40.07500076293945,166.31517028808594,13));
#351=VERTEX_POINT('',#350);
#352=CARTESIAN_POINT('',(39.50822448730469,166.5499267578125,0));
#353=VERTEX_POINT('',#352);
#354=CARTESIAN_POINT('',(39.50822448730469,166.5499267578125,13));
#355=VERTEX_POINT('',#354);
#356=CARTESIAN_POINT('',(38.900001525878906,166.6300048828125,0));
#357=VERTEX_POINT('',#356);
#358=CARTESIAN_POINT('',(38.900001525878906,166.6300048828125,13));
#359=VERTEX_POINT('',#358);
#360=CARTESIAN_POINT('',(38.29177474975586,166.5499267578125,0));
#361=VERTEX_POINT('',#360);
#362=CARTESIAN_POINT('',(38.29177474975586,166.5499267578125,13));
#363=VERTEX_POINT('',#362);
#364=CARTESIAN_POINT('',(37.72500228881836,166.31517028808594,0));
#365=VERTEX_POINT('',#364);
#366=CARTESIAN_POINT('',(37.72500228881836,166.31517028808594,13));
#367=VERTEX_POINT('',#366);
#368=CARTESIAN_POINT('',(37.23830032348633,165.94171142578125,0));
#369=VERTEX_POINT('',#368);
#370=CARTESIAN_POINT('',(37.23830032348633,165.94171142578125,13));
#371=VERTEX_POINT('',#370);
#372=CARTESIAN_POINT('',(36.86484146118164,165.4550018310547,0));
#373=VERTEX_POINT('',#372);
#374=CARTESIAN_POINT('',(36.86484146118164,165.4550018310547,13));
#375=VERTEX_POINT('',#374);
#376=CARTESIAN_POINT('',(36.63007354736328,164.8882293701172,0));
#377=VERTEX_POINT('',#376);
#378=CARTESIAN_POINT('',(36.63007354736328,164.8882293701172,13));
#379=VERTEX_POINT('',#378);
#380=CARTESIAN_POINT('',(36.54999923706055,164.27999877929688,0));
#381=VERTEX_POINT('',#380);
#382=CARTESIAN_POINT('',(36.54999923706055,164.27999877929688,13));
#383=VERTEX_POINT('',#382);
#384=CARTESIAN_POINT('',(36.63007354736328,163.67178344726562,0));
#385=VERTEX_POINT('',#384);
#386=CARTESIAN_POINT('',(36.63007354736328,163.67178344726562,13));
#387=VERTEX_POINT('',#386);
#388=CARTESIAN_POINT('',(36.86484146118164,163.10501098632812,0));
#389=VERTEX_POINT('',#388);
#390=CARTESIAN_POINT('',(36.86484146118164,163.10501098632812,13));
#391=VERTEX_POINT('',#390);
#392=CARTESIAN_POINT('',(37.23830032348633,162.61830139160156,0));
#393=VERTEX_POINT('',#392);
#394=CARTESIAN_POINT('',(37.23830032348633,162.61830139160156,13));
#395=VERTEX_POINT('',#394);
#396=CARTESIAN_POINT('',(37.72500228881836,162.24484252929688,0));
#397=VERTEX_POINT('',#396);
#398=CARTESIAN_POINT('',(37.72500228881836,162.24484252929688,13));
#399=VERTEX_POINT('',#398);
#400=CARTESIAN_POINT('',(38.29177474975586,162.0100860595703,0));
#401=VERTEX_POINT('',#400);
#402=CARTESIAN_POINT('',(38.29177474975586,162.0100860595703,13));
#403=VERTEX_POINT('',#402);
#404=CARTESIAN_POINT('',(38.900001525878906,161.9300079345703,0));
#405=VERTEX_POINT('',#404);
#406=CARTESIAN_POINT('',(38.900001525878906,161.9300079345703,13));
#407=VERTEX_POINT('',#406);
#408=CARTESIAN_POINT('',(39.50822448730469,162.0100860595703,0));
#409=VERTEX_POINT('',#408);
#410=CARTESIAN_POINT('',(39.50822448730469,162.0100860595703,13));
#411=VERTEX_POINT('',#410);
#412=CARTESIAN_POINT('',(40.07500076293945,162.24484252929688,0));
#413=VERTEX_POINT('',#412);
#414=CARTESIAN_POINT('',(40.07500076293945,162.24484252929688,13));
#415=VERTEX_POINT('',#414);
#416=CARTESIAN_POINT('',(40.561702728271484,162.61830139160156,0));
#417=VERTEX_POINT('',#416);
#418=CARTESIAN_POINT('',(40.561702728271484,162.61830139160156,13));
#419=VERTEX_POINT('',#418);
#420=CARTESIAN_POINT('',(40.93516159057617,163.10501098632812,0));
#421=VERTEX_POINT('',#420);
#422=CARTESIAN_POINT('',(40.93516159057617,163.10501098632812,13));
#423=VERTEX_POINT('',#422);
#424=CARTESIAN_POINT('',(109.74673461914062,159.27999877929688,3.6141955852508545));
#425=VERTEX_POINT('',#424);
#426=CARTESIAN_POINT('',(109.74673461914062,159.27999877929688,6.614459037780762));
#427=VERTEX_POINT('',#426);
#428=CARTESIAN_POINT('',(109.74673461914062,169.27999877929688,3.6141955852508545));
#429=VERTEX_POINT('',#428);
#430=CARTESIAN_POINT('',(109.74673461914062,169.27999877929688,6.614459037780762));
#431=VERTEX_POINT('',#430);
#432=CARTESIAN_POINT('',(100.9462890625,159.27999877929688,3.6141955852508545));
#433=VERTEX_POINT('',#432);
#434=CARTESIAN_POINT('',(100.9462890625,169.27999877929688,3.6141955852508545));
#435=VERTEX_POINT('',#434);
#436=CARTESIAN_POINT('',(100.9462890625,159.27999877929688,6.614459037780762));
#437=VERTEX_POINT('',#436);
#438=CARTESIAN_POINT('',(100.9462890625,169.27999877929688,6.614459037780762));
#439=VERTEX_POINT('',#438);
#440=CARTESIAN_POINT('',(129.3000030517578,159.27999877929688,3));
#441=VERTEX_POINT('',#440);
#442=CARTESIAN_POINT('',(129.3000030517578,105.7800064086914,3));
#443=VERTEX_POINT('',#442);
#444=CARTESIAN_POINT('',(129.3000030517578,159.27999877929688,13));
#445=VERTEX_POINT('',#444);
#446=CARTESIAN_POINT('',(129.3000030517578,105.7800064086914,13));
#447=VERTEX_POINT('',#446);
#448=CARTESIAN_POINT('',(43.900001525878906,105.7800064086914,3));
#449=VERTEX_POINT('',#448);
#450=CARTESIAN_POINT('',(43.900001525878906,105.7800064086914,13));
#451=VERTEX_POINT('',#450);
#452=CARTESIAN_POINT('',(43.900001525878906,159.27999877929688,3));
#453=VERTEX_POINT('',#452);
#454=CARTESIAN_POINT('',(43.900001525878906,159.27999877929688,13));
#455=VERTEX_POINT('',#454);
#456=CARTESIAN_POINT('',(33.900001525878906,169.27999877929688,0));
#457=VERTEX_POINT('',#456);
#458=CARTESIAN_POINT('',(33.900001525878906,95.7800064086914,0));
#459=VERTEX_POINT('',#458);
#460=CARTESIAN_POINT('',(33.900001525878906,169.27999877929688,13));
#461=VERTEX_POINT('',#460);
#462=CARTESIAN_POINT('',(33.900001525878906,95.7800064086914,13));
#463=VERTEX_POINT('',#462);
#464=CARTESIAN_POINT('',(139.3000030517578,169.27999877929688,13));
#465=VERTEX_POINT('',#464);
#466=CARTESIAN_POINT('',(139.3000030517578,169.27999877929688,0));
#467=VERTEX_POINT('',#466);
#468=CARTESIAN_POINT('',(139.3000030517578,95.7800064086914,0));
#469=VERTEX_POINT('',#468);
#470=CARTESIAN_POINT('',(139.3000030517578,95.7800064086914,13));
#471=VERTEX_POINT('',#470);
#472=STYLED_ITEM('',(#25),#473);
#473=FACE_SURFACE('',(#478),#474,.T.);
#474=PLANE('',#475);
#475=AXIS2_PLACEMENT_3D('',#40,#476,#477);
#476=DIRECTION('',(-0.991447225028949,0.1305082372204788,0));
#477=DIRECTION('',(0,0,1));
#478=FACE_BOUND('',#479,.T.);
#479=EDGE_LOOP('',(#480,#481,#482));
#480=ORIENTED_EDGE('',*,*,#483,.T.);
#481=ORIENTED_EDGE('',*,*,#484,.T.);
#482=ORIENTED_EDGE('',*,*,#485,.T.);
#483=EDGE_CURVE('',#41,#43,#486,.F.);
#484=EDGE_CURVE('',#43,#45,#487,.T.);
#485=EDGE_CURVE('',#45,#41,#488,.T.);
#486=LINE('',#40,#489);
#487=LINE('',#42,#490);
#488=LINE('',#44,#491);
#489=VECTOR('',#492,1.0);
#490=VECTOR('',#493,1.0);
#491=VECTOR('',#494,1.0);
#492=DIRECTION('',(0,0,1));
#493=DIRECTION('',(0.006151836079293065,0.046734374316497275,-0.9988884087675155));
#494=DIRECTION('',(-0.13050823722047877,-0.9914472250289488,0));
#495=FACE_SURFACE('',(#500),#496,.T.);
#496=PLANE('',#497);
#497=AXIS2_PLACEMENT_3D('',#44,#498,#499);
#498=DIRECTION('',(-0.991447225028949,0.1305082372204788,0));
#499=DIRECTION('',(-0.006151836079293065,-0.046734374316497275,0.9988884087675155));
#500=FACE_BOUND('',#501,.T.);
#501=EDGE_LOOP('',(#502,#503,#504));
#502=ORIENTED_EDGE('',*,*,#505,.T.);
#503=ORIENTED_EDGE('',*,*,#506,.T.);
#504=ORIENTED_EDGE('',*,*,#507,.T.);
#505=EDGE_CURVE('',#45,#43,#508,.F.);
#506=EDGE_CURVE('',#43,#47,#509,.T.);
#507=EDGE_CURVE('',#47,#45,#510,.T.);
#508=LINE('',#44,#511);
#509=LINE('',#42,#512);
#510=LINE('',#46,#513);
#511=VECTOR('',#514,1.0);
#512=VECTOR('',#515,1.0);
#513=VECTOR('',#516,1.0);
#514=DIRECTION('',(-0.006151836079293065,-0.046734374316497275,0.9988884087675155));
#515=DIRECTION('',(0.13050823722047877,0.9914472250289488,0));
#516=DIRECTION('',(0,0,-1));
#517=FACE_SURFACE('',(#522),#518,.T.);
#518=PLANE('',#519);
#519=AXIS2_PLACEMENT_3D('',#44,#520,#521);
#520=DIRECTION('',(-0.991447225028949,-0.1305082372204788,0));
#521=DIRECTION('',(0,0,1));
#522=FACE_BOUND('',#523,.T.);
#523=EDGE_LOOP('',(#524,#525,#526));
#524=ORIENTED_EDGE('',*,*,#527,.T.);
#525=ORIENTED_EDGE('',*,*,#528,.T.);
#526=ORIENTED_EDGE('',*,*,#529,.T.);
#527=EDGE_CURVE('',#45,#47,#530,.F.);
#528=EDGE_CURVE('',#47,#49,#531,.T.);
#529=EDGE_CURVE('',#49,#45,#532,.T.);
#530=LINE('',#44,#533);
#531=LINE('',#46,#534);
#532=LINE('',#48,#535);
#533=VECTOR('',#536,1.0);
#534=VECTOR('',#537,1.0);
#535=VECTOR('',#538,1.0);
#536=DIRECTION('',(0,0,1));
#537=DIRECTION('',(-0.006151836079293065,0.046734374316497275,-0.9988884087675155));
#538=DIRECTION('',(0.13050823722047877,-0.9914472250289488,0));
#539=FACE_SURFACE('',(#544),#540,.T.);
#540=PLANE('',#541);
#541=AXIS2_PLACEMENT_3D('',#48,#542,#543);
#542=DIRECTION('',(-0.991447225028949,-0.1305082372204788,0));
#543=DIRECTION('',(0.006151836079293065,-0.046734374316497275,0.9988884087675155));
#544=FACE_BOUND('',#545,.T.);
#545=EDGE_LOOP('',(#546,#547,#548));
#546=ORIENTED_EDGE('',*,*,#549,.T.);
#547=ORIENTED_EDGE('',*,*,#550,.T.);
#548=ORIENTED_EDGE('',*,*,#551,.T.);
#549=EDGE_CURVE('',#49,#47,#552,.F.);
#550=EDGE_CURVE('',#47,#51,#553,.T.);
#551=EDGE_CURVE('',#51,#49,#554,.T.);
#552=LINE('',#48,#555);
#553=LINE('',#46,#556);
#554=LINE('',#50,#557);
#555=VECTOR('',#558,1.0);
#556=VECTOR('',#559,1.0);
#557=VECTOR('',#560,1.0);
#558=DIRECTION('',(0.006151836079293065,-0.046734374316497275,0.9988884087675155));
#559=DIRECTION('',(-0.13050823722047877,0.9914472250289488,0));
#560=DIRECTION('',(0,0,-1));
#561=FACE_SURFACE('',(#566),#562,.T.);
#562=PLANE('',#563);
#563=AXIS2_PLACEMENT_3D('',#48,#564,#565);
#564=DIRECTION('',(-0.9238773838948787,-0.38268861954277494,0));
#565=DIRECTION('',(0,0,1));
#566=FACE_BOUND('',#567,.T.);
#567=EDGE_LOOP('',(#568,#569,#570));
#568=ORIENTED_EDGE('',*,*,#571,.T.);
#569=ORIENTED_EDGE('',*,*,#572,.T.);
#570=ORIENTED_EDGE('',*,*,#573,.T.);
#571=EDGE_CURVE('',#49,#51,#574,.F.);
#572=EDGE_CURVE('',#51,#53,#575,.T.);
#573=EDGE_CURVE('',#53,#49,#576,.T.);
#574=LINE('',#48,#577);
#575=LINE('',#50,#578);
#576=LINE('',#52,#579);
#577=VECTOR('',#580,1.0);
#578=VECTOR('',#581,1.0);
#579=VECTOR('',#582,1.0);
#580=DIRECTION('',(0,0,1));
#581=DIRECTION('',(-0.018039288451802832,0.04355000324307749,-0.9988883727873102));
#582=DIRECTION('',(0.382688619542775,-0.9238773838948788,0));
#583=FACE_SURFACE('',(#588),#584,.T.);
#584=PLANE('',#585);
#585=AXIS2_PLACEMENT_3D('',#52,#586,#587);
#586=DIRECTION('',(-0.9238773838948787,-0.38268861954277494,0));
#587=DIRECTION('',(0.018039288451802832,-0.04355000324307749,0.9988883727873102));
#588=FACE_BOUND('',#589,.T.);
#589=EDGE_LOOP('',(#590,#591,#592));
#590=ORIENTED_EDGE('',*,*,#593,.T.);
#591=ORIENTED_EDGE('',*,*,#594,.T.);
#592=ORIENTED_EDGE('',*,*,#595,.T.);
#593=EDGE_CURVE('',#53,#51,#596,.F.);
#594=EDGE_CURVE('',#51,#55,#597,.T.);
#595=EDGE_CURVE('',#55,#53,#598,.T.);
#596=LINE('',#52,#599);
#597=LINE('',#50,#600);
#598=LINE('',#54,#601);
#599=VECTOR('',#602,1.0);
#600=VECTOR('',#603,1.0);
#601=VECTOR('',#604,1.0);
#602=DIRECTION('',(0.018039288451802832,-0.04355000324307749,0.9988883727873102));
#603=DIRECTION('',(-0.382688619542775,0.9238773838948788,0));
#604=DIRECTION('',(0,0,-1));
#605=FACE_SURFACE('',(#610),#606,.T.);
#606=PLANE('',#607);
#607=AXIS2_PLACEMENT_3D('',#52,#608,#609);
#608=DIRECTION('',(-0.7933492752661907,-0.6087667266158772,0));
#609=DIRECTION('',(0,0,1));
#610=FACE_BOUND('',#611,.T.);
#611=EDGE_LOOP('',(#612,#613,#614));
#612=ORIENTED_EDGE('',*,*,#615,.T.);
#613=ORIENTED_EDGE('',*,*,#616,.T.);
#614=ORIENTED_EDGE('',*,*,#617,.T.);
#615=EDGE_CURVE('',#53,#55,#618,.F.);
#616=EDGE_CURVE('',#55,#57,#619,.T.);
#617=EDGE_CURVE('',#57,#53,#620,.T.);
#618=LINE('',#52,#621);
#619=LINE('',#54,#622);
#620=LINE('',#56,#623);
#621=VECTOR('',#624,1.0);
#622=VECTOR('',#625,1.0);
#623=VECTOR('',#626,1.0);
#624=DIRECTION('',(0,0,1));
#625=DIRECTION('',(-0.028695671636838,0.03739641031781756,-0.9988884156524452));
#626=DIRECTION('',(0.608766726615877,-0.7933492752661906,0));
#627=FACE_SURFACE('',(#632),#628,.T.);
#628=PLANE('',#629);
#629=AXIS2_PLACEMENT_3D('',#56,#630,#631);
#630=DIRECTION('',(-0.7933492752661907,-0.6087667266158772,0));
#631=DIRECTION('',(0.028695671636838,-0.03739641031781756,0.9988884156524452));
#632=FACE_BOUND('',#633,.T.);
#633=EDGE_LOOP('',(#634,#635,#636));
#634=ORIENTED_EDGE('',*,*,#637,.T.);
#635=ORIENTED_EDGE('',*,*,#638,.T.);
#636=ORIENTED_EDGE('',*,*,#639,.T.);
#637=EDGE_CURVE('',#57,#55,#640,.F.);
#638=EDGE_CURVE('',#55,#59,#641,.T.);
#639=EDGE_CURVE('',#59,#57,#642,.T.);
#640=LINE('',#56,#643);
#641=LINE('',#54,#644);
#642=LINE('',#58,#645);
#643=VECTOR('',#646,1.0);
#644=VECTOR('',#647,1.0);
#645=VECTOR('',#648,1.0);
#646=DIRECTION('',(0.028695671636838,-0.03739641031781756,0.9988884156524452));
#647=DIRECTION('',(-0.608766726615877,0.7933492752661906,0));
#648=DIRECTION('',(0,0,-1));
#649=FACE_SURFACE('',(#654),#650,.T.);
#650=PLANE('',#651);
#651=AXIS2_PLACEMENT_3D('',#56,#652,#653);
#652=DIRECTION('',(-0.6087667266158772,-0.7933492752661907,0));
#653=DIRECTION('',(0,0,1));
#654=FACE_BOUND('',#655,.T.);
#655=EDGE_LOOP('',(#656,#657,#658));
#656=ORIENTED_EDGE('',*,*,#659,.T.);
#657=ORIENTED_EDGE('',*,*,#660,.T.);
#658=ORIENTED_EDGE('',*,*,#661,.T.);
#659=EDGE_CURVE('',#57,#59,#662,.F.);
#660=EDGE_CURVE('',#59,#61,#663,.T.);
#661=EDGE_CURVE('',#61,#57,#664,.T.);
#662=LINE('',#56,#665);
#663=LINE('',#58,#666);
#664=LINE('',#60,#667);
#665=VECTOR('',#668,1.0);
#666=VECTOR('',#669,1.0);
#667=VECTOR('',#670,1.0);
#668=DIRECTION('',(0,0,1));
#669=DIRECTION('',(-0.03739641031781756,0.028695671636838,-0.9988884156524452));
#670=DIRECTION('',(0.7933492752661906,-0.608766726615877,0));
#671=FACE_SURFACE('',(#676),#672,.T.);
#672=PLANE('',#673);
#673=AXIS2_PLACEMENT_3D('',#60,#674,#675);
#674=DIRECTION('',(-0.6087667266158772,-0.7933492752661907,0));
#675=DIRECTION('',(0.03739641031781756,-0.028695671636838,0.9988884156524452));
#676=FACE_BOUND('',#677,.T.);
#677=EDGE_LOOP('',(#678,#679,#680));
#678=ORIENTED_EDGE('',*,*,#681,.T.);
#679=ORIENTED_EDGE('',*,*,#682,.T.);
#680=ORIENTED_EDGE('',*,*,#683,.T.);
#681=EDGE_CURVE('',#61,#59,#684,.F.);
#682=EDGE_CURVE('',#59,#63,#685,.T.);
#683=EDGE_CURVE('',#63,#61,#686,.T.);
#684=LINE('',#60,#687);
#685=LINE('',#58,#688);
#686=LINE('',#62,#689);
#687=VECTOR('',#690,1.0);
#688=VECTOR('',#691,1.0);
#689=VECTOR('',#692,1.0);
#690=DIRECTION('',(0.03739641031781756,-0.028695671636838,0.9988884156524452));
#691=DIRECTION('',(-0.7933492752661906,0.608766726615877,0));
#692=DIRECTION('',(0,0,-1));
#693=FACE_SURFACE('',(#698),#694,.T.);
#694=PLANE('',#695);
#695=AXIS2_PLACEMENT_3D('',#60,#696,#697);
#696=DIRECTION('',(-0.38268422265738905,-0.9238792051611021,0));
#697=DIRECTION('',(0,0,1));
#698=FACE_BOUND('',#699,.T.);
#699=EDGE_LOOP('',(#700,#701,#702));
#700=ORIENTED_EDGE('',*,*,#703,.T.);
#701=ORIENTED_EDGE('',*,*,#704,.T.);
#702=ORIENTED_EDGE('',*,*,#705,.T.);
#703=EDGE_CURVE('',#61,#63,#706,.F.);
#704=EDGE_CURVE('',#63,#65,#707,.T.);
#705=EDGE_CURVE('',#65,#61,#708,.T.);
#706=LINE('',#60,#709);
#707=LINE('',#62,#710);
#708=LINE('',#64,#711);
#709=VECTOR('',#712,1.0);
#710=VECTOR('',#713,1.0);
#711=VECTOR('',#714,1.0);
#712=DIRECTION('',(0,0,1));
#713=DIRECTION('',(-0.04355058835533532,0.018039287991255596,-0.9988883472854575));
#714=DIRECTION('',(0.9238792051611022,-0.3826842226573891,0));
#715=FACE_SURFACE('',(#720),#716,.T.);
#716=PLANE('',#717);
#717=AXIS2_PLACEMENT_3D('',#64,#718,#719);
#718=DIRECTION('',(-0.38268422265738905,-0.9238792051611021,0));
#719=DIRECTION('',(0.04355058835533532,-0.018039287991255596,0.9988883472854575));
#720=FACE_BOUND('',#721,.T.);
#721=EDGE_LOOP('',(#722,#723,#724));
#722=ORIENTED_EDGE('',*,*,#725,.T.);
#723=ORIENTED_EDGE('',*,*,#726,.T.);
#724=ORIENTED_EDGE('',*,*,#727,.T.);
#725=EDGE_CURVE('',#65,#63,#728,.F.);
#726=EDGE_CURVE('',#63,#67,#729,.T.);
#727=EDGE_CURVE('',#67,#65,#730,.T.);
#728=LINE('',#64,#731);
#729=LINE('',#62,#732);
#730=LINE('',#66,#733);
#731=VECTOR('',#734,1.0);
#732=VECTOR('',#735,1.0);
#733=VECTOR('',#736,1.0);
#734=DIRECTION('',(0.04355058835533532,-0.018039287991255596,0.9988883472854575));
#735=DIRECTION('',(-0.9238792051611022,0.3826842226573891,0));
#736=DIRECTION('',(0,0,-1));
#737=FACE_SURFACE('',(#742),#738,.T.);
#738=PLANE('',#739);
#739=AXIS2_PLACEMENT_3D('',#64,#740,#741);
#740=DIRECTION('',(-0.1305220711746873,-0.9914454039110121,0));
#741=DIRECTION('',(0,0,1));
#742=FACE_BOUND('',#743,.T.);
#743=EDGE_LOOP('',(#744,#745,#746));
#744=ORIENTED_EDGE('',*,*,#747,.T.);
#745=ORIENTED_EDGE('',*,*,#748,.T.);
#746=ORIENTED_EDGE('',*,*,#749,.T.);
#747=EDGE_CURVE('',#65,#67,#750,.F.);
#748=EDGE_CURVE('',#67,#69,#751,.T.);
#749=EDGE_CURVE('',#69,#65,#752,.T.);
#750=LINE('',#64,#753);
#751=LINE('',#66,#754);
#752=LINE('',#68,#755);
#753=VECTOR('',#756,1.0);
#754=VECTOR('',#757,1.0);
#755=VECTOR('',#758,1.0);
#756=DIRECTION('',(0,0,1));
#757=DIRECTION('',(-0.0467337892041641,0.006152422449795562,-0.9988884325311911));
#758=DIRECTION('',(0.9914454039110121,-0.1305220711746873,0));
#759=FACE_SURFACE('',(#764),#760,.T.);
#760=PLANE('',#761);
#761=AXIS2_PLACEMENT_3D('',#68,#762,#763);
#762=DIRECTION('',(-0.1305220711746873,-0.9914454039110121,0));
#763=DIRECTION('',(0.0467337892041641,-0.006152422449795562,0.9988884325311911));
#764=FACE_BOUND('',#765,.T.);
#765=EDGE_LOOP('',(#766,#767,#768));
#766=ORIENTED_EDGE('',*,*,#769,.T.);
#767=ORIENTED_EDGE('',*,*,#770,.T.);
#768=ORIENTED_EDGE('',*,*,#771,.T.);
#769=EDGE_CURVE('',#69,#67,#772,.F.);
#770=EDGE_CURVE('',#67,#71,#773,.T.);
#771=EDGE_CURVE('',#71,#69,#774,.T.);
#772=LINE('',#68,#775);
#773=LINE('',#66,#776);
#774=LINE('',#70,#777);
#775=VECTOR('',#778,1.0);
#776=VECTOR('',#779,1.0);
#777=VECTOR('',#780,1.0);
#778=DIRECTION('',(0.0467337892041641,-0.006152422449795562,0.9988884325311911));
#779=DIRECTION('',(-0.9914454039110121,0.1305220711746873,0));
#780=DIRECTION('',(0,0,-1));
#781=FACE_SURFACE('',(#786),#782,.T.);
#782=PLANE('',#783);
#783=AXIS2_PLACEMENT_3D('',#68,#784,#785);
#784=DIRECTION('',(0.13051885252543177,-0.9914458276352999,0));
#785=DIRECTION('',(0,0,1));
#786=FACE_BOUND('',#787,.T.);
#787=EDGE_LOOP('',(#788,#789,#790));
#788=ORIENTED_EDGE('',*,*,#791,.T.);
#789=ORIENTED_EDGE('',*,*,#792,.T.);
#790=ORIENTED_EDGE('',*,*,#793,.T.);
#791=EDGE_CURVE('',#69,#71,#794,.F.);
#792=EDGE_CURVE('',#71,#73,#795,.T.);
#793=EDGE_CURVE('',#73,#69,#796,.T.);
#794=LINE('',#68,#797);
#795=LINE('',#70,#798);
#796=LINE('',#72,#799);
#797=VECTOR('',#800,1.0);
#798=VECTOR('',#801,1.0);
#799=VECTOR('',#802,1.0);
#800=DIRECTION('',(0,0,1));
#801=DIRECTION('',(-0.04673495909168484,-0.006152422112681975,-0.9988883777984635));
#802=DIRECTION('',(0.9914458276352998,0.13051885252543177,0));
#803=FACE_SURFACE('',(#808),#804,.T.);
#804=PLANE('',#805);
#805=AXIS2_PLACEMENT_3D('',#72,#806,#807);
#806=DIRECTION('',(0.13051885252543177,-0.9914458276352999,0));
#807=DIRECTION('',(0.04673495909168484,0.006152422112681975,0.9988883777984635));
#808=FACE_BOUND('',#809,.T.);
#809=EDGE_LOOP('',(#810,#811,#812));
#810=ORIENTED_EDGE('',*,*,#813,.T.);
#811=ORIENTED_EDGE('',*,*,#814,.T.);
#812=ORIENTED_EDGE('',*,*,#815,.T.);
#813=EDGE_CURVE('',#73,#71,#816,.F.);
#814=EDGE_CURVE('',#71,#75,#817,.T.);
#815=EDGE_CURVE('',#75,#73,#818,.T.);
#816=LINE('',#72,#819);
#817=LINE('',#70,#820);
#818=LINE('',#74,#821);
#819=VECTOR('',#822,1.0);
#820=VECTOR('',#823,1.0);
#821=VECTOR('',#824,1.0);
#822=DIRECTION('',(0.04673495909168484,0.006152422112681975,0.9988883777984635));
#823=DIRECTION('',(-0.9914458276352998,-0.13051885252543177,0));
#824=DIRECTION('',(0,0,-1));
#825=FACE_SURFACE('',(#830),#826,.T.);
#826=PLANE('',#827);
#827=AXIS2_PLACEMENT_3D('',#72,#828,#829);
#828=DIRECTION('',(0.3826930165205307,-0.9238755625658777,0));
#829=DIRECTION('',(0,0,1));
#830=FACE_BOUND('',#831,.T.);
#831=EDGE_LOOP('',(#832,#833,#834));
#832=ORIENTED_EDGE('',*,*,#835,.T.);
#833=ORIENTED_EDGE('',*,*,#836,.T.);
#834=ORIENTED_EDGE('',*,*,#837,.T.);
#835=EDGE_CURVE('',#73,#75,#838,.F.);
#836=EDGE_CURVE('',#75,#77,#839,.T.);
#837=EDGE_CURVE('',#77,#73,#840,.T.);
#838=LINE('',#72,#841);
#839=LINE('',#74,#842);
#840=LINE('',#76,#843);
#841=VECTOR('',#844,1.0);
#842=VECTOR('',#845,1.0);
#843=VECTOR('',#846,1.0);
#844=DIRECTION('',(0,0,1));
#845=DIRECTION('',(-0.04354941813077486,-0.018039288912343906,-0.9988883982888218));
#846=DIRECTION('',(0.9238755625658776,0.3826930165205307,0));
#847=FACE_SURFACE('',(#852),#848,.T.);
#848=PLANE('',#849);
#849=AXIS2_PLACEMENT_3D('',#76,#850,#851);
#850=DIRECTION('',(0.3826930165205307,-0.9238755625658777,0));
#851=DIRECTION('',(0.04354941813077486,0.018039288912343906,0.9988883982888218));
#852=FACE_BOUND('',#853,.T.);
#853=EDGE_LOOP('',(#854,#855,#856));
#854=ORIENTED_EDGE('',*,*,#857,.T.);
#855=ORIENTED_EDGE('',*,*,#858,.T.);
#856=ORIENTED_EDGE('',*,*,#859,.T.);
#857=EDGE_CURVE('',#77,#75,#860,.F.);
#858=EDGE_CURVE('',#75,#79,#861,.T.);
#859=EDGE_CURVE('',#79,#77,#862,.T.);
#860=LINE('',#76,#863);
#861=LINE('',#74,#864);
#862=LINE('',#78,#865);
#863=VECTOR('',#866,1.0);
#864=VECTOR('',#867,1.0);
#865=VECTOR('',#868,1.0);
#866=DIRECTION('',(0.04354941813077486,0.018039288912343906,0.9988883982888218));
#867=DIRECTION('',(-0.9238755625658776,-0.3826930165205307,0));
#868=DIRECTION('',(0,0,-1));
#869=FACE_SURFACE('',(#874),#870,.T.);
#870=PLANE('',#871);
#871=AXIS2_PLACEMENT_3D('',#76,#872,#873);
#872=DIRECTION('',(0.6087667266158772,-0.7933492752661907,0));
#873=DIRECTION('',(0,0,1));
#874=FACE_BOUND('',#875,.T.);
#875=EDGE_LOOP('',(#876,#877,#878));
#876=ORIENTED_EDGE('',*,*,#879,.T.);
#877=ORIENTED_EDGE('',*,*,#880,.T.);
#878=ORIENTED_EDGE('',*,*,#881,.T.);
#879=EDGE_CURVE('',#77,#79,#882,.F.);
#880=EDGE_CURVE('',#79,#81,#883,.T.);
#881=EDGE_CURVE('',#81,#77,#884,.T.);
#882=LINE('',#76,#885);
#883=LINE('',#78,#886);
#884=LINE('',#80,#887);
#885=VECTOR('',#888,1.0);
#886=VECTOR('',#889,1.0);
#887=VECTOR('',#890,1.0);
#888=DIRECTION('',(0,0,1));
#889=DIRECTION('',(-0.03739641031781756,-0.028695671636838,-0.9988884156524452));
#890=DIRECTION('',(0.7933492752661906,0.608766726615877,0));
#891=FACE_SURFACE('',(#896),#892,.T.);
#892=PLANE('',#893);
#893=AXIS2_PLACEMENT_3D('',#80,#894,#895);
#894=DIRECTION('',(0.6087667266158772,-0.7933492752661907,0));
#895=DIRECTION('',(0.03739641031781756,0.028695671636838,0.9988884156524452));
#896=FACE_BOUND('',#897,.T.);
#897=EDGE_LOOP('',(#898,#899,#900));
#898=ORIENTED_EDGE('',*,*,#901,.T.);
#899=ORIENTED_EDGE('',*,*,#902,.T.);
#900=ORIENTED_EDGE('',*,*,#903,.T.);
#901=EDGE_CURVE('',#81,#79,#904,.F.);
#902=EDGE_CURVE('',#79,#83,#905,.T.);
#903=EDGE_CURVE('',#83,#81,#906,.T.);
#904=LINE('',#80,#907);
#905=LINE('',#78,#908);
#906=LINE('',#82,#909);
#907=VECTOR('',#910,1.0);
#908=VECTOR('',#911,1.0);
#909=VECTOR('',#912,1.0);
#910=DIRECTION('',(0.03739641031781756,0.028695671636838,0.9988884156524452));
#911=DIRECTION('',(-0.7933492752661906,-0.608766726615877,0));
#912=DIRECTION('',(0,0,-1));
#913=FACE_SURFACE('',(#918),#914,.T.);
#914=PLANE('',#915);
#915=AXIS2_PLACEMENT_3D('',#80,#916,#917);
#916=DIRECTION('',(0.7933492752661907,-0.6087667266158772,0));
#917=DIRECTION('',(0,0,1));
#918=FACE_BOUND('',#919,.T.);
#919=EDGE_LOOP('',(#920,#921,#922));
#920=ORIENTED_EDGE('',*,*,#923,.T.);
#921=ORIENTED_EDGE('',*,*,#924,.T.);
#922=ORIENTED_EDGE('',*,*,#925,.T.);
#923=EDGE_CURVE('',#81,#83,#926,.F.);
#924=EDGE_CURVE('',#83,#85,#927,.T.);
#925=EDGE_CURVE('',#85,#81,#928,.T.);
#926=LINE('',#80,#929);
#927=LINE('',#82,#930);
#928=LINE('',#84,#931);
#929=VECTOR('',#932,1.0);
#930=VECTOR('',#933,1.0);
#931=VECTOR('',#934,1.0);
#932=DIRECTION('',(0,0,1));
#933=DIRECTION('',(-0.028695671636838,-0.03739641031781756,-0.9988884156524452));
#934=DIRECTION('',(0.608766726615877,0.7933492752661906,0));
#935=FACE_SURFACE('',(#940),#936,.T.);
#936=PLANE('',#937);
#937=AXIS2_PLACEMENT_3D('',#84,#938,#939);
#938=DIRECTION('',(0.7933492752661907,-0.6087667266158772,0));
#939=DIRECTION('',(0.028695671636838,0.03739641031781756,0.9988884156524452));
#940=FACE_BOUND('',#941,.T.);
#941=EDGE_LOOP('',(#942,#943,#944));
#942=ORIENTED_EDGE('',*,*,#945,.T.);
#943=ORIENTED_EDGE('',*,*,#946,.T.);
#944=ORIENTED_EDGE('',*,*,#947,.T.);
#945=EDGE_CURVE('',#85,#83,#948,.F.);
#946=EDGE_CURVE('',#83,#87,#949,.T.);
#947=EDGE_CURVE('',#87,#85,#950,.T.);
#948=LINE('',#84,#951);
#949=LINE('',#82,#952);
#950=LINE('',#86,#953);
#951=VECTOR('',#954,1.0);
#952=VECTOR('',#955,1.0);
#953=VECTOR('',#956,1.0);
#954=DIRECTION('',(0.028695671636838,0.03739641031781756,0.9988884156524452));
#955=DIRECTION('',(-0.608766726615877,-0.7933492752661906,0));
#956=DIRECTION('',(0,0,-1));
#957=FACE_SURFACE('',(#962),#958,.T.);
#958=PLANE('',#959);
#959=AXIS2_PLACEMENT_3D('',#84,#960,#961);
#960=DIRECTION('',(0.9238773838948787,-0.38268861954277494,0));
#961=DIRECTION('',(0,0,1));
#962=FACE_BOUND('',#963,.T.);
#963=EDGE_LOOP('',(#964,#965,#966));
#964=ORIENTED_EDGE('',*,*,#967,.T.);
#965=ORIENTED_EDGE('',*,*,#968,.T.);
#966=ORIENTED_EDGE('',*,*,#969,.T.);
#967=EDGE_CURVE('',#85,#87,#970,.F.);
#968=EDGE_CURVE('',#87,#89,#971,.T.);
#969=EDGE_CURVE('',#89,#85,#972,.T.);
#970=LINE('',#84,#973);
#971=LINE('',#86,#974);
#972=LINE('',#88,#975);
#973=VECTOR('',#976,1.0);
#974=VECTOR('',#977,1.0);
#975=VECTOR('',#978,1.0);
#976=DIRECTION('',(0,0,1));
#977=DIRECTION('',(-0.018039288451802832,-0.04355000324307749,-0.9988883727873102));
#978=DIRECTION('',(0.382688619542775,0.9238773838948788,0));
#979=FACE_SURFACE('',(#984),#980,.T.);
#980=PLANE('',#981);
#981=AXIS2_PLACEMENT_3D('',#88,#982,#983);
#982=DIRECTION('',(0.9238773838948787,-0.38268861954277494,0));
#983=DIRECTION('',(0.018039288451802832,0.04355000324307749,0.9988883727873102));
#984=FACE_BOUND('',#985,.T.);
#985=EDGE_LOOP('',(#986,#987,#988));
#986=ORIENTED_EDGE('',*,*,#989,.T.);
#987=ORIENTED_EDGE('',*,*,#990,.T.);
#988=ORIENTED_EDGE('',*,*,#991,.T.);
#989=EDGE_CURVE('',#89,#87,#992,.F.);
#990=EDGE_CURVE('',#87,#91,#993,.T.);
#991=EDGE_CURVE('',#91,#89,#994,.T.);
#992=LINE('',#88,#995);
#993=LINE('',#86,#996);
#994=LINE('',#90,#997);
#995=VECTOR('',#998,1.0);
#996=VECTOR('',#999,1.0);
#997=VECTOR('',#1000,1.0);
#998=DIRECTION('',(0.018039288451802832,0.04355000324307749,0.9988883727873102));
#999=DIRECTION('',(-0.382688619542775,-0.9238773838948788,0));
#1000=DIRECTION('',(0,0,-1));
#1001=FACE_SURFACE('',(#1006),#1002,.T.);
#1002=PLANE('',#1003);
#1003=AXIS2_PLACEMENT_3D('',#88,#1004,#1005);
#1004=DIRECTION('',(0.9914440063796945,-0.13053268638076887,0));
#1005=DIRECTION('',(0,0,1));
#1006=FACE_BOUND('',#1007,.T.);
#1007=EDGE_LOOP('',(#1008,#1009,#1010));
#1008=ORIENTED_EDGE('',*,*,#1011,.T.);
#1009=ORIENTED_EDGE('',*,*,#1012,.T.);
#1010=ORIENTED_EDGE('',*,*,#1013,.T.);
#1011=EDGE_CURVE('',#89,#91,#1014,.F.);
#1012=EDGE_CURVE('',#91,#93,#1015,.T.);
#1013=EDGE_CURVE('',#93,#89,#1016,.T.);
#1014=LINE('',#88,#1017);
#1015=LINE('',#90,#1018);
#1016=LINE('',#92,#1019);
#1017=VECTOR('',#1020,1.0);
#1018=VECTOR('',#1021,1.0);
#1019=VECTOR('',#1022,1.0);
#1020=DIRECTION('',(0,0,1));
#1021=DIRECTION('',(-0.006153008483180231,-0.04673437397938369,-0.998888401562137));
#1022=DIRECTION('',(0.13053268638076884,0.9914440063796945,0));
#1023=FACE_SURFACE('',(#1028),#1024,.T.);
#1024=PLANE('',#1025);
#1025=AXIS2_PLACEMENT_3D('',#92,#1026,#1027);
#1026=DIRECTION('',(0.9914440063796945,-0.13053268638076887,0));
#1027=DIRECTION('',(0.006153008483180231,0.04673437397938369,0.998888401562137));
#1028=FACE_BOUND('',#1029,.T.);
#1029=EDGE_LOOP('',(#1030,#1031,#1032));
#1030=ORIENTED_EDGE('',*,*,#1033,.T.);
#1031=ORIENTED_EDGE('',*,*,#1034,.T.);
#1032=ORIENTED_EDGE('',*,*,#1035,.T.);
#1033=EDGE_CURVE('',#93,#91,#1036,.F.);
#1034=EDGE_CURVE('',#91,#95,#1037,.T.);
#1035=EDGE_CURVE('',#95,#93,#1038,.T.);
#1036=LINE('',#92,#1039);
#1037=LINE('',#90,#1040);
#1038=LINE('',#94,#1041);
#1039=VECTOR('',#1042,1.0);
#1040=VECTOR('',#1043,1.0);
#1041=VECTOR('',#1044,1.0);
#1042=DIRECTION('',(0.006153008483180231,0.04673437397938369,0.998888401562137));
#1043=DIRECTION('',(-0.13053268638076884,-0.9914440063796945,0));
#1044=DIRECTION('',(0,0,-1));
#1045=FACE_SURFACE('',(#1050),#1046,.T.);
#1046=PLANE('',#1047);
#1047=AXIS2_PLACEMENT_3D('',#92,#1048,#1049);
#1048=DIRECTION('',(0.9914440063796945,0.13053268638076887,-0));
#1049=DIRECTION('',(0,0,1));
#1050=FACE_BOUND('',#1051,.T.);
#1051=EDGE_LOOP('',(#1052,#1053,#1054));
#1052=ORIENTED_EDGE('',*,*,#1055,.T.);
#1053=ORIENTED_EDGE('',*,*,#1056,.T.);
#1054=ORIENTED_EDGE('',*,*,#1057,.T.);
#1055=EDGE_CURVE('',#93,#95,#1058,.F.);
#1056=EDGE_CURVE('',#95,#97,#1059,.T.);
#1057=EDGE_CURVE('',#97,#93,#1060,.T.);
#1058=LINE('',#92,#1061);
#1059=LINE('',#94,#1062);
#1060=LINE('',#96,#1063);
#1061=VECTOR('',#1064,1.0);
#1062=VECTOR('',#1065,1.0);
#1063=VECTOR('',#1066,1.0);
#1064=DIRECTION('',(0,0,1));
#1065=DIRECTION('',(0.006153008483180231,-0.04673437397938369,-0.998888401562137));
#1066=DIRECTION('',(-0.13053268638076884,0.9914440063796945,0));
#1067=FACE_SURFACE('',(#1072),#1068,.T.);
#1068=PLANE('',#1069);
#1069=AXIS2_PLACEMENT_3D('',#96,#1070,#1071);
#1070=DIRECTION('',(0.9914440063796945,0.13053268638076887,-0));
#1071=DIRECTION('',(-0.006153008483180231,0.04673437397938369,0.998888401562137));
#1072=FACE_BOUND('',#1073,.T.);
#1073=EDGE_LOOP('',(#1074,#1075,#1076));
#1074=ORIENTED_EDGE('',*,*,#1077,.T.);
#1075=ORIENTED_EDGE('',*,*,#1078,.T.);
#1076=ORIENTED_EDGE('',*,*,#1079,.T.);
#1077=EDGE_CURVE('',#97,#95,#1080,.F.);
#1078=EDGE_CURVE('',#95,#99,#1081,.T.);
#1079=EDGE_CURVE('',#99,#97,#1082,.T.);
#1080=LINE('',#96,#1083);
#1081=LINE('',#94,#1084);
#1082=LINE('',#98,#1085);
#1083=VECTOR('',#1086,1.0);
#1084=VECTOR('',#1087,1.0);
#1085=VECTOR('',#1088,1.0);
#1086=DIRECTION('',(-0.006153008483180231,0.04673437397938369,0.998888401562137));
#1087=DIRECTION('',(0.13053268638076884,-0.9914440063796945,0));
#1088=DIRECTION('',(0,0,-1));
#1089=FACE_SURFACE('',(#1094),#1090,.T.);
#1090=PLANE('',#1091);
#1091=AXIS2_PLACEMENT_3D('',#96,#1092,#1093);
#1092=DIRECTION('',(0.9238773838948787,0.38268861954277494,-0));
#1093=DIRECTION('',(0,0,1));
#1094=FACE_BOUND('',#1095,.T.);
#1095=EDGE_LOOP('',(#1096,#1097,#1098));
#1096=ORIENTED_EDGE('',*,*,#1099,.T.);
#1097=ORIENTED_EDGE('',*,*,#1100,.T.);
#1098=ORIENTED_EDGE('',*,*,#1101,.T.);
#1099=EDGE_CURVE('',#97,#99,#1102,.F.);
#1100=EDGE_CURVE('',#99,#101,#1103,.T.);
#1101=EDGE_CURVE('',#101,#97,#1104,.T.);
#1102=LINE('',#96,#1105);
#1103=LINE('',#98,#1106);
#1104=LINE('',#100,#1107);
#1105=VECTOR('',#1108,1.0);
#1106=VECTOR('',#1109,1.0);
#1107=VECTOR('',#1110,1.0);
#1108=DIRECTION('',(0,0,1));
#1109=DIRECTION('',(0.018039288451802832,-0.04355000324307749,-0.9988883727873102));
#1110=DIRECTION('',(-0.382688619542775,0.9238773838948788,0));
#1111=FACE_SURFACE('',(#1116),#1112,.T.);
#1112=PLANE('',#1113);
#1113=AXIS2_PLACEMENT_3D('',#100,#1114,#1115);
#1114=DIRECTION('',(0.9238773838948787,0.38268861954277494,-0));
#1115=DIRECTION('',(-0.018039288451802832,0.04355000324307749,0.9988883727873102));
#1116=FACE_BOUND('',#1117,.T.);
#1117=EDGE_LOOP('',(#1118,#1119,#1120));
#1118=ORIENTED_EDGE('',*,*,#1121,.T.);
#1119=ORIENTED_EDGE('',*,*,#1122,.T.);
#1120=ORIENTED_EDGE('',*,*,#1123,.T.);
#1121=EDGE_CURVE('',#101,#99,#1124,.F.);
#1122=EDGE_CURVE('',#99,#103,#1125,.T.);
#1123=EDGE_CURVE('',#103,#101,#1126,.T.);
#1124=LINE('',#100,#1127);
#1125=LINE('',#98,#1128);
#1126=LINE('',#102,#1129);
#1127=VECTOR('',#1130,1.0);
#1128=VECTOR('',#1131,1.0);
#1129=VECTOR('',#1132,1.0);
#1130=DIRECTION('',(-0.018039288451802832,0.04355000324307749,0.9988883727873102));
#1131=DIRECTION('',(0.382688619542775,-0.9238773838948788,0));
#1132=DIRECTION('',(0,0,-1));
#1133=FACE_SURFACE('',(#1138),#1134,.T.);
#1134=PLANE('',#1135);
#1135=AXIS2_PLACEMENT_3D('',#100,#1136,#1137);
#1136=DIRECTION('',(0.7933492752661907,0.6087667266158772,-0));
#1137=DIRECTION('',(0,0,1));
#1138=FACE_BOUND('',#1139,.T.);
#1139=EDGE_LOOP('',(#1140,#1141,#1142));
#1140=ORIENTED_EDGE('',*,*,#1143,.T.);
#1141=ORIENTED_EDGE('',*,*,#1144,.T.);
#1142=ORIENTED_EDGE('',*,*,#1145,.T.);
#1143=EDGE_CURVE('',#101,#103,#1146,.F.);
#1144=EDGE_CURVE('',#103,#105,#1147,.T.);
#1145=EDGE_CURVE('',#105,#101,#1148,.T.);
#1146=LINE('',#100,#1149);
#1147=LINE('',#102,#1150);
#1148=LINE('',#104,#1151);
#1149=VECTOR('',#1152,1.0);
#1150=VECTOR('',#1153,1.0);
#1151=VECTOR('',#1154,1.0);
#1152=DIRECTION('',(0,0,1));
#1153=DIRECTION('',(0.028695671636838,-0.03739641031781756,-0.9988884156524452));
#1154=DIRECTION('',(-0.608766726615877,0.7933492752661906,0));
#1155=FACE_SURFACE('',(#1160),#1156,.T.);
#1156=PLANE('',#1157);
#1157=AXIS2_PLACEMENT_3D('',#104,#1158,#1159);
#1158=DIRECTION('',(0.7933492752661907,0.6087667266158772,-0));
#1159=DIRECTION('',(-0.028695671636838,0.03739641031781756,0.9988884156524452));
#1160=FACE_BOUND('',#1161,.T.);
#1161=EDGE_LOOP('',(#1162,#1163,#1164));
#1162=ORIENTED_EDGE('',*,*,#1165,.T.);
#1163=ORIENTED_EDGE('',*,*,#1166,.T.);
#1164=ORIENTED_EDGE('',*,*,#1167,.T.);
#1165=EDGE_CURVE('',#105,#103,#1168,.F.);
#1166=EDGE_CURVE('',#103,#107,#1169,.T.);
#1167=EDGE_CURVE('',#107,#105,#1170,.T.);
#1168=LINE('',#104,#1171);
#1169=LINE('',#102,#1172);
#1170=LINE('',#106,#1173);
#1171=VECTOR('',#1174,1.0);
#1172=VECTOR('',#1175,1.0);
#1173=VECTOR('',#1176,1.0);
#1174=DIRECTION('',(-0.028695671636838,0.03739641031781756,0.9988884156524452));
#1175=DIRECTION('',(0.608766726615877,-0.7933492752661906,0));
#1176=DIRECTION('',(0,0,-1));
#1177=FACE_SURFACE('',(#1182),#1178,.T.);
#1178=PLANE('',#1179);
#1179=AXIS2_PLACEMENT_3D('',#104,#1180,#1181);
#1180=DIRECTION('',(0.6087667266158772,0.7933492752661907,-0));
#1181=DIRECTION('',(0,0,1));
#1182=FACE_BOUND('',#1183,.T.);
#1183=EDGE_LOOP('',(#1184,#1185,#1186));
#1184=ORIENTED_EDGE('',*,*,#1187,.T.);
#1185=ORIENTED_EDGE('',*,*,#1188,.T.);
#1186=ORIENTED_EDGE('',*,*,#1189,.T.);
#1187=EDGE_CURVE('',#105,#107,#1190,.F.);
#1188=EDGE_CURVE('',#107,#109,#1191,.T.);
#1189=EDGE_CURVE('',#109,#105,#1192,.T.);
#1190=LINE('',#104,#1193);
#1191=LINE('',#106,#1194);
#1192=LINE('',#108,#1195);
#1193=VECTOR('',#1196,1.0);
#1194=VECTOR('',#1197,1.0);
#1195=VECTOR('',#1198,1.0);
#1196=DIRECTION('',(0,0,1));
#1197=DIRECTION('',(0.03739641031781756,-0.028695671636838,-0.9988884156524452));
#1198=DIRECTION('',(-0.7933492752661906,0.608766726615877,0));
#1199=FACE_SURFACE('',(#1204),#1200,.T.);
#1200=PLANE('',#1201);
#1201=AXIS2_PLACEMENT_3D('',#108,#1202,#1203);
#1202=DIRECTION('',(0.6087667266158772,0.7933492752661907,-0));
#1203=DIRECTION('',(-0.03739641031781756,0.028695671636838,0.9988884156524452));
#1204=FACE_BOUND('',#1205,.T.);
#1205=EDGE_LOOP('',(#1206,#1207,#1208));
#1206=ORIENTED_EDGE('',*,*,#1209,.T.);
#1207=ORIENTED_EDGE('',*,*,#1210,.T.);
#1208=ORIENTED_EDGE('',*,*,#1211,.T.);
#1209=EDGE_CURVE('',#109,#107,#1212,.F.);
#1210=EDGE_CURVE('',#107,#111,#1213,.T.);
#1211=EDGE_CURVE('',#111,#109,#1214,.T.);
#1212=LINE('',#108,#1215);
#1213=LINE('',#106,#1216);
#1214=LINE('',#110,#1217);
#1215=VECTOR('',#1218,1.0);
#1216=VECTOR('',#1219,1.0);
#1217=VECTOR('',#1220,1.0);
#1218=DIRECTION('',(-0.03739641031781756,0.028695671636838,0.9988884156524452));
#1219=DIRECTION('',(0.7933492752661906,-0.608766726615877,0));
#1220=DIRECTION('',(0,0,-1));
#1221=FACE_SURFACE('',(#1226),#1222,.T.);
#1222=PLANE('',#1223);
#1223=AXIS2_PLACEMENT_3D('',#108,#1224,#1225);
#1224=DIRECTION('',(0.3826930165205307,0.9238755625658777,-0));
#1225=DIRECTION('',(0,0,1));
#1226=FACE_BOUND('',#1227,.T.);
#1227=EDGE_LOOP('',(#1228,#1229,#1230));
#1228=ORIENTED_EDGE('',*,*,#1231,.T.);
#1229=ORIENTED_EDGE('',*,*,#1232,.T.);
#1230=ORIENTED_EDGE('',*,*,#1233,.T.);
#1231=EDGE_CURVE('',#109,#111,#1234,.F.);
#1232=EDGE_CURVE('',#111,#113,#1235,.T.);
#1233=EDGE_CURVE('',#113,#109,#1236,.T.);
#1234=LINE('',#108,#1237);
#1235=LINE('',#110,#1238);
#1236=LINE('',#112,#1239);
#1237=VECTOR('',#1240,1.0);
#1238=VECTOR('',#1241,1.0);
#1239=VECTOR('',#1242,1.0);
#1240=DIRECTION('',(0,0,1));
#1241=DIRECTION('',(0.04354941813077486,-0.018039288912343906,-0.9988883982888218));
#1242=DIRECTION('',(-0.9238755625658776,0.3826930165205307,0));
#1243=FACE_SURFACE('',(#1248),#1244,.T.);
#1244=PLANE('',#1245);
#1245=AXIS2_PLACEMENT_3D('',#112,#1246,#1247);
#1246=DIRECTION('',(0.3826930165205307,0.9238755625658777,-0));
#1247=DIRECTION('',(-0.04354941813077486,0.018039288912343906,0.9988883982888218));
#1248=FACE_BOUND('',#1249,.T.);
#1249=EDGE_LOOP('',(#1250,#1251,#1252));
#1250=ORIENTED_EDGE('',*,*,#1253,.T.);
#1251=ORIENTED_EDGE('',*,*,#1254,.T.);
#1252=ORIENTED_EDGE('',*,*,#1255,.T.);
#1253=EDGE_CURVE('',#113,#111,#1256,.F.);
#1254=EDGE_CURVE('',#111,#115,#1257,.T.);
#1255=EDGE_CURVE('',#115,#113,#1258,.T.);
#1256=LINE('',#112,#1259);
#1257=LINE('',#110,#1260);
#1258=LINE('',#114,#1261);
#1259=VECTOR('',#1262,1.0);
#1260=VECTOR('',#1263,1.0);
#1261=VECTOR('',#1264,1.0);
#1262=DIRECTION('',(-0.04354941813077486,0.018039288912343906,0.9988883982888218));
#1263=DIRECTION('',(0.9238755625658776,-0.3826930165205307,0));
#1264=DIRECTION('',(0,0,-1));
#1265=FACE_SURFACE('',(#1270),#1266,.T.);
#1266=PLANE('',#1267);
#1267=AXIS2_PLACEMENT_3D('',#112,#1268,#1269);
#1268=DIRECTION('',(0.13051885252543177,0.9914458276352999,-0));
#1269=DIRECTION('',(0,0,1));
#1270=FACE_BOUND('',#1271,.T.);
#1271=EDGE_LOOP('',(#1272,#1273,#1274));
#1272=ORIENTED_EDGE('',*,*,#1275,.T.);
#1273=ORIENTED_EDGE('',*,*,#1276,.T.);
#1274=ORIENTED_EDGE('',*,*,#1277,.T.);
#1275=EDGE_CURVE('',#113,#115,#1278,.F.);
#1276=EDGE_CURVE('',#115,#117,#1279,.T.);
#1277=EDGE_CURVE('',#117,#113,#1280,.T.);
#1278=LINE('',#112,#1281);
#1279=LINE('',#114,#1282);
#1280=LINE('',#116,#1283);
#1281=VECTOR('',#1284,1.0);
#1282=VECTOR('',#1285,1.0);
#1283=VECTOR('',#1286,1.0);
#1284=DIRECTION('',(0,0,1));
#1285=DIRECTION('',(0.04673495909168484,-0.006152422112681975,-0.9988883777984635));
#1286=DIRECTION('',(-0.9914458276352998,0.13051885252543177,0));
#1287=FACE_SURFACE('',(#1292),#1288,.T.);
#1288=PLANE('',#1289);
#1289=AXIS2_PLACEMENT_3D('',#116,#1290,#1291);
#1290=DIRECTION('',(0.13051885252543177,0.9914458276352999,-0));
#1291=DIRECTION('',(-0.04673495909168484,0.006152422112681975,0.9988883777984635));
#1292=FACE_BOUND('',#1293,.T.);
#1293=EDGE_LOOP('',(#1294,#1295,#1296));
#1294=ORIENTED_EDGE('',*,*,#1297,.T.);
#1295=ORIENTED_EDGE('',*,*,#1298,.T.);
#1296=ORIENTED_EDGE('',*,*,#1299,.T.);
#1297=EDGE_CURVE('',#117,#115,#1300,.F.);
#1298=EDGE_CURVE('',#115,#119,#1301,.T.);
#1299=EDGE_CURVE('',#119,#117,#1302,.T.);
#1300=LINE('',#116,#1303);
#1301=LINE('',#114,#1304);
#1302=LINE('',#118,#1305);
#1303=VECTOR('',#1306,1.0);
#1304=VECTOR('',#1307,1.0);
#1305=VECTOR('',#1308,1.0);
#1306=DIRECTION('',(-0.04673495909168484,0.006152422112681975,0.9988883777984635));
#1307=DIRECTION('',(0.9914458276352998,-0.13051885252543177,0));
#1308=DIRECTION('',(0,0,-1));
#1309=FACE_SURFACE('',(#1314),#1310,.T.);
#1310=PLANE('',#1311);
#1311=AXIS2_PLACEMENT_3D('',#116,#1312,#1313);
#1312=DIRECTION('',(-0.1305220711746873,0.9914454039110121,0));
#1313=DIRECTION('',(0,0,1));
#1314=FACE_BOUND('',#1315,.T.);
#1315=EDGE_LOOP('',(#1316,#1317,#1318));
#1316=ORIENTED_EDGE('',*,*,#1319,.T.);
#1317=ORIENTED_EDGE('',*,*,#1320,.T.);
#1318=ORIENTED_EDGE('',*,*,#1321,.T.);
#1319=EDGE_CURVE('',#117,#119,#1322,.F.);
#1320=EDGE_CURVE('',#119,#121,#1323,.T.);
#1321=EDGE_CURVE('',#121,#117,#1324,.T.);
#1322=LINE('',#116,#1325);
#1323=LINE('',#118,#1326);
#1324=LINE('',#120,#1327);
#1325=VECTOR('',#1328,1.0);
#1326=VECTOR('',#1329,1.0);
#1327=VECTOR('',#1330,1.0);
#1328=DIRECTION('',(0,0,1));
#1329=DIRECTION('',(0.0467337892041641,0.006152422449795562,-0.9988884325311911));
#1330=DIRECTION('',(-0.9914454039110121,-0.1305220711746873,0));
#1331=FACE_SURFACE('',(#1336),#1332,.T.);
#1332=PLANE('',#1333);
#1333=AXIS2_PLACEMENT_3D('',#120,#1334,#1335);
#1334=DIRECTION('',(-0.1305220711746873,0.9914454039110121,0));
#1335=DIRECTION('',(-0.0467337892041641,-0.006152422449795562,0.9988884325311911));
#1336=FACE_BOUND('',#1337,.T.);
#1337=EDGE_LOOP('',(#1338,#1339,#1340));
#1338=ORIENTED_EDGE('',*,*,#1341,.T.);
#1339=ORIENTED_EDGE('',*,*,#1342,.T.);
#1340=ORIENTED_EDGE('',*,*,#1343,.T.);
#1341=EDGE_CURVE('',#121,#119,#1344,.F.);
#1342=EDGE_CURVE('',#119,#123,#1345,.T.);
#1343=EDGE_CURVE('',#123,#121,#1346,.T.);
#1344=LINE('',#120,#1347);
#1345=LINE('',#118,#1348);
#1346=LINE('',#122,#1349);
#1347=VECTOR('',#1350,1.0);
#1348=VECTOR('',#1351,1.0);
#1349=VECTOR('',#1352,1.0);
#1350=DIRECTION('',(-0.0467337892041641,-0.006152422449795562,0.9988884325311911));
#1351=DIRECTION('',(0.9914454039110121,0.1305220711746873,0));
#1352=DIRECTION('',(0,0,-1));
#1353=FACE_SURFACE('',(#1358),#1354,.T.);
#1354=PLANE('',#1355);
#1355=AXIS2_PLACEMENT_3D('',#120,#1356,#1357);
#1356=DIRECTION('',(-0.38268422265738905,0.9238792051611021,0));
#1357=DIRECTION('',(0,0,1));
#1358=FACE_BOUND('',#1359,.T.);
#1359=EDGE_LOOP('',(#1360,#1361,#1362));
#1360=ORIENTED_EDGE('',*,*,#1363,.T.);
#1361=ORIENTED_EDGE('',*,*,#1364,.T.);
#1362=ORIENTED_EDGE('',*,*,#1365,.T.);
#1363=EDGE_CURVE('',#121,#123,#1366,.F.);
#1364=EDGE_CURVE('',#123,#125,#1367,.T.);
#1365=EDGE_CURVE('',#125,#121,#1368,.T.);
#1366=LINE('',#120,#1369);
#1367=LINE('',#122,#1370);
#1368=LINE('',#124,#1371);
#1369=VECTOR('',#1372,1.0);
#1370=VECTOR('',#1373,1.0);
#1371=VECTOR('',#1374,1.0);
#1372=DIRECTION('',(0,0,1));
#1373=DIRECTION('',(0.04355058835533532,0.018039287991255596,-0.9988883472854575));
#1374=DIRECTION('',(-0.9238792051611022,-0.3826842226573891,0));
#1375=FACE_SURFACE('',(#1380),#1376,.T.);
#1376=PLANE('',#1377);
#1377=AXIS2_PLACEMENT_3D('',#124,#1378,#1379);
#1378=DIRECTION('',(-0.38268422265738905,0.9238792051611021,0));
#1379=DIRECTION('',(-0.04355058835533532,-0.018039287991255596,0.9988883472854575));
#1380=FACE_BOUND('',#1381,.T.);
#1381=EDGE_LOOP('',(#1382,#1383,#1384));
#1382=ORIENTED_EDGE('',*,*,#1385,.T.);
#1383=ORIENTED_EDGE('',*,*,#1386,.T.);
#1384=ORIENTED_EDGE('',*,*,#1387,.T.);
#1385=EDGE_CURVE('',#125,#123,#1388,.F.);
#1386=EDGE_CURVE('',#123,#127,#1389,.T.);
#1387=EDGE_CURVE('',#127,#125,#1390,.T.);
#1388=LINE('',#124,#1391);
#1389=LINE('',#122,#1392);
#1390=LINE('',#126,#1393);
#1391=VECTOR('',#1394,1.0);
#1392=VECTOR('',#1395,1.0);
#1393=VECTOR('',#1396,1.0);
#1394=DIRECTION('',(-0.04355058835533532,-0.018039287991255596,0.9988883472854575));
#1395=DIRECTION('',(0.9238792051611022,0.3826842226573891,0));
#1396=DIRECTION('',(0,0,-1));
#1397=FACE_SURFACE('',(#1402),#1398,.T.);
#1398=PLANE('',#1399);
#1399=AXIS2_PLACEMENT_3D('',#124,#1400,#1401);
#1400=DIRECTION('',(-0.6087667266158772,0.7933492752661907,0));
#1401=DIRECTION('',(0,0,1));
#1402=FACE_BOUND('',#1403,.T.);
#1403=EDGE_LOOP('',(#1404,#1405,#1406));
#1404=ORIENTED_EDGE('',*,*,#1407,.T.);
#1405=ORIENTED_EDGE('',*,*,#1408,.T.);
#1406=ORIENTED_EDGE('',*,*,#1409,.T.);
#1407=EDGE_CURVE('',#125,#127,#1410,.F.);
#1408=EDGE_CURVE('',#127,#129,#1411,.T.);
#1409=EDGE_CURVE('',#129,#125,#1412,.T.);
#1410=LINE('',#124,#1413);
#1411=LINE('',#126,#1414);
#1412=LINE('',#128,#1415);
#1413=VECTOR('',#1416,1.0);
#1414=VECTOR('',#1417,1.0);
#1415=VECTOR('',#1418,1.0);
#1416=DIRECTION('',(0,0,1));
#1417=DIRECTION('',(0.03739641031781756,0.028695671636838,-0.9988884156524452));
#1418=DIRECTION('',(-0.7933492752661906,-0.608766726615877,0));
#1419=FACE_SURFACE('',(#1424),#1420,.T.);
#1420=PLANE('',#1421);
#1421=AXIS2_PLACEMENT_3D('',#128,#1422,#1423);
#1422=DIRECTION('',(-0.6087667266158772,0.7933492752661907,0));
#1423=DIRECTION('',(-0.03739641031781756,-0.028695671636838,0.9988884156524452));
#1424=FACE_BOUND('',#1425,.T.);
#1425=EDGE_LOOP('',(#1426,#1427,#1428));
#1426=ORIENTED_EDGE('',*,*,#1429,.T.);
#1427=ORIENTED_EDGE('',*,*,#1430,.T.);
#1428=ORIENTED_EDGE('',*,*,#1431,.T.);
#1429=EDGE_CURVE('',#129,#127,#1432,.F.);
#1430=EDGE_CURVE('',#127,#131,#1433,.T.);
#1431=EDGE_CURVE('',#131,#129,#1434,.T.);
#1432=LINE('',#128,#1435);
#1433=LINE('',#126,#1436);
#1434=LINE('',#130,#1437);
#1435=VECTOR('',#1438,1.0);
#1436=VECTOR('',#1439,1.0);
#1437=VECTOR('',#1440,1.0);
#1438=DIRECTION('',(-0.03739641031781756,-0.028695671636838,0.9988884156524452));
#1439=DIRECTION('',(0.7933492752661906,0.608766726615877,0));
#1440=DIRECTION('',(0,0,-1));
#1441=FACE_SURFACE('',(#1446),#1442,.T.);
#1442=PLANE('',#1443);
#1443=AXIS2_PLACEMENT_3D('',#128,#1444,#1445);
#1444=DIRECTION('',(-0.7933492752661907,0.6087667266158772,0));
#1445=DIRECTION('',(0,0,1));
#1446=FACE_BOUND('',#1447,.T.);
#1447=EDGE_LOOP('',(#1448,#1449,#1450));
#1448=ORIENTED_EDGE('',*,*,#1451,.T.);
#1449=ORIENTED_EDGE('',*,*,#1452,.T.);
#1450=ORIENTED_EDGE('',*,*,#1453,.T.);
#1451=EDGE_CURVE('',#129,#131,#1454,.F.);
#1452=EDGE_CURVE('',#131,#133,#1455,.T.);
#1453=EDGE_CURVE('',#133,#129,#1456,.T.);
#1454=LINE('',#128,#1457);
#1455=LINE('',#130,#1458);
#1456=LINE('',#132,#1459);
#1457=VECTOR('',#1460,1.0);
#1458=VECTOR('',#1461,1.0);
#1459=VECTOR('',#1462,1.0);
#1460=DIRECTION('',(0,0,1));
#1461=DIRECTION('',(0.028695671636838,0.03739641031781756,-0.9988884156524452));
#1462=DIRECTION('',(-0.608766726615877,-0.7933492752661906,0));
#1463=FACE_SURFACE('',(#1468),#1464,.T.);
#1464=PLANE('',#1465);
#1465=AXIS2_PLACEMENT_3D('',#132,#1466,#1467);
#1466=DIRECTION('',(-0.7933492752661907,0.6087667266158772,0));
#1467=DIRECTION('',(-0.028695671636838,-0.03739641031781756,0.9988884156524452));
#1468=FACE_BOUND('',#1469,.T.);
#1469=EDGE_LOOP('',(#1470,#1471,#1472));
#1470=ORIENTED_EDGE('',*,*,#1473,.T.);
#1471=ORIENTED_EDGE('',*,*,#1474,.T.);
#1472=ORIENTED_EDGE('',*,*,#1475,.T.);
#1473=EDGE_CURVE('',#133,#131,#1476,.F.);
#1474=EDGE_CURVE('',#131,#135,#1477,.T.);
#1475=EDGE_CURVE('',#135,#133,#1478,.T.);
#1476=LINE('',#132,#1479);
#1477=LINE('',#130,#1480);
#1478=LINE('',#134,#1481);
#1479=VECTOR('',#1482,1.0);
#1480=VECTOR('',#1483,1.0);
#1481=VECTOR('',#1484,1.0);
#1482=DIRECTION('',(-0.028695671636838,-0.03739641031781756,0.9988884156524452));
#1483=DIRECTION('',(0.608766726615877,0.7933492752661906,0));
#1484=DIRECTION('',(0,0,-1));
#1485=FACE_SURFACE('',(#1490),#1486,.T.);
#1486=PLANE('',#1487);
#1487=AXIS2_PLACEMENT_3D('',#132,#1488,#1489);
#1488=DIRECTION('',(-0.9238773838948787,0.38268861954277494,0));
#1489=DIRECTION('',(0,0,1));
#1490=FACE_BOUND('',#1491,.T.);
#1491=EDGE_LOOP('',(#1492,#1493,#1494));
#1492=ORIENTED_EDGE('',*,*,#1495,.T.);
#1493=ORIENTED_EDGE('',*,*,#1496,.T.);
#1494=ORIENTED_EDGE('',*,*,#1497,.T.);
#1495=EDGE_CURVE('',#133,#135,#1498,.F.);
#1496=EDGE_CURVE('',#135,#41,#1499,.T.);
#1497=EDGE_CURVE('',#41,#133,#1500,.T.);
#1498=LINE('',#132,#1501);
#1499=LINE('',#134,#1502);
#1500=LINE('',#40,#1503);
#1501=VECTOR('',#1504,1.0);
#1502=VECTOR('',#1505,1.0);
#1503=VECTOR('',#1506,1.0);
#1504=DIRECTION('',(0,0,1));
#1505=DIRECTION('',(0.018039288451802832,0.04355000324307749,-0.9988883727873102));
#1506=DIRECTION('',(-0.382688619542775,-0.9238773838948788,0));
#1507=FACE_SURFACE('',(#1512),#1508,.T.);
#1508=PLANE('',#1509);
#1509=AXIS2_PLACEMENT_3D('',#40,#1510,#1511);
#1510=DIRECTION('',(-0.9238773838948787,0.38268861954277494,0));
#1511=DIRECTION('',(-0.018039288451802832,-0.04355000324307749,0.9988883727873102));
#1512=FACE_BOUND('',#1513,.T.);
#1513=EDGE_LOOP('',(#1514,#1515,#1516));
#1514=ORIENTED_EDGE('',*,*,#1517,.T.);
#1515=ORIENTED_EDGE('',*,*,#1518,.T.);
#1516=ORIENTED_EDGE('',*,*,#1519,.T.);
#1517=EDGE_CURVE('',#41,#135,#1520,.F.);
#1518=EDGE_CURVE('',#135,#43,#1521,.T.);
#1519=EDGE_CURVE('',#43,#41,#1522,.T.);
#1520=LINE('',#40,#1523);
#1521=LINE('',#134,#1524);
#1522=LINE('',#42,#1525);
#1523=VECTOR('',#1526,1.0);
#1524=VECTOR('',#1527,1.0);
#1525=VECTOR('',#1528,1.0);
#1526=DIRECTION('',(-0.018039288451802832,-0.04355000324307749,0.9988883727873102));
#1527=DIRECTION('',(0.382688619542775,0.9238773838948788,0));
#1528=DIRECTION('',(0,0,-1));
#1529=FACE_SURFACE('',(#1534),#1530,.T.);
#1530=PLANE('',#1531);
#1531=AXIS2_PLACEMENT_3D('',#136,#1532,#1533);
#1532=DIRECTION('',(-0.991447013202228,0.1305098464192697,0));
#1533=DIRECTION('',(0,0,1));
#1534=FACE_BOUND('',#1535,.T.);
#1535=EDGE_LOOP('',(#1536,#1537,#1538));
#1536=ORIENTED_EDGE('',*,*,#1539,.T.);
#1537=ORIENTED_EDGE('',*,*,#1540,.T.);
#1538=ORIENTED_EDGE('',*,*,#1541,.T.);
#1539=EDGE_CURVE('',#137,#139,#1542,.F.);
#1540=EDGE_CURVE('',#139,#141,#1543,.T.);
#1541=EDGE_CURVE('',#141,#137,#1544,.T.);
#1542=LINE('',#136,#1545);
#1543=LINE('',#138,#1546);
#1544=LINE('',#140,#1547);
#1545=VECTOR('',#1548,1.0);
#1546=VECTOR('',#1549,1.0);
#1547=VECTOR('',#1550,1.0);
#1548=DIRECTION('',(0,0,1));
#1549=DIRECTION('',(0.006151836247832749,0.04673378937271076,-0.9988884361337091));
#1550=DIRECTION('',(-0.1305098464192697,-0.991447013202228,0));
#1551=FACE_SURFACE('',(#1556),#1552,.T.);
#1552=PLANE('',#1553);
#1553=AXIS2_PLACEMENT_3D('',#140,#1554,#1555);
#1554=DIRECTION('',(-0.991447013202228,0.1305098464192697,0));
#1555=DIRECTION('',(-0.006151836247832749,-0.04673378937271076,0.9988884361337091));
#1556=FACE_BOUND('',#1557,.T.);
#1557=EDGE_LOOP('',(#1558,#1559,#1560));
#1558=ORIENTED_EDGE('',*,*,#1561,.T.);
#1559=ORIENTED_EDGE('',*,*,#1562,.T.);
#1560=ORIENTED_EDGE('',*,*,#1563,.T.);
#1561=EDGE_CURVE('',#141,#139,#1564,.F.);
#1562=EDGE_CURVE('',#139,#143,#1565,.T.);
#1563=EDGE_CURVE('',#143,#141,#1566,.T.);
#1564=LINE('',#140,#1567);
#1565=LINE('',#138,#1568);
#1566=LINE('',#142,#1569);
#1567=VECTOR('',#1570,1.0);
#1568=VECTOR('',#1571,1.0);
#1569=VECTOR('',#1572,1.0);
#1570=DIRECTION('',(-0.006151836247832749,-0.04673378937271076,0.9988884361337091));
#1571=DIRECTION('',(0.1305098464192697,0.991447013202228,0));
#1572=DIRECTION('',(0,0,-1));
#1573=FACE_SURFACE('',(#1578),#1574,.T.);
#1574=PLANE('',#1575);
#1575=AXIS2_PLACEMENT_3D('',#140,#1576,#1577);
#1576=DIRECTION('',(-0.9914474368478345,-0.13050662806102675,0));
#1577=DIRECTION('',(0,0,1));
#1578=FACE_BOUND('',#1579,.T.);
#1579=EDGE_LOOP('',(#1580,#1581,#1582));
#1580=ORIENTED_EDGE('',*,*,#1583,.T.);
#1581=ORIENTED_EDGE('',*,*,#1584,.T.);
#1582=ORIENTED_EDGE('',*,*,#1585,.T.);
#1583=EDGE_CURVE('',#141,#143,#1586,.F.);
#1584=EDGE_CURVE('',#143,#145,#1587,.T.);
#1585=EDGE_CURVE('',#145,#141,#1588,.T.);
#1586=LINE('',#140,#1589);
#1587=LINE('',#142,#1590);
#1588=LINE('',#144,#1591);
#1589=VECTOR('',#1592,1.0);
#1590=VECTOR('',#1593,1.0);
#1591=VECTOR('',#1594,1.0);
#1592=DIRECTION('',(0,0,1));
#1593=DIRECTION('',(-0.0061518359107512795,0.04673495926023571,-0.9988883814009808));
#1594=DIRECTION('',(0.13050662806102675,-0.9914474368478345,0));
#1595=FACE_SURFACE('',(#1600),#1596,.T.);
#1596=PLANE('',#1597);
#1597=AXIS2_PLACEMENT_3D('',#144,#1598,#1599);
#1598=DIRECTION('',(-0.9914474368478345,-0.13050662806102675,0));
#1599=DIRECTION('',(0.0061518359107512795,-0.04673495926023571,0.9988883814009808));
#1600=FACE_BOUND('',#1601,.T.);
#1601=EDGE_LOOP('',(#1602,#1603,#1604));
#1602=ORIENTED_EDGE('',*,*,#1605,.T.);
#1603=ORIENTED_EDGE('',*,*,#1606,.T.);
#1604=ORIENTED_EDGE('',*,*,#1607,.T.);
#1605=EDGE_CURVE('',#145,#143,#1608,.F.);
#1606=EDGE_CURVE('',#143,#147,#1609,.T.);
#1607=EDGE_CURVE('',#147,#145,#1610,.T.);
#1608=LINE('',#144,#1611);
#1609=LINE('',#142,#1612);
#1610=LINE('',#146,#1613);
#1611=VECTOR('',#1614,1.0);
#1612=VECTOR('',#1615,1.0);
#1613=VECTOR('',#1616,1.0);
#1614=DIRECTION('',(0.0061518359107512795,-0.04673495926023571,0.9988883814009808));
#1615=DIRECTION('',(-0.13050662806102675,0.9914474368478345,0));
#1616=DIRECTION('',(0,0,-1));
#1617=FACE_SURFACE('',(#1622),#1618,.T.);
#1618=PLANE('',#1619);
#1619=AXIS2_PLACEMENT_3D('',#144,#1620,#1621);
#1620=DIRECTION('',(-0.9238755625658777,-0.3826930165205307,0));
#1621=DIRECTION('',(0,0,1));
#1622=FACE_BOUND('',#1623,.T.);
#1623=EDGE_LOOP('',(#1624,#1625,#1626));
#1624=ORIENTED_EDGE('',*,*,#1627,.T.);
#1625=ORIENTED_EDGE('',*,*,#1628,.T.);
#1626=ORIENTED_EDGE('',*,*,#1629,.T.);
#1627=EDGE_CURVE('',#145,#147,#1630,.F.);
#1628=EDGE_CURVE('',#147,#149,#1631,.T.);
#1629=EDGE_CURVE('',#149,#145,#1632,.T.);
#1630=LINE('',#144,#1633);
#1631=LINE('',#146,#1634);
#1632=LINE('',#148,#1635);
#1633=VECTOR('',#1636,1.0);
#1634=VECTOR('',#1637,1.0);
#1635=VECTOR('',#1638,1.0);
#1636=DIRECTION('',(0,0,1));
#1637=DIRECTION('',(-0.018039288912343906,0.04354941813077486,-0.9988883982888218));
#1638=DIRECTION('',(0.3826930165205307,-0.9238755625658776,0));
#1639=FACE_SURFACE('',(#1644),#1640,.T.);
#1640=PLANE('',#1641);
#1641=AXIS2_PLACEMENT_3D('',#148,#1642,#1643);
#1642=DIRECTION('',(-0.9238755625658777,-0.3826930165205307,0));
#1643=DIRECTION('',(0.018039288912343906,-0.04354941813077486,0.9988883982888218));
#1644=FACE_BOUND('',#1645,.T.);
#1645=EDGE_LOOP('',(#1646,#1647,#1648));
#1646=ORIENTED_EDGE('',*,*,#1649,.T.);
#1647=ORIENTED_EDGE('',*,*,#1650,.T.);
#1648=ORIENTED_EDGE('',*,*,#1651,.T.);
#1649=EDGE_CURVE('',#149,#147,#1652,.F.);
#1650=EDGE_CURVE('',#147,#151,#1653,.T.);
#1651=EDGE_CURVE('',#151,#149,#1654,.T.);
#1652=LINE('',#148,#1655);
#1653=LINE('',#146,#1656);
#1654=LINE('',#150,#1657);
#1655=VECTOR('',#1658,1.0);
#1656=VECTOR('',#1659,1.0);
#1657=VECTOR('',#1660,1.0);
#1658=DIRECTION('',(0.018039288912343906,-0.04354941813077486,0.9988883982888218));
#1659=DIRECTION('',(-0.3826930165205307,0.9238755625658776,0));
#1660=DIRECTION('',(0,0,-1));
#1661=FACE_SURFACE('',(#1666),#1662,.T.);
#1662=PLANE('',#1663);
#1663=AXIS2_PLACEMENT_3D('',#148,#1664,#1665);
#1664=DIRECTION('',(-0.7933584928515107,-0.6087547140025935,0));
#1665=DIRECTION('',(0,0,1));
#1666=FACE_BOUND('',#1667,.T.);
#1667=EDGE_LOOP('',(#1668,#1669,#1670));
#1668=ORIENTED_EDGE('',*,*,#1671,.T.);
#1669=ORIENTED_EDGE('',*,*,#1672,.T.);
#1670=ORIENTED_EDGE('',*,*,#1673,.T.);
#1671=EDGE_CURVE('',#149,#151,#1674,.F.);
#1672=EDGE_CURVE('',#151,#153,#1675,.T.);
#1673=EDGE_CURVE('',#153,#149,#1676,.T.);
#1674=LINE('',#148,#1677);
#1675=LINE('',#150,#1678);
#1676=LINE('',#152,#1679);
#1677=VECTOR('',#1680,1.0);
#1678=VECTOR('',#1681,1.0);
#1679=VECTOR('',#1682,1.0);
#1680=DIRECTION('',(0,0,1));
#1681=DIRECTION('',(-0.028695670378646395,0.03739758112636094,-0.9988883718551425));
#1682=DIRECTION('',(0.6087547140025935,-0.7933584928515107,0));
#1683=FACE_SURFACE('',(#1688),#1684,.T.);
#1684=PLANE('',#1685);
#1685=AXIS2_PLACEMENT_3D('',#152,#1686,#1687);
#1686=DIRECTION('',(-0.7933584928515107,-0.6087547140025935,0));
#1687=DIRECTION('',(0.028695670378646395,-0.03739758112636094,0.9988883718551425));
#1688=FACE_BOUND('',#1689,.T.);
#1689=EDGE_LOOP('',(#1690,#1691,#1692));
#1690=ORIENTED_EDGE('',*,*,#1693,.T.);
#1691=ORIENTED_EDGE('',*,*,#1694,.T.);
#1692=ORIENTED_EDGE('',*,*,#1695,.T.);
#1693=EDGE_CURVE('',#153,#151,#1696,.F.);
#1694=EDGE_CURVE('',#151,#155,#1697,.T.);
#1695=EDGE_CURVE('',#155,#153,#1698,.T.);
#1696=LINE('',#152,#1699);
#1697=LINE('',#150,#1700);
#1698=LINE('',#154,#1701);
#1699=VECTOR('',#1702,1.0);
#1700=VECTOR('',#1703,1.0);
#1701=VECTOR('',#1704,1.0);
#1702=DIRECTION('',(0.028695670378646395,-0.03739758112636094,0.9988883718551425));
#1703=DIRECTION('',(-0.6087547140025935,0.7933584928515107,0));
#1704=DIRECTION('',(0,0,-1));
#1705=FACE_SURFACE('',(#1710),#1706,.T.);
#1706=PLANE('',#1707);
#1707=AXIS2_PLACEMENT_3D('',#152,#1708,#1709);
#1708=DIRECTION('',(-0.6087667266158772,-0.7933492752661907,0));
#1709=DIRECTION('',(0,0,1));
#1710=FACE_BOUND('',#1711,.T.);
#1711=EDGE_LOOP('',(#1712,#1713,#1714));
#1712=ORIENTED_EDGE('',*,*,#1715,.T.);
#1713=ORIENTED_EDGE('',*,*,#1716,.T.);
#1714=ORIENTED_EDGE('',*,*,#1717,.T.);
#1715=EDGE_CURVE('',#153,#155,#1718,.F.);
#1716=EDGE_CURVE('',#155,#157,#1719,.T.);
#1717=EDGE_CURVE('',#157,#153,#1720,.T.);
#1718=LINE('',#152,#1721);
#1719=LINE('',#154,#1722);
#1720=LINE('',#156,#1723);
#1721=VECTOR('',#1724,1.0);
#1722=VECTOR('',#1725,1.0);
#1723=VECTOR('',#1726,1.0);
#1724=DIRECTION('',(0,0,1));
#1725=DIRECTION('',(-0.03739641031781756,0.028695671636838,-0.9988884156524452));
#1726=DIRECTION('',(0.7933492752661906,-0.608766726615877,0));
#1727=FACE_SURFACE('',(#1732),#1728,.T.);
#1728=PLANE('',#1729);
#1729=AXIS2_PLACEMENT_3D('',#156,#1730,#1731);
#1730=DIRECTION('',(-0.6087667266158772,-0.7933492752661907,0));
#1731=DIRECTION('',(0.03739641031781756,-0.028695671636838,0.9988884156524452));
#1732=FACE_BOUND('',#1733,.T.);
#1733=EDGE_LOOP('',(#1734,#1735,#1736));
#1734=ORIENTED_EDGE('',*,*,#1737,.T.);
#1735=ORIENTED_EDGE('',*,*,#1738,.T.);
#1736=ORIENTED_EDGE('',*,*,#1739,.T.);
#1737=EDGE_CURVE('',#157,#155,#1740,.F.);
#1738=EDGE_CURVE('',#155,#159,#1741,.T.);
#1739=EDGE_CURVE('',#159,#157,#1742,.T.);
#1740=LINE('',#156,#1743);
#1741=LINE('',#154,#1744);
#1742=LINE('',#158,#1745);
#1743=VECTOR('',#1746,1.0);
#1744=VECTOR('',#1747,1.0);
#1745=VECTOR('',#1748,1.0);
#1746=DIRECTION('',(0.03739641031781756,-0.028695671636838,0.9988884156524452));
#1747=DIRECTION('',(-0.7933492752661906,0.608766726615877,0));
#1748=DIRECTION('',(0,0,-1));
#1749=FACE_SURFACE('',(#1754),#1750,.T.);
#1750=PLANE('',#1751);
#1751=AXIS2_PLACEMENT_3D('',#156,#1752,#1753);
#1752=DIRECTION('',(-0.3826629925879859,-0.923887998679281,0));
#1753=DIRECTION('',(0,0,1));
#1754=FACE_BOUND('',#1755,.T.);
#1755=EDGE_LOOP('',(#1756,#1757,#1758));
#1756=ORIENTED_EDGE('',*,*,#1759,.T.);
#1757=ORIENTED_EDGE('',*,*,#1760,.T.);
#1758=ORIENTED_EDGE('',*,*,#1761,.T.);
#1759=EDGE_CURVE('',#157,#159,#1762,.F.);
#1760=EDGE_CURVE('',#159,#161,#1763,.T.);
#1761=EDGE_CURVE('',#161,#157,#1764,.T.);
#1762=LINE('',#156,#1765);
#1763=LINE('',#158,#1766);
#1764=LINE('',#160,#1767);
#1765=VECTOR('',#1768,1.0);
#1766=VECTOR('',#1769,1.0);
#1767=VECTOR('',#1770,1.0);
#1768=DIRECTION('',(0,0,1));
#1769=DIRECTION('',(-0.04355058927640605,0.01803811592455262,-0.9988883684113907));
#1770=DIRECTION('',(0.9238879986792811,-0.382662992587986,0));
#1771=FACE_SURFACE('',(#1776),#1772,.T.);
#1772=PLANE('',#1773);
#1773=AXIS2_PLACEMENT_3D('',#160,#1774,#1775);
#1774=DIRECTION('',(-0.3826629925879859,-0.923887998679281,0));
#1775=DIRECTION('',(0.04355058927640605,-0.01803811592455262,0.9988883684113907));
#1776=FACE_BOUND('',#1777,.T.);
#1777=EDGE_LOOP('',(#1778,#1779,#1780));
#1778=ORIENTED_EDGE('',*,*,#1781,.T.);
#1779=ORIENTED_EDGE('',*,*,#1782,.T.);
#1780=ORIENTED_EDGE('',*,*,#1783,.T.);
#1781=EDGE_CURVE('',#161,#159,#1784,.F.);
#1782=EDGE_CURVE('',#159,#163,#1785,.T.);
#1783=EDGE_CURVE('',#163,#161,#1786,.T.);
#1784=LINE('',#160,#1787);
#1785=LINE('',#158,#1788);
#1786=LINE('',#162,#1789);
#1787=VECTOR('',#1790,1.0);
#1788=VECTOR('',#1791,1.0);
#1789=VECTOR('',#1792,1.0);
#1790=DIRECTION('',(0.04355058927640605,-0.01803811592455262,0.9988883684113907));
#1791=DIRECTION('',(-0.9238879986792811,0.382662992587986,0));
#1792=DIRECTION('',(0,0,-1));
#1793=FACE_SURFACE('',(#1798),#1794,.T.);
#1794=PLANE('',#1795);
#1795=AXIS2_PLACEMENT_3D('',#160,#1796,#1797);
#1796=DIRECTION('',(-0.13053429587057355,-0.9914437944742877,0));
#1797=DIRECTION('',(0,0,1));
#1798=FACE_BOUND('',#1799,.T.);
#1799=EDGE_LOOP('',(#1800,#1801,#1802));
#1800=ORIENTED_EDGE('',*,*,#1803,.T.);
#1801=ORIENTED_EDGE('',*,*,#1804,.T.);
#1802=ORIENTED_EDGE('',*,*,#1805,.T.);
#1803=EDGE_CURVE('',#161,#163,#1806,.F.);
#1804=EDGE_CURVE('',#163,#165,#1807,.T.);
#1805=EDGE_CURVE('',#165,#161,#1808,.T.);
#1806=LINE('',#160,#1809);
#1807=LINE('',#162,#1810);
#1808=LINE('',#164,#1811);
#1809=VECTOR('',#1812,1.0);
#1810=VECTOR('',#1813,1.0);
#1811=VECTOR('',#1814,1.0);
#1812=DIRECTION('',(0,0,1));
#1813=DIRECTION('',(-0.046733789035601374,0.006153008651752032,-0.99888842892833));
#1814=DIRECTION('',(0.9914437944742878,-0.13053429587057355,0));
#1815=FACE_SURFACE('',(#1820),#1816,.T.);
#1816=PLANE('',#1817);
#1817=AXIS2_PLACEMENT_3D('',#164,#1818,#1819);
#1818=DIRECTION('',(-0.13053429587057355,-0.9914437944742877,0));
#1819=DIRECTION('',(0.046733789035601374,-0.006153008651752032,0.99888842892833));
#1820=FACE_BOUND('',#1821,.T.);
#1821=EDGE_LOOP('',(#1822,#1823,#1824));
#1822=ORIENTED_EDGE('',*,*,#1825,.T.);
#1823=ORIENTED_EDGE('',*,*,#1826,.T.);
#1824=ORIENTED_EDGE('',*,*,#1827,.T.);
#1825=EDGE_CURVE('',#165,#163,#1828,.F.);
#1826=EDGE_CURVE('',#163,#167,#1829,.T.);
#1827=EDGE_CURVE('',#167,#165,#1830,.T.);
#1828=LINE('',#164,#1831);
#1829=LINE('',#162,#1832);
#1830=LINE('',#166,#1833);
#1831=VECTOR('',#1834,1.0);
#1832=VECTOR('',#1835,1.0);
#1833=VECTOR('',#1836,1.0);
#1834=DIRECTION('',(0.046733789035601374,-0.006153008651752032,0.99888842892833));
#1835=DIRECTION('',(-0.9914437944742878,0.13053429587057355,0));
#1836=DIRECTION('',(0,0,-1));
#1837=FACE_SURFACE('',(#1842),#1838,.T.);
#1838=PLANE('',#1839);
#1839=AXIS2_PLACEMENT_3D('',#164,#1840,#1841);
#1840=DIRECTION('',(0.13053107693030977,-0.9914442182772633,0));
#1841=DIRECTION('',(0,0,1));
#1842=FACE_BOUND('',#1843,.T.);
#1843=EDGE_LOOP('',(#1844,#1845,#1846));
#1844=ORIENTED_EDGE('',*,*,#1847,.T.);
#1845=ORIENTED_EDGE('',*,*,#1848,.T.);
#1846=ORIENTED_EDGE('',*,*,#1849,.T.);
#1847=EDGE_CURVE('',#165,#167,#1850,.F.);
#1848=EDGE_CURVE('',#167,#169,#1851,.T.);
#1849=EDGE_CURVE('',#169,#165,#1852,.T.);
#1850=LINE('',#164,#1853);
#1851=LINE('',#166,#1854);
#1852=LINE('',#168,#1855);
#1853=VECTOR('',#1856,1.0);
#1854=VECTOR('',#1857,1.0);
#1855=VECTOR('',#1858,1.0);
#1856=DIRECTION('',(0,0,1));
#1857=DIRECTION('',(-0.04673495892311792,-0.006153008314606329,-0.998888374195603));
#1858=DIRECTION('',(0.9914442182772633,0.13053107693030977,0));
#1859=FACE_SURFACE('',(#1864),#1860,.T.);
#1860=PLANE('',#1861);
#1861=AXIS2_PLACEMENT_3D('',#168,#1862,#1863);
#1862=DIRECTION('',(0.13053107693030977,-0.9914442182772633,0));
#1863=DIRECTION('',(0.04673495892311792,0.006153008314606329,0.998888374195603));
#1864=FACE_BOUND('',#1865,.T.);
#1865=EDGE_LOOP('',(#1866,#1867,#1868));
#1866=ORIENTED_EDGE('',*,*,#1869,.T.);
#1867=ORIENTED_EDGE('',*,*,#1870,.T.);
#1868=ORIENTED_EDGE('',*,*,#1871,.T.);
#1869=EDGE_CURVE('',#169,#167,#1872,.F.);
#1870=EDGE_CURVE('',#167,#171,#1873,.T.);
#1871=EDGE_CURVE('',#171,#169,#1874,.T.);
#1872=LINE('',#168,#1875);
#1873=LINE('',#166,#1876);
#1874=LINE('',#170,#1877);
#1875=VECTOR('',#1878,1.0);
#1876=VECTOR('',#1879,1.0);
#1877=VECTOR('',#1880,1.0);
#1878=DIRECTION('',(0.04673495892311792,0.006153008314606329,0.998888374195603));
#1879=DIRECTION('',(-0.9914442182772633,-0.13053107693030977,0));
#1880=DIRECTION('',(0,0,-1));
#1881=FACE_SURFACE('',(#1886),#1882,.T.);
#1882=PLANE('',#1883);
#1883=AXIS2_PLACEMENT_3D('',#168,#1884,#1885);
#1884=DIRECTION('',(0.3826717861306707,-0.9238843564535348,0));
#1885=DIRECTION('',(0,0,1));
#1886=FACE_BOUND('',#1887,.T.);
#1887=EDGE_LOOP('',(#1888,#1889,#1890));
#1888=ORIENTED_EDGE('',*,*,#1891,.T.);
#1889=ORIENTED_EDGE('',*,*,#1892,.T.);
#1890=ORIENTED_EDGE('',*,*,#1893,.T.);
#1891=EDGE_CURVE('',#169,#171,#1894,.F.);
#1892=EDGE_CURVE('',#171,#173,#1895,.T.);
#1893=EDGE_CURVE('',#173,#169,#1896,.T.);
#1894=LINE('',#168,#1897);
#1895=LINE('',#170,#1898);
#1896=LINE('',#172,#1899);
#1897=VECTOR('',#1900,1.0);
#1898=VECTOR('',#1901,1.0);
#1899=VECTOR('',#1902,1.0);
#1900=DIRECTION('',(0,0,1));
#1901=DIRECTION('',(-0.043549419051820935,-0.01803811684558112,-0.9988884194147583));
#1902=DIRECTION('',(0.9238843564535347,0.3826717861306707,0));
#1903=FACE_SURFACE('',(#1908),#1904,.T.);
#1904=PLANE('',#1905);
#1905=AXIS2_PLACEMENT_3D('',#172,#1906,#1907);
#1906=DIRECTION('',(0.3826717861306707,-0.9238843564535348,0));
#1907=DIRECTION('',(0.043549419051820935,0.01803811684558112,0.9988884194147583));
#1908=FACE_BOUND('',#1909,.T.);
#1909=EDGE_LOOP('',(#1910,#1911,#1912));
#1910=ORIENTED_EDGE('',*,*,#1913,.T.);
#1911=ORIENTED_EDGE('',*,*,#1914,.T.);
#1912=ORIENTED_EDGE('',*,*,#1915,.T.);
#1913=EDGE_CURVE('',#173,#171,#1916,.F.);
#1914=EDGE_CURVE('',#171,#175,#1917,.T.);
#1915=EDGE_CURVE('',#175,#173,#1918,.T.);
#1916=LINE('',#172,#1919);
#1917=LINE('',#170,#1920);
#1918=LINE('',#174,#1921);
#1919=VECTOR('',#1922,1.0);
#1920=VECTOR('',#1923,1.0);
#1921=VECTOR('',#1924,1.0);
#1922=DIRECTION('',(0.043549419051820935,0.01803811684558112,0.9988884194147583));
#1923=DIRECTION('',(-0.9238843564535347,-0.3826717861306707,0));
#1924=DIRECTION('',(0,0,-1));
#1925=FACE_SURFACE('',(#1930),#1926,.T.);
#1926=PLANE('',#1927);
#1927=AXIS2_PLACEMENT_3D('',#172,#1928,#1929);
#1928=DIRECTION('',(0.6087667266158772,-0.7933492752661907,0));
#1929=DIRECTION('',(0,0,1));
#1930=FACE_BOUND('',#1931,.T.);
#1931=EDGE_LOOP('',(#1932,#1933,#1934));
#1932=ORIENTED_EDGE('',*,*,#1935,.T.);
#1933=ORIENTED_EDGE('',*,*,#1936,.T.);
#1934=ORIENTED_EDGE('',*,*,#1937,.T.);
#1935=EDGE_CURVE('',#173,#175,#1938,.F.);
#1936=EDGE_CURVE('',#175,#177,#1939,.T.);
#1937=EDGE_CURVE('',#177,#173,#1940,.T.);
#1938=LINE('',#172,#1941);
#1939=LINE('',#174,#1942);
#1940=LINE('',#176,#1943);
#1941=VECTOR('',#1944,1.0);
#1942=VECTOR('',#1945,1.0);
#1943=VECTOR('',#1946,1.0);
#1944=DIRECTION('',(0,0,1));
#1945=DIRECTION('',(-0.03739641031781756,-0.028695671636838,-0.9988884156524452));
#1946=DIRECTION('',(0.7933492752661906,0.608766726615877,0));
#1947=FACE_SURFACE('',(#1952),#1948,.T.);
#1948=PLANE('',#1949);
#1949=AXIS2_PLACEMENT_3D('',#176,#1950,#1951);
#1950=DIRECTION('',(0.6087667266158772,-0.7933492752661907,0));
#1951=DIRECTION('',(0.03739641031781756,0.028695671636838,0.9988884156524452));
#1952=FACE_BOUND('',#1953,.T.);
#1953=EDGE_LOOP('',(#1954,#1955,#1956));
#1954=ORIENTED_EDGE('',*,*,#1957,.T.);
#1955=ORIENTED_EDGE('',*,*,#1958,.T.);
#1956=ORIENTED_EDGE('',*,*,#1959,.T.);
#1957=EDGE_CURVE('',#177,#175,#1960,.F.);
#1958=EDGE_CURVE('',#175,#179,#1961,.T.);
#1959=EDGE_CURVE('',#179,#177,#1962,.T.);
#1960=LINE('',#176,#1963);
#1961=LINE('',#174,#1964);
#1962=LINE('',#178,#1965);
#1963=VECTOR('',#1966,1.0);
#1964=VECTOR('',#1967,1.0);
#1965=VECTOR('',#1968,1.0);
#1966=DIRECTION('',(0.03739641031781756,0.028695671636838,0.9988884156524452));
#1967=DIRECTION('',(-0.7933492752661906,-0.608766726615877,0));
#1968=DIRECTION('',(0,0,-1));
#1969=FACE_SURFACE('',(#1974),#1970,.T.);
#1970=PLANE('',#1971);
#1971=AXIS2_PLACEMENT_3D('',#176,#1972,#1973);
#1972=DIRECTION('',(0.7933584928515107,-0.6087547140025935,0));
#1973=DIRECTION('',(0,0,1));
#1974=FACE_BOUND('',#1975,.T.);
#1975=EDGE_LOOP('',(#1976,#1977,#1978));
#1976=ORIENTED_EDGE('',*,*,#1979,.T.);
#1977=ORIENTED_EDGE('',*,*,#1980,.T.);
#1978=ORIENTED_EDGE('',*,*,#1981,.T.);
#1979=EDGE_CURVE('',#177,#179,#1982,.F.);
#1980=EDGE_CURVE('',#179,#181,#1983,.T.);
#1981=EDGE_CURVE('',#181,#177,#1984,.T.);
#1982=LINE('',#176,#1985);
#1983=LINE('',#178,#1986);
#1984=LINE('',#180,#1987);
#1985=VECTOR('',#1988,1.0);
#1986=VECTOR('',#1989,1.0);
#1987=VECTOR('',#1990,1.0);
#1988=DIRECTION('',(0,0,1));
#1989=DIRECTION('',(-0.028695670378646395,-0.03739758112636094,-0.9988883718551425));
#1990=DIRECTION('',(0.6087547140025935,0.7933584928515107,0));
#1991=FACE_SURFACE('',(#1996),#1992,.T.);
#1992=PLANE('',#1993);
#1993=AXIS2_PLACEMENT_3D('',#180,#1994,#1995);
#1994=DIRECTION('',(0.7933584928515107,-0.6087547140025935,0));
#1995=DIRECTION('',(0.028695670378646395,0.03739758112636094,0.9988883718551425));
#1996=FACE_BOUND('',#1997,.T.);
#1997=EDGE_LOOP('',(#1998,#1999,#2000));
#1998=ORIENTED_EDGE('',*,*,#2001,.T.);
#1999=ORIENTED_EDGE('',*,*,#2002,.T.);
#2000=ORIENTED_EDGE('',*,*,#2003,.T.);
#2001=EDGE_CURVE('',#181,#179,#2004,.F.);
#2002=EDGE_CURVE('',#179,#183,#2005,.T.);
#2003=EDGE_CURVE('',#183,#181,#2006,.T.);
#2004=LINE('',#180,#2007);
#2005=LINE('',#178,#2008);
#2006=LINE('',#182,#2009);
#2007=VECTOR('',#2010,1.0);
#2008=VECTOR('',#2011,1.0);
#2009=VECTOR('',#2012,1.0);
#2010=DIRECTION('',(0.028695670378646395,0.03739758112636094,0.9988883718551425));
#2011=DIRECTION('',(-0.6087547140025935,-0.7933584928515107,0));
#2012=DIRECTION('',(0,0,-1));
#2013=FACE_SURFACE('',(#2018),#2014,.T.);
#2014=PLANE('',#2015);
#2015=AXIS2_PLACEMENT_3D('',#180,#2016,#2017);
#2016=DIRECTION('',(0.9238755625658777,-0.3826930165205307,0));
#2017=DIRECTION('',(0,0,1));
#2018=FACE_BOUND('',#2019,.T.);
#2019=EDGE_LOOP('',(#2020,#2021,#2022));
#2020=ORIENTED_EDGE('',*,*,#2023,.T.);
#2021=ORIENTED_EDGE('',*,*,#2024,.T.);
#2022=ORIENTED_EDGE('',*,*,#2025,.T.);
#2023=EDGE_CURVE('',#181,#183,#2026,.F.);
#2024=EDGE_CURVE('',#183,#185,#2027,.T.);
#2025=EDGE_CURVE('',#185,#181,#2028,.T.);
#2026=LINE('',#180,#2029);
#2027=LINE('',#182,#2030);
#2028=LINE('',#184,#2031);
#2029=VECTOR('',#2032,1.0);
#2030=VECTOR('',#2033,1.0);
#2031=VECTOR('',#2034,1.0);
#2032=DIRECTION('',(0,0,1));
#2033=DIRECTION('',(-0.018039288912343906,-0.04354941813077486,-0.9988883982888218));
#2034=DIRECTION('',(0.3826930165205307,0.9238755625658776,0));
#2035=FACE_SURFACE('',(#2040),#2036,.T.);
#2036=PLANE('',#2037);
#2037=AXIS2_PLACEMENT_3D('',#184,#2038,#2039);
#2038=DIRECTION('',(0.9238755625658777,-0.3826930165205307,0));
#2039=DIRECTION('',(0.018039288912343906,0.04354941813077486,0.9988883982888218));
#2040=FACE_BOUND('',#2041,.T.);
#2041=EDGE_LOOP('',(#2042,#2043,#2044));
#2042=ORIENTED_EDGE('',*,*,#2045,.T.);
#2043=ORIENTED_EDGE('',*,*,#2046,.T.);
#2044=ORIENTED_EDGE('',*,*,#2047,.T.);
#2045=EDGE_CURVE('',#185,#183,#2048,.F.);
#2046=EDGE_CURVE('',#183,#187,#2049,.T.);
#2047=EDGE_CURVE('',#187,#185,#2050,.T.);
#2048=LINE('',#184,#2051);
#2049=LINE('',#182,#2052);
#2050=LINE('',#186,#2053);
#2051=VECTOR('',#2054,1.0);
#2052=VECTOR('',#2055,1.0);
#2053=VECTOR('',#2056,1.0);
#2054=DIRECTION('',(0.018039288912343906,0.04354941813077486,0.9988883982888218));
#2055=DIRECTION('',(-0.3826930165205307,-0.9238755625658776,0));
#2056=DIRECTION('',(0,0,-1));
#2057=FACE_SURFACE('',(#2062),#2058,.T.);
#2058=PLANE('',#2059);
#2059=AXIS2_PLACEMENT_3D('',#184,#2060,#2061);
#2060=DIRECTION('',(0.9914442182772633,-0.13053107693030977,0));
#2061=DIRECTION('',(0,0,1));
#2062=FACE_BOUND('',#2063,.T.);
#2063=EDGE_LOOP('',(#2064,#2065,#2066));
#2064=ORIENTED_EDGE('',*,*,#2067,.T.);
#2065=ORIENTED_EDGE('',*,*,#2068,.T.);
#2066=ORIENTED_EDGE('',*,*,#2069,.T.);
#2067=EDGE_CURVE('',#185,#187,#2070,.F.);
#2068=EDGE_CURVE('',#187,#189,#2071,.T.);
#2069=EDGE_CURVE('',#189,#185,#2072,.T.);
#2070=LINE('',#184,#2073);
#2071=LINE('',#186,#2074);
#2072=LINE('',#188,#2075);
#2073=VECTOR('',#2076,1.0);
#2074=VECTOR('',#2077,1.0);
#2075=VECTOR('',#2078,1.0);
#2076=DIRECTION('',(0,0,1));
#2077=DIRECTION('',(-0.006153008314606329,-0.04673495892311792,-0.998888374195603));
#2078=DIRECTION('',(0.13053107693030977,0.9914442182772633,0));
#2079=FACE_SURFACE('',(#2084),#2080,.T.);
#2080=PLANE('',#2081);
#2081=AXIS2_PLACEMENT_3D('',#188,#2082,#2083);
#2082=DIRECTION('',(0.9914442182772633,-0.13053107693030977,0));
#2083=DIRECTION('',(0.006153008314606329,0.04673495892311792,0.998888374195603));
#2084=FACE_BOUND('',#2085,.T.);
#2085=EDGE_LOOP('',(#2086,#2087,#2088));
#2086=ORIENTED_EDGE('',*,*,#2089,.T.);
#2087=ORIENTED_EDGE('',*,*,#2090,.T.);
#2088=ORIENTED_EDGE('',*,*,#2091,.T.);
#2089=EDGE_CURVE('',#189,#187,#2092,.F.);
#2090=EDGE_CURVE('',#187,#191,#2093,.T.);
#2091=EDGE_CURVE('',#191,#189,#2094,.T.);
#2092=LINE('',#188,#2095);
#2093=LINE('',#186,#2096);
#2094=LINE('',#190,#2097);
#2095=VECTOR('',#2098,1.0);
#2096=VECTOR('',#2099,1.0);
#2097=VECTOR('',#2100,1.0);
#2098=DIRECTION('',(0.006153008314606329,0.04673495892311792,0.998888374195603));
#2099=DIRECTION('',(-0.13053107693030977,-0.9914442182772633,0));
#2100=DIRECTION('',(0,0,-1));
#2101=FACE_SURFACE('',(#2106),#2102,.T.);
#2102=PLANE('',#2103);
#2103=AXIS2_PLACEMENT_3D('',#188,#2104,#2105);
#2104=DIRECTION('',(0.9914437944742877,0.13053429587057355,-0));
#2105=DIRECTION('',(0,0,1));
#2106=FACE_BOUND('',#2107,.T.);
#2107=EDGE_LOOP('',(#2108,#2109,#2110));
#2108=ORIENTED_EDGE('',*,*,#2111,.T.);
#2109=ORIENTED_EDGE('',*,*,#2112,.T.);
#2110=ORIENTED_EDGE('',*,*,#2113,.T.);
#2111=EDGE_CURVE('',#189,#191,#2114,.F.);
#2112=EDGE_CURVE('',#191,#193,#2115,.T.);
#2113=EDGE_CURVE('',#193,#189,#2116,.T.);
#2114=LINE('',#188,#2117);
#2115=LINE('',#190,#2118);
#2116=LINE('',#192,#2119);
#2117=VECTOR('',#2120,1.0);
#2118=VECTOR('',#2121,1.0);
#2119=VECTOR('',#2122,1.0);
#2120=DIRECTION('',(0,0,1));
#2121=DIRECTION('',(0.006153008651752032,-0.046733789035601374,-0.99888842892833));
#2122=DIRECTION('',(-0.13053429587057355,0.9914437944742878,0));
#2123=FACE_SURFACE('',(#2128),#2124,.T.);
#2124=PLANE('',#2125);
#2125=AXIS2_PLACEMENT_3D('',#192,#2126,#2127);
#2126=DIRECTION('',(0.9914437944742877,0.13053429587057355,-0));
#2127=DIRECTION('',(-0.006153008651752032,0.046733789035601374,0.99888842892833));
#2128=FACE_BOUND('',#2129,.T.);
#2129=EDGE_LOOP('',(#2130,#2131,#2132));
#2130=ORIENTED_EDGE('',*,*,#2133,.T.);
#2131=ORIENTED_EDGE('',*,*,#2134,.T.);
#2132=ORIENTED_EDGE('',*,*,#2135,.T.);
#2133=EDGE_CURVE('',#193,#191,#2136,.F.);
#2134=EDGE_CURVE('',#191,#195,#2137,.T.);
#2135=EDGE_CURVE('',#195,#193,#2138,.T.);
#2136=LINE('',#192,#2139);
#2137=LINE('',#190,#2140);
#2138=LINE('',#194,#2141);
#2139=VECTOR('',#2142,1.0);
#2140=VECTOR('',#2143,1.0);
#2141=VECTOR('',#2144,1.0);
#2142=DIRECTION('',(-0.006153008651752032,0.046733789035601374,0.99888842892833));
#2143=DIRECTION('',(0.13053429587057355,-0.9914437944742878,0));
#2144=DIRECTION('',(0,0,-1));
#2145=FACE_SURFACE('',(#2150),#2146,.T.);
#2146=PLANE('',#2147);
#2147=AXIS2_PLACEMENT_3D('',#192,#2148,#2149);
#2148=DIRECTION('',(0.9238755625658777,0.3826930165205307,-0));
#2149=DIRECTION('',(0,0,1));
#2150=FACE_BOUND('',#2151,.T.);
#2151=EDGE_LOOP('',(#2152,#2153,#2154));
#2152=ORIENTED_EDGE('',*,*,#2155,.T.);
#2153=ORIENTED_EDGE('',*,*,#2156,.T.);
#2154=ORIENTED_EDGE('',*,*,#2157,.T.);
#2155=EDGE_CURVE('',#193,#195,#2158,.F.);
#2156=EDGE_CURVE('',#195,#197,#2159,.T.);
#2157=EDGE_CURVE('',#197,#193,#2160,.T.);
#2158=LINE('',#192,#2161);
#2159=LINE('',#194,#2162);
#2160=LINE('',#196,#2163);
#2161=VECTOR('',#2164,1.0);
#2162=VECTOR('',#2165,1.0);
#2163=VECTOR('',#2166,1.0);
#2164=DIRECTION('',(0,0,1));
#2165=DIRECTION('',(0.018039288912343906,-0.04354941813077486,-0.9988883982888218));
#2166=DIRECTION('',(-0.3826930165205307,0.9238755625658776,0));
#2167=FACE_SURFACE('',(#2172),#2168,.T.);
#2168=PLANE('',#2169);
#2169=AXIS2_PLACEMENT_3D('',#196,#2170,#2171);
#2170=DIRECTION('',(0.9238755625658777,0.3826930165205307,-0));
#2171=DIRECTION('',(-0.018039288912343906,0.04354941813077486,0.9988883982888218));
#2172=FACE_BOUND('',#2173,.T.);
#2173=EDGE_LOOP('',(#2174,#2175,#2176));
#2174=ORIENTED_EDGE('',*,*,#2177,.T.);
#2175=ORIENTED_EDGE('',*,*,#2178,.T.);
#2176=ORIENTED_EDGE('',*,*,#2179,.T.);
#2177=EDGE_CURVE('',#197,#195,#2180,.F.);
#2178=EDGE_CURVE('',#195,#199,#2181,.T.);
#2179=EDGE_CURVE('',#199,#197,#2182,.T.);
#2180=LINE('',#196,#2183);
#2181=LINE('',#194,#2184);
#2182=LINE('',#198,#2185);
#2183=VECTOR('',#2186,1.0);
#2184=VECTOR('',#2187,1.0);
#2185=VECTOR('',#2188,1.0);
#2186=DIRECTION('',(-0.018039288912343906,0.04354941813077486,0.9988883982888218));
#2187=DIRECTION('',(0.3826930165205307,-0.9238755625658776,0));
#2188=DIRECTION('',(0,0,-1));
#2189=FACE_SURFACE('',(#2194),#2190,.T.);
#2190=PLANE('',#2191);
#2191=AXIS2_PLACEMENT_3D('',#196,#2192,#2193);
#2192=DIRECTION('',(0.7933584928515107,0.6087547140025935,-0));
#2193=DIRECTION('',(0,0,1));
#2194=FACE_BOUND('',#2195,.T.);
#2195=EDGE_LOOP('',(#2196,#2197,#2198));
#2196=ORIENTED_EDGE('',*,*,#2199,.T.);
#2197=ORIENTED_EDGE('',*,*,#2200,.T.);
#2198=ORIENTED_EDGE('',*,*,#2201,.T.);
#2199=EDGE_CURVE('',#197,#199,#2202,.F.);
#2200=EDGE_CURVE('',#199,#201,#2203,.T.);
#2201=EDGE_CURVE('',#201,#197,#2204,.T.);
#2202=LINE('',#196,#2205);
#2203=LINE('',#198,#2206);
#2204=LINE('',#200,#2207);
#2205=VECTOR('',#2208,1.0);
#2206=VECTOR('',#2209,1.0);
#2207=VECTOR('',#2210,1.0);
#2208=DIRECTION('',(0,0,1));
#2209=DIRECTION('',(0.028695670378646395,-0.03739758112636094,-0.9988883718551425));
#2210=DIRECTION('',(-0.6087547140025935,0.7933584928515107,0));
#2211=FACE_SURFACE('',(#2216),#2212,.T.);
#2212=PLANE('',#2213);
#2213=AXIS2_PLACEMENT_3D('',#200,#2214,#2215);
#2214=DIRECTION('',(0.7933584928515107,0.6087547140025935,-0));
#2215=DIRECTION('',(-0.028695670378646395,0.03739758112636094,0.9988883718551425));
#2216=FACE_BOUND('',#2217,.T.);
#2217=EDGE_LOOP('',(#2218,#2219,#2220));
#2218=ORIENTED_EDGE('',*,*,#2221,.T.);
#2219=ORIENTED_EDGE('',*,*,#2222,.T.);
#2220=ORIENTED_EDGE('',*,*,#2223,.T.);
#2221=EDGE_CURVE('',#201,#199,#2224,.F.);
#2222=EDGE_CURVE('',#199,#203,#2225,.T.);
#2223=EDGE_CURVE('',#203,#201,#2226,.T.);
#2224=LINE('',#200,#2227);
#2225=LINE('',#198,#2228);
#2226=LINE('',#202,#2229);
#2227=VECTOR('',#2230,1.0);
#2228=VECTOR('',#2231,1.0);
#2229=VECTOR('',#2232,1.0);
#2230=DIRECTION('',(-0.028695670378646395,0.03739758112636094,0.9988883718551425));
#2231=DIRECTION('',(0.6087547140025935,-0.7933584928515107,0));
#2232=DIRECTION('',(0,0,-1));
#2233=FACE_SURFACE('',(#2238),#2234,.T.);
#2234=PLANE('',#2235);
#2235=AXIS2_PLACEMENT_3D('',#200,#2236,#2237);
#2236=DIRECTION('',(0.6087667266158772,0.7933492752661907,-0));
#2237=DIRECTION('',(0,0,1));
#2238=FACE_BOUND('',#2239,.T.);
#2239=EDGE_LOOP('',(#2240,#2241,#2242));
#2240=ORIENTED_EDGE('',*,*,#2243,.T.);
#2241=ORIENTED_EDGE('',*,*,#2244,.T.);
#2242=ORIENTED_EDGE('',*,*,#2245,.T.);
#2243=EDGE_CURVE('',#201,#203,#2246,.F.);
#2244=EDGE_CURVE('',#203,#205,#2247,.T.);
#2245=EDGE_CURVE('',#205,#201,#2248,.T.);
#2246=LINE('',#200,#2249);
#2247=LINE('',#202,#2250);
#2248=LINE('',#204,#2251);
#2249=VECTOR('',#2252,1.0);
#2250=VECTOR('',#2253,1.0);
#2251=VECTOR('',#2254,1.0);
#2252=DIRECTION('',(0,0,1));
#2253=DIRECTION('',(0.03739641031781756,-0.028695671636838,-0.9988884156524452));
#2254=DIRECTION('',(-0.7933492752661906,0.608766726615877,0));
#2255=FACE_SURFACE('',(#2260),#2256,.T.);
#2256=PLANE('',#2257);
#2257=AXIS2_PLACEMENT_3D('',#204,#2258,#2259);
#2258=DIRECTION('',(0.6087667266158772,0.7933492752661907,-0));
#2259=DIRECTION('',(-0.03739641031781756,0.028695671636838,0.9988884156524452));
#2260=FACE_BOUND('',#2261,.T.);
#2261=EDGE_LOOP('',(#2262,#2263,#2264));
#2262=ORIENTED_EDGE('',*,*,#2265,.T.);
#2263=ORIENTED_EDGE('',*,*,#2266,.T.);
#2264=ORIENTED_EDGE('',*,*,#2267,.T.);
#2265=EDGE_CURVE('',#205,#203,#2268,.F.);
#2266=EDGE_CURVE('',#203,#207,#2269,.T.);
#2267=EDGE_CURVE('',#207,#205,#2270,.T.);
#2268=LINE('',#204,#2271);
#2269=LINE('',#202,#2272);
#2270=LINE('',#206,#2273);
#2271=VECTOR('',#2274,1.0);
#2272=VECTOR('',#2275,1.0);
#2273=VECTOR('',#2276,1.0);
#2274=DIRECTION('',(-0.03739641031781756,0.028695671636838,0.9988884156524452));
#2275=DIRECTION('',(0.7933492752661906,-0.608766726615877,0));
#2276=DIRECTION('',(0,0,-1));
#2277=FACE_SURFACE('',(#2282),#2278,.T.);
#2278=PLANE('',#2279);
#2279=AXIS2_PLACEMENT_3D('',#204,#2280,#2281);
#2280=DIRECTION('',(0.3826717861306707,0.9238843564535348,-0));
#2281=DIRECTION('',(0,0,1));
#2282=FACE_BOUND('',#2283,.T.);
#2283=EDGE_LOOP('',(#2284,#2285,#2286));
#2284=ORIENTED_EDGE('',*,*,#2287,.T.);
#2285=ORIENTED_EDGE('',*,*,#2288,.T.);
#2286=ORIENTED_EDGE('',*,*,#2289,.T.);
#2287=EDGE_CURVE('',#205,#207,#2290,.F.);
#2288=EDGE_CURVE('',#207,#209,#2291,.T.);
#2289=EDGE_CURVE('',#209,#205,#2292,.T.);
#2290=LINE('',#204,#2293);
#2291=LINE('',#206,#2294);
#2292=LINE('',#208,#2295);
#2293=VECTOR('',#2296,1.0);
#2294=VECTOR('',#2297,1.0);
#2295=VECTOR('',#2298,1.0);
#2296=DIRECTION('',(0,0,1));
#2297=DIRECTION('',(0.043549419051820935,-0.01803811684558112,-0.9988884194147583));
#2298=DIRECTION('',(-0.9238843564535347,0.3826717861306707,0));
#2299=FACE_SURFACE('',(#2304),#2300,.T.);
#2300=PLANE('',#2301);
#2301=AXIS2_PLACEMENT_3D('',#208,#2302,#2303);
#2302=DIRECTION('',(0.3826717861306707,0.9238843564535348,-0));
#2303=DIRECTION('',(-0.043549419051820935,0.01803811684558112,0.9988884194147583));
#2304=FACE_BOUND('',#2305,.T.);
#2305=EDGE_LOOP('',(#2306,#2307,#2308));
#2306=ORIENTED_EDGE('',*,*,#2309,.T.);
#2307=ORIENTED_EDGE('',*,*,#2310,.T.);
#2308=ORIENTED_EDGE('',*,*,#2311,.T.);
#2309=EDGE_CURVE('',#209,#207,#2312,.F.);
#2310=EDGE_CURVE('',#207,#211,#2313,.T.);
#2311=EDGE_CURVE('',#211,#209,#2314,.T.);
#2312=LINE('',#208,#2315);
#2313=LINE('',#206,#2316);
#2314=LINE('',#210,#2317);
#2315=VECTOR('',#2318,1.0);
#2316=VECTOR('',#2319,1.0);
#2317=VECTOR('',#2320,1.0);
#2318=DIRECTION('',(-0.043549419051820935,0.01803811684558112,0.9988884194147583));
#2319=DIRECTION('',(0.9238843564535347,-0.3826717861306707,0));
#2320=DIRECTION('',(0,0,-1));
#2321=FACE_SURFACE('',(#2326),#2322,.T.);
#2322=PLANE('',#2323);
#2323=AXIS2_PLACEMENT_3D('',#208,#2324,#2325);
#2324=DIRECTION('',(0.13053107693030977,0.9914442182772633,-0));
#2325=DIRECTION('',(0,0,1));
#2326=FACE_BOUND('',#2327,.T.);
#2327=EDGE_LOOP('',(#2328,#2329,#2330));
#2328=ORIENTED_EDGE('',*,*,#2331,.T.);
#2329=ORIENTED_EDGE('',*,*,#2332,.T.);
#2330=ORIENTED_EDGE('',*,*,#2333,.T.);
#2331=EDGE_CURVE('',#209,#211,#2334,.F.);
#2332=EDGE_CURVE('',#211,#213,#2335,.T.);
#2333=EDGE_CURVE('',#213,#209,#2336,.T.);
#2334=LINE('',#208,#2337);
#2335=LINE('',#210,#2338);
#2336=LINE('',#212,#2339);
#2337=VECTOR('',#2340,1.0);
#2338=VECTOR('',#2341,1.0);
#2339=VECTOR('',#2342,1.0);
#2340=DIRECTION('',(0,0,1));
#2341=DIRECTION('',(0.04673495892311792,-0.006153008314606329,-0.998888374195603));
#2342=DIRECTION('',(-0.9914442182772633,0.13053107693030977,0));
#2343=FACE_SURFACE('',(#2348),#2344,.T.);
#2344=PLANE('',#2345);
#2345=AXIS2_PLACEMENT_3D('',#212,#2346,#2347);
#2346=DIRECTION('',(0.13053107693030977,0.9914442182772633,-0));
#2347=DIRECTION('',(-0.04673495892311792,0.006153008314606329,0.998888374195603));
#2348=FACE_BOUND('',#2349,.T.);
#2349=EDGE_LOOP('',(#2350,#2351,#2352));
#2350=ORIENTED_EDGE('',*,*,#2353,.T.);
#2351=ORIENTED_EDGE('',*,*,#2354,.T.);
#2352=ORIENTED_EDGE('',*,*,#2355,.T.);
#2353=EDGE_CURVE('',#213,#211,#2356,.F.);
#2354=EDGE_CURVE('',#211,#215,#2357,.T.);
#2355=EDGE_CURVE('',#215,#213,#2358,.T.);
#2356=LINE('',#212,#2359);
#2357=LINE('',#210,#2360);
#2358=LINE('',#214,#2361);
#2359=VECTOR('',#2362,1.0);
#2360=VECTOR('',#2363,1.0);
#2361=VECTOR('',#2364,1.0);
#2362=DIRECTION('',(-0.04673495892311792,0.006153008314606329,0.998888374195603));
#2363=DIRECTION('',(0.9914442182772633,-0.13053107693030977,0));
#2364=DIRECTION('',(0,0,-1));
#2365=FACE_SURFACE('',(#2370),#2366,.T.);
#2366=PLANE('',#2367);
#2367=AXIS2_PLACEMENT_3D('',#212,#2368,#2369);
#2368=DIRECTION('',(-0.13053429587057355,0.9914437944742877,0));
#2369=DIRECTION('',(0,0,1));
#2370=FACE_BOUND('',#2371,.T.);
#2371=EDGE_LOOP('',(#2372,#2373,#2374));
#2372=ORIENTED_EDGE('',*,*,#2375,.T.);
#2373=ORIENTED_EDGE('',*,*,#2376,.T.);
#2374=ORIENTED_EDGE('',*,*,#2377,.T.);
#2375=EDGE_CURVE('',#213,#215,#2378,.F.);
#2376=EDGE_CURVE('',#215,#217,#2379,.T.);
#2377=EDGE_CURVE('',#217,#213,#2380,.T.);
#2378=LINE('',#212,#2381);
#2379=LINE('',#214,#2382);
#2380=LINE('',#216,#2383);
#2381=VECTOR('',#2384,1.0);
#2382=VECTOR('',#2385,1.0);
#2383=VECTOR('',#2386,1.0);
#2384=DIRECTION('',(0,0,1));
#2385=DIRECTION('',(0.046733789035601374,0.006153008651752032,-0.99888842892833));
#2386=DIRECTION('',(-0.9914437944742878,-0.13053429587057355,0));
#2387=FACE_SURFACE('',(#2392),#2388,.T.);
#2388=PLANE('',#2389);
#2389=AXIS2_PLACEMENT_3D('',#216,#2390,#2391);
#2390=DIRECTION('',(-0.13053429587057355,0.9914437944742877,0));
#2391=DIRECTION('',(-0.046733789035601374,-0.006153008651752032,0.99888842892833));
#2392=FACE_BOUND('',#2393,.T.);
#2393=EDGE_LOOP('',(#2394,#2395,#2396));
#2394=ORIENTED_EDGE('',*,*,#2397,.T.);
#2395=ORIENTED_EDGE('',*,*,#2398,.T.);
#2396=ORIENTED_EDGE('',*,*,#2399,.T.);
#2397=EDGE_CURVE('',#217,#215,#2400,.F.);
#2398=EDGE_CURVE('',#215,#219,#2401,.T.);
#2399=EDGE_CURVE('',#219,#217,#2402,.T.);
#2400=LINE('',#216,#2403);
#2401=LINE('',#214,#2404);
#2402=LINE('',#218,#2405);
#2403=VECTOR('',#2406,1.0);
#2404=VECTOR('',#2407,1.0);
#2405=VECTOR('',#2408,1.0);
#2406=DIRECTION('',(-0.046733789035601374,-0.006153008651752032,0.99888842892833));
#2407=DIRECTION('',(0.9914437944742878,0.13053429587057355,0));
#2408=DIRECTION('',(0,0,-1));
#2409=FACE_SURFACE('',(#2414),#2410,.T.);
#2410=PLANE('',#2411);
#2411=AXIS2_PLACEMENT_3D('',#216,#2412,#2413);
#2412=DIRECTION('',(-0.3826629925879859,0.923887998679281,0));
#2413=DIRECTION('',(0,0,1));
#2414=FACE_BOUND('',#2415,.T.);
#2415=EDGE_LOOP('',(#2416,#2417,#2418));
#2416=ORIENTED_EDGE('',*,*,#2419,.T.);
#2417=ORIENTED_EDGE('',*,*,#2420,.T.);
#2418=ORIENTED_EDGE('',*,*,#2421,.T.);
#2419=EDGE_CURVE('',#217,#219,#2422,.F.);
#2420=EDGE_CURVE('',#219,#221,#2423,.T.);
#2421=EDGE_CURVE('',#221,#217,#2424,.T.);
#2422=LINE('',#216,#2425);
#2423=LINE('',#218,#2426);
#2424=LINE('',#220,#2427);
#2425=VECTOR('',#2428,1.0);
#2426=VECTOR('',#2429,1.0);
#2427=VECTOR('',#2430,1.0);
#2428=DIRECTION('',(0,0,1));
#2429=DIRECTION('',(0.04355058927640605,0.01803811592455262,-0.9988883684113907));
#2430=DIRECTION('',(-0.9238879986792811,-0.382662992587986,0));
#2431=FACE_SURFACE('',(#2436),#2432,.T.);
#2432=PLANE('',#2433);
#2433=AXIS2_PLACEMENT_3D('',#220,#2434,#2435);
#2434=DIRECTION('',(-0.3826629925879859,0.923887998679281,0));
#2435=DIRECTION('',(-0.04355058927640605,-0.01803811592455262,0.9988883684113907));
#2436=FACE_BOUND('',#2437,.T.);
#2437=EDGE_LOOP('',(#2438,#2439,#2440));
#2438=ORIENTED_EDGE('',*,*,#2441,.T.);
#2439=ORIENTED_EDGE('',*,*,#2442,.T.);
#2440=ORIENTED_EDGE('',*,*,#2443,.T.);
#2441=EDGE_CURVE('',#221,#219,#2444,.F.);
#2442=EDGE_CURVE('',#219,#223,#2445,.T.);
#2443=EDGE_CURVE('',#223,#221,#2446,.T.);
#2444=LINE('',#220,#2447);
#2445=LINE('',#218,#2448);
#2446=LINE('',#222,#2449);
#2447=VECTOR('',#2450,1.0);
#2448=VECTOR('',#2451,1.0);
#2449=VECTOR('',#2452,1.0);
#2450=DIRECTION('',(-0.04355058927640605,-0.01803811592455262,0.9988883684113907));
#2451=DIRECTION('',(0.9238879986792811,0.382662992587986,0));
#2452=DIRECTION('',(0,0,-1));
#2453=FACE_SURFACE('',(#2458),#2454,.T.);
#2454=PLANE('',#2455);
#2455=AXIS2_PLACEMENT_3D('',#220,#2456,#2457);
#2456=DIRECTION('',(-0.6087667266158772,0.7933492752661907,0));
#2457=DIRECTION('',(0,0,1));
#2458=FACE_BOUND('',#2459,.T.);
#2459=EDGE_LOOP('',(#2460,#2461,#2462));
#2460=ORIENTED_EDGE('',*,*,#2463,.T.);
#2461=ORIENTED_EDGE('',*,*,#2464,.T.);
#2462=ORIENTED_EDGE('',*,*,#2465,.T.);
#2463=EDGE_CURVE('',#221,#223,#2466,.F.);
#2464=EDGE_CURVE('',#223,#225,#2467,.T.);
#2465=EDGE_CURVE('',#225,#221,#2468,.T.);
#2466=LINE('',#220,#2469);
#2467=LINE('',#222,#2470);
#2468=LINE('',#224,#2471);
#2469=VECTOR('',#2472,1.0);
#2470=VECTOR('',#2473,1.0);
#2471=VECTOR('',#2474,1.0);
#2472=DIRECTION('',(0,0,1));
#2473=DIRECTION('',(0.03739641031781756,0.028695671636838,-0.9988884156524452));
#2474=DIRECTION('',(-0.7933492752661906,-0.608766726615877,0));
#2475=FACE_SURFACE('',(#2480),#2476,.T.);
#2476=PLANE('',#2477);
#2477=AXIS2_PLACEMENT_3D('',#224,#2478,#2479);
#2478=DIRECTION('',(-0.6087667266158772,0.7933492752661907,0));
#2479=DIRECTION('',(-0.03739641031781756,-0.028695671636838,0.9988884156524452));
#2480=FACE_BOUND('',#2481,.T.);
#2481=EDGE_LOOP('',(#2482,#2483,#2484));
#2482=ORIENTED_EDGE('',*,*,#2485,.T.);
#2483=ORIENTED_EDGE('',*,*,#2486,.T.);
#2484=ORIENTED_EDGE('',*,*,#2487,.T.);
#2485=EDGE_CURVE('',#225,#223,#2488,.F.);
#2486=EDGE_CURVE('',#223,#227,#2489,.T.);
#2487=EDGE_CURVE('',#227,#225,#2490,.T.);
#2488=LINE('',#224,#2491);
#2489=LINE('',#222,#2492);
#2490=LINE('',#226,#2493);
#2491=VECTOR('',#2494,1.0);
#2492=VECTOR('',#2495,1.0);
#2493=VECTOR('',#2496,1.0);
#2494=DIRECTION('',(-0.03739641031781756,-0.028695671636838,0.9988884156524452));
#2495=DIRECTION('',(0.7933492752661906,0.608766726615877,0));
#2496=DIRECTION('',(0,0,-1));
#2497=FACE_SURFACE('',(#2502),#2498,.T.);
#2498=PLANE('',#2499);
#2499=AXIS2_PLACEMENT_3D('',#224,#2500,#2501);
#2500=DIRECTION('',(-0.7933584928515107,0.6087547140025935,0));
#2501=DIRECTION('',(0,0,1));
#2502=FACE_BOUND('',#2503,.T.);
#2503=EDGE_LOOP('',(#2504,#2505,#2506));
#2504=ORIENTED_EDGE('',*,*,#2507,.T.);
#2505=ORIENTED_EDGE('',*,*,#2508,.T.);
#2506=ORIENTED_EDGE('',*,*,#2509,.T.);
#2507=EDGE_CURVE('',#225,#227,#2510,.F.);
#2508=EDGE_CURVE('',#227,#229,#2511,.T.);
#2509=EDGE_CURVE('',#229,#225,#2512,.T.);
#2510=LINE('',#224,#2513);
#2511=LINE('',#226,#2514);
#2512=LINE('',#228,#2515);
#2513=VECTOR('',#2516,1.0);
#2514=VECTOR('',#2517,1.0);
#2515=VECTOR('',#2518,1.0);
#2516=DIRECTION('',(0,0,1));
#2517=DIRECTION('',(0.028695670378646395,0.03739758112636094,-0.9988883718551425));
#2518=DIRECTION('',(-0.6087547140025935,-0.7933584928515107,0));
#2519=FACE_SURFACE('',(#2524),#2520,.T.);
#2520=PLANE('',#2521);
#2521=AXIS2_PLACEMENT_3D('',#228,#2522,#2523);
#2522=DIRECTION('',(-0.7933584928515107,0.6087547140025935,0));
#2523=DIRECTION('',(-0.028695670378646395,-0.03739758112636094,0.9988883718551425));
#2524=FACE_BOUND('',#2525,.T.);
#2525=EDGE_LOOP('',(#2526,#2527,#2528));
#2526=ORIENTED_EDGE('',*,*,#2529,.T.);
#2527=ORIENTED_EDGE('',*,*,#2530,.T.);
#2528=ORIENTED_EDGE('',*,*,#2531,.T.);
#2529=EDGE_CURVE('',#229,#227,#2532,.F.);
#2530=EDGE_CURVE('',#227,#231,#2533,.T.);
#2531=EDGE_CURVE('',#231,#229,#2534,.T.);
#2532=LINE('',#228,#2535);
#2533=LINE('',#226,#2536);
#2534=LINE('',#230,#2537);
#2535=VECTOR('',#2538,1.0);
#2536=VECTOR('',#2539,1.0);
#2537=VECTOR('',#2540,1.0);
#2538=DIRECTION('',(-0.028695670378646395,-0.03739758112636094,0.9988883718551425));
#2539=DIRECTION('',(0.6087547140025935,0.7933584928515107,0));
#2540=DIRECTION('',(0,0,-1));
#2541=FACE_SURFACE('',(#2546),#2542,.T.);
#2542=PLANE('',#2543);
#2543=AXIS2_PLACEMENT_3D('',#228,#2544,#2545);
#2544=DIRECTION('',(-0.9238755625658777,0.3826930165205307,0));
#2545=DIRECTION('',(0,0,1));
#2546=FACE_BOUND('',#2547,.T.);
#2547=EDGE_LOOP('',(#2548,#2549,#2550));
#2548=ORIENTED_EDGE('',*,*,#2551,.T.);
#2549=ORIENTED_EDGE('',*,*,#2552,.T.);
#2550=ORIENTED_EDGE('',*,*,#2553,.T.);
#2551=EDGE_CURVE('',#229,#231,#2554,.F.);
#2552=EDGE_CURVE('',#231,#137,#2555,.T.);
#2553=EDGE_CURVE('',#137,#229,#2556,.T.);
#2554=LINE('',#228,#2557);
#2555=LINE('',#230,#2558);
#2556=LINE('',#136,#2559);
#2557=VECTOR('',#2560,1.0);
#2558=VECTOR('',#2561,1.0);
#2559=VECTOR('',#2562,1.0);
#2560=DIRECTION('',(0,0,1));
#2561=DIRECTION('',(0.018039288912343906,0.04354941813077486,-0.9988883982888218));
#2562=DIRECTION('',(-0.3826930165205307,-0.9238755625658776,0));
#2563=FACE_SURFACE('',(#2568),#2564,.T.);
#2564=PLANE('',#2565);
#2565=AXIS2_PLACEMENT_3D('',#136,#2566,#2567);
#2566=DIRECTION('',(-0.9238755625658777,0.3826930165205307,0));
#2567=DIRECTION('',(-0.018039288912343906,-0.04354941813077486,0.9988883982888218));
#2568=FACE_BOUND('',#2569,.T.);
#2569=EDGE_LOOP('',(#2570,#2571,#2572));
#2570=ORIENTED_EDGE('',*,*,#2573,.T.);
#2571=ORIENTED_EDGE('',*,*,#2574,.T.);
#2572=ORIENTED_EDGE('',*,*,#2575,.T.);
#2573=EDGE_CURVE('',#137,#231,#2576,.F.);
#2574=EDGE_CURVE('',#231,#139,#2577,.T.);
#2575=EDGE_CURVE('',#139,#137,#2578,.T.);
#2576=LINE('',#136,#2579);
#2577=LINE('',#230,#2580);
#2578=LINE('',#138,#2581);
#2579=VECTOR('',#2582,1.0);
#2580=VECTOR('',#2583,1.0);
#2581=VECTOR('',#2584,1.0);
#2582=DIRECTION('',(-0.018039288912343906,-0.04354941813077486,0.9988883982888218));
#2583=DIRECTION('',(0.3826930165205307,0.9238755625658776,0));
#2584=DIRECTION('',(0,0,-1));
#2585=FACE_SURFACE('',(#2590),#2586,.T.);
#2586=PLANE('',#2587);
#2587=AXIS2_PLACEMENT_3D('',#232,#2588,#2589);
#2588=DIRECTION('',(-0.9914448110965725,0.13052657411302013,0));
#2589=DIRECTION('',(0,0,1));
#2590=FACE_BOUND('',#2591,.T.);
#2591=EDGE_LOOP('',(#2592,#2593,#2594));
#2592=ORIENTED_EDGE('',*,*,#2595,.T.);
#2593=ORIENTED_EDGE('',*,*,#2596,.T.);
#2594=ORIENTED_EDGE('',*,*,#2597,.T.);
#2595=EDGE_CURVE('',#233,#235,#2598,.F.);
#2596=EDGE_CURVE('',#235,#237,#2599,.T.);
#2597=EDGE_CURVE('',#237,#233,#2600,.T.);
#2598=LINE('',#232,#2601);
#2599=LINE('',#234,#2602);
#2600=LINE('',#236,#2603);
#2601=VECTOR('',#2604,1.0);
#2602=VECTOR('',#2605,1.0);
#2603=VECTOR('',#2606,1.0);
#2604=DIRECTION('',(0,0,1));
#2605=DIRECTION('',(0.006152715382210818,0.04673437406366811,-0.9988884033636103));
#2606=DIRECTION('',(-0.13052657411302013,-0.9914448110965726,0));
#2607=FACE_SURFACE('',(#2612),#2608,.T.);
#2608=PLANE('',#2609);
#2609=AXIS2_PLACEMENT_3D('',#236,#2610,#2611);
#2610=DIRECTION('',(-0.9914448110965725,0.13052657411302013,0));
#2611=DIRECTION('',(-0.006152715382210818,-0.04673437406366811,0.9988884033636103));
#2612=FACE_BOUND('',#2613,.T.);
#2613=EDGE_LOOP('',(#2614,#2615,#2616));
#2614=ORIENTED_EDGE('',*,*,#2617,.T.);
#2615=ORIENTED_EDGE('',*,*,#2618,.T.);
#2616=ORIENTED_EDGE('',*,*,#2619,.T.);
#2617=EDGE_CURVE('',#237,#235,#2620,.F.);
#2618=EDGE_CURVE('',#235,#239,#2621,.T.);
#2619=EDGE_CURVE('',#239,#237,#2622,.T.);
#2620=LINE('',#236,#2623);
#2621=LINE('',#234,#2624);
#2622=LINE('',#238,#2625);
#2623=VECTOR('',#2626,1.0);
#2624=VECTOR('',#2627,1.0);
#2625=VECTOR('',#2628,1.0);
#2626=DIRECTION('',(-0.006152715382210818,-0.04673437406366811,0.9988884033636103));
#2627=DIRECTION('',(0.13052657411302013,0.9914448110965726,0));
#2628=DIRECTION('',(0,0,-1));
#2629=FACE_SURFACE('',(#2634),#2630,.T.);
#2630=PLANE('',#2631);
#2631=AXIS2_PLACEMENT_3D('',#236,#2632,#2633);
#2632=DIRECTION('',(-0.9914448110965725,-0.13052657411302013,0));
#2633=DIRECTION('',(0,0,1));
#2634=FACE_BOUND('',#2635,.T.);
#2635=EDGE_LOOP('',(#2636,#2637,#2638));
#2636=ORIENTED_EDGE('',*,*,#2639,.T.);
#2637=ORIENTED_EDGE('',*,*,#2640,.T.);
#2638=ORIENTED_EDGE('',*,*,#2641,.T.);
#2639=EDGE_CURVE('',#237,#239,#2642,.F.);
#2640=EDGE_CURVE('',#239,#241,#2643,.T.);
#2641=EDGE_CURVE('',#241,#237,#2644,.T.);
#2642=LINE('',#236,#2645);
#2643=LINE('',#238,#2646);
#2644=LINE('',#240,#2647);
#2645=VECTOR('',#2648,1.0);
#2646=VECTOR('',#2649,1.0);
#2647=VECTOR('',#2650,1.0);
#2648=DIRECTION('',(0,0,1));
#2649=DIRECTION('',(-0.006152715382210818,0.04673437406366811,-0.9988884033636103));
#2650=DIRECTION('',(0.13052657411302013,-0.9914448110965726,0));
#2651=FACE_SURFACE('',(#2656),#2652,.T.);
#2652=PLANE('',#2653);
#2653=AXIS2_PLACEMENT_3D('',#240,#2654,#2655);
#2654=DIRECTION('',(-0.9914448110965725,-0.13052657411302013,0));
#2655=DIRECTION('',(0.006152715382210818,-0.04673437406366811,0.9988884033636103));
#2656=FACE_BOUND('',#2657,.T.);
#2657=EDGE_LOOP('',(#2658,#2659,#2660));
#2658=ORIENTED_EDGE('',*,*,#2661,.T.);
#2659=ORIENTED_EDGE('',*,*,#2662,.T.);
#2660=ORIENTED_EDGE('',*,*,#2663,.T.);
#2661=EDGE_CURVE('',#241,#239,#2664,.F.);
#2662=EDGE_CURVE('',#239,#243,#2665,.T.);
#2663=EDGE_CURVE('',#243,#241,#2666,.T.);
#2664=LINE('',#240,#2667);
#2665=LINE('',#238,#2668);
#2666=LINE('',#242,#2669);
#2667=VECTOR('',#2670,1.0);
#2668=VECTOR('',#2671,1.0);
#2669=VECTOR('',#2672,1.0);
#2670=DIRECTION('',(0.006152715382210818,-0.04673437406366811,0.9988884033636103));
#2671=DIRECTION('',(-0.13052657411302013,0.9914448110965726,0));
#2672=DIRECTION('',(0,0,-1));
#2673=FACE_SURFACE('',(#2678),#2674,.T.);
#2674=PLANE('',#2675);
#2675=AXIS2_PLACEMENT_3D('',#240,#2676,#2677);
#2676=DIRECTION('',(-0.9238817807863936,-0.382678004503737,0));
#2677=DIRECTION('',(0,0,1));
#2678=FACE_BOUND('',#2679,.T.);
#2679=EDGE_LOOP('',(#2680,#2681,#2682));
#2680=ORIENTED_EDGE('',*,*,#2683,.T.);
#2681=ORIENTED_EDGE('',*,*,#2684,.T.);
#2682=ORIENTED_EDGE('',*,*,#2685,.T.);
#2683=EDGE_CURVE('',#241,#243,#2686,.F.);
#2684=EDGE_CURVE('',#243,#245,#2687,.T.);
#2685=EDGE_CURVE('',#245,#241,#2688,.T.);
#2686=LINE('',#240,#2689);
#2687=LINE('',#242,#2690);
#2688=LINE('',#244,#2691);
#2689=VECTOR('',#2692,1.0);
#2690=VECTOR('',#2693,1.0);
#2691=VECTOR('',#2694,1.0);
#2692=DIRECTION('',(0,0,1));
#2693=DIRECTION('',(-0.018038702418445688,0.04355000370361418,-0.9988883833504493));
#2694=DIRECTION('',(0.38267800450373696,-0.9238817807863935,0));
#2695=FACE_SURFACE('',(#2700),#2696,.T.);
#2696=PLANE('',#2697);
#2697=AXIS2_PLACEMENT_3D('',#244,#2698,#2699);
#2698=DIRECTION('',(-0.9238817807863936,-0.382678004503737,0));
#2699=DIRECTION('',(0.018038702418445688,-0.04355000370361418,0.9988883833504493));
#2700=FACE_BOUND('',#2701,.T.);
#2701=EDGE_LOOP('',(#2702,#2703,#2704));
#2702=ORIENTED_EDGE('',*,*,#2705,.T.);
#2703=ORIENTED_EDGE('',*,*,#2706,.T.);
#2704=ORIENTED_EDGE('',*,*,#2707,.T.);
#2705=EDGE_CURVE('',#245,#243,#2708,.F.);
#2706=EDGE_CURVE('',#243,#247,#2709,.T.);
#2707=EDGE_CURVE('',#247,#245,#2710,.T.);
#2708=LINE('',#244,#2711);
#2709=LINE('',#242,#2712);
#2710=LINE('',#246,#2713);
#2711=VECTOR('',#2714,1.0);
#2712=VECTOR('',#2715,1.0);
#2713=VECTOR('',#2716,1.0);
#2714=DIRECTION('',(0.018038702418445688,-0.04355000370361418,0.9988883833504493));
#2715=DIRECTION('',(-0.38267800450373696,0.9238817807863935,0));
#2716=DIRECTION('',(0,0,-1));
#2717=FACE_SURFACE('',(#2722),#2718,.T.);
#2718=PLANE('',#2719);
#2719=AXIS2_PLACEMENT_3D('',#244,#2720,#2721);
#2720=DIRECTION('',(-0.7933492752661907,-0.6087667266158772,0));
#2721=DIRECTION('',(0,0,1));
#2722=FACE_BOUND('',#2723,.T.);
#2723=EDGE_LOOP('',(#2724,#2725,#2726));
#2724=ORIENTED_EDGE('',*,*,#2727,.T.);
#2725=ORIENTED_EDGE('',*,*,#2728,.T.);
#2726=ORIENTED_EDGE('',*,*,#2729,.T.);
#2727=EDGE_CURVE('',#245,#247,#2730,.F.);
#2728=EDGE_CURVE('',#247,#249,#2731,.T.);
#2729=EDGE_CURVE('',#249,#245,#2732,.T.);
#2730=LINE('',#244,#2733);
#2731=LINE('',#246,#2734);
#2732=LINE('',#248,#2735);
#2733=VECTOR('',#2736,1.0);
#2734=VECTOR('',#2737,1.0);
#2735=VECTOR('',#2738,1.0);
#2736=DIRECTION('',(0,0,1));
#2737=DIRECTION('',(-0.028695671636838,0.03739641031781756,-0.9988884156524452));
#2738=DIRECTION('',(0.608766726615877,-0.7933492752661906,0));
#2739=FACE_SURFACE('',(#2744),#2740,.T.);
#2740=PLANE('',#2741);
#2741=AXIS2_PLACEMENT_3D('',#248,#2742,#2743);
#2742=DIRECTION('',(-0.7933492752661907,-0.6087667266158772,0));
#2743=DIRECTION('',(0.028695671636838,-0.03739641031781756,0.9988884156524452));
#2744=FACE_BOUND('',#2745,.T.);
#2745=EDGE_LOOP('',(#2746,#2747,#2748));
#2746=ORIENTED_EDGE('',*,*,#2749,.T.);
#2747=ORIENTED_EDGE('',*,*,#2750,.T.);
#2748=ORIENTED_EDGE('',*,*,#2751,.T.);
#2749=EDGE_CURVE('',#249,#247,#2752,.F.);
#2750=EDGE_CURVE('',#247,#251,#2753,.T.);
#2751=EDGE_CURVE('',#251,#249,#2754,.T.);
#2752=LINE('',#248,#2755);
#2753=LINE('',#246,#2756);
#2754=LINE('',#250,#2757);
#2755=VECTOR('',#2758,1.0);
#2756=VECTOR('',#2759,1.0);
#2757=VECTOR('',#2760,1.0);
#2758=DIRECTION('',(0.028695671636838,-0.03739641031781756,0.9988884156524452));
#2759=DIRECTION('',(-0.608766726615877,0.7933492752661906,0));
#2760=DIRECTION('',(0,0,-1));
#2761=FACE_SURFACE('',(#2766),#2762,.T.);
#2762=PLANE('',#2763);
#2763=AXIS2_PLACEMENT_3D('',#248,#2764,#2765);
#2764=DIRECTION('',(-0.6087607202674205,-0.7933538841270593,0));
#2765=DIRECTION('',(0,0,1));
#2766=FACE_BOUND('',#2767,.T.);
#2767=EDGE_LOOP('',(#2768,#2769,#2770));
#2768=ORIENTED_EDGE('',*,*,#2771,.T.);
#2769=ORIENTED_EDGE('',*,*,#2772,.T.);
#2770=ORIENTED_EDGE('',*,*,#2773,.T.);
#2771=EDGE_CURVE('',#249,#251,#2774,.F.);
#2772=EDGE_CURVE('',#251,#253,#2775,.T.);
#2773=EDGE_CURVE('',#253,#249,#2776,.T.);
#2774=LINE('',#248,#2777);
#2775=LINE('',#250,#2778);
#2776=LINE('',#252,#2779);
#2777=VECTOR('',#2780,1.0);
#2778=VECTOR('',#2781,1.0);
#2779=VECTOR('',#2782,1.0);
#2780=DIRECTION('',(0,0,1));
#2781=DIRECTION('',(-0.03739699572210851,0.028695671007747107,-0.9988883937539648));
#2782=DIRECTION('',(0.7933538841270593,-0.6087607202674205,0));
#2783=FACE_SURFACE('',(#2788),#2784,.T.);
#2784=PLANE('',#2785);
#2785=AXIS2_PLACEMENT_3D('',#252,#2786,#2787);
#2786=DIRECTION('',(-0.6087607202674205,-0.7933538841270593,0));
#2787=DIRECTION('',(0.03739699572210851,-0.028695671007747107,0.9988883937539648));
#2788=FACE_BOUND('',#2789,.T.);
#2789=EDGE_LOOP('',(#2790,#2791,#2792));
#2790=ORIENTED_EDGE('',*,*,#2793,.T.);
#2791=ORIENTED_EDGE('',*,*,#2794,.T.);
#2792=ORIENTED_EDGE('',*,*,#2795,.T.);
#2793=EDGE_CURVE('',#253,#251,#2796,.F.);
#2794=EDGE_CURVE('',#251,#255,#2797,.T.);
#2795=EDGE_CURVE('',#255,#253,#2798,.T.);
#2796=LINE('',#252,#2799);
#2797=LINE('',#250,#2800);
#2798=LINE('',#254,#2801);
#2799=VECTOR('',#2802,1.0);
#2800=VECTOR('',#2803,1.0);
#2801=VECTOR('',#2804,1.0);
#2802=DIRECTION('',(0.03739699572210851,-0.028695671007747107,0.9988883937539648));
#2803=DIRECTION('',(-0.7933538841270593,0.6087607202674205,0));
#2804=DIRECTION('',(0,0,-1));
#2805=FACE_SURFACE('',(#2810),#2806,.T.);
#2806=PLANE('',#2807);
#2807=AXIS2_PLACEMENT_3D('',#252,#2808,#2809);
#2808=DIRECTION('',(-0.38269081802010646,-0.9238764732382256,0));
#2809=DIRECTION('',(0,0,1));
#2810=FACE_BOUND('',#2811,.T.);
#2811=EDGE_LOOP('',(#2812,#2813,#2814));
#2812=ORIENTED_EDGE('',*,*,#2815,.T.);
#2813=ORIENTED_EDGE('',*,*,#2816,.T.);
#2814=ORIENTED_EDGE('',*,*,#2817,.T.);
#2815=EDGE_CURVE('',#253,#255,#2818,.F.);
#2816=EDGE_CURVE('',#255,#257,#2819,.T.);
#2817=EDGE_CURVE('',#257,#253,#2820,.T.);
#2818=LINE('',#252,#2821);
#2819=LINE('',#254,#2822);
#2820=LINE('',#256,#2823);
#2821=VECTOR('',#2824,1.0);
#2822=VECTOR('',#2825,1.0);
#2823=VECTOR('',#2826,1.0);
#2824=DIRECTION('',(0,0,1));
#2825=DIRECTION('',(-0.04354971068693178,0.01803928868207414,-0.9988883855381088));
#2826=DIRECTION('',(0.9238764732382256,-0.38269081802010646,0));
#2827=FACE_SURFACE('',(#2832),#2828,.T.);
#2828=PLANE('',#2829);
#2829=AXIS2_PLACEMENT_3D('',#256,#2830,#2831);
#2830=DIRECTION('',(-0.38269081802010646,-0.9238764732382256,0));
#2831=DIRECTION('',(0.04354971068693178,-0.01803928868207414,0.9988883855381088));
#2832=FACE_BOUND('',#2833,.T.);
#2833=EDGE_LOOP('',(#2834,#2835,#2836));
#2834=ORIENTED_EDGE('',*,*,#2837,.T.);
#2835=ORIENTED_EDGE('',*,*,#2838,.T.);
#2836=ORIENTED_EDGE('',*,*,#2839,.T.);
#2837=EDGE_CURVE('',#257,#255,#2840,.F.);
#2838=EDGE_CURVE('',#255,#259,#2841,.T.);
#2839=EDGE_CURVE('',#259,#257,#2842,.T.);
#2840=LINE('',#256,#2843);
#2841=LINE('',#254,#2844);
#2842=LINE('',#258,#2845);
#2843=VECTOR('',#2846,1.0);
#2844=VECTOR('',#2847,1.0);
#2845=VECTOR('',#2848,1.0);
#2846=DIRECTION('',(0.04354971068693178,-0.01803928868207414,0.9988883855381088));
#2847=DIRECTION('',(-0.9238764732382256,0.38269081802010646,0));
#2848=DIRECTION('',(0,0,-1));
#2849=FACE_SURFACE('',(#2854),#2850,.T.);
#2850=PLANE('',#2851);
#2851=AXIS2_PLACEMENT_3D('',#256,#2852,#2853);
#2852=DIRECTION('',(-0.1305204618303884,-0.9914456157770744,0));
#2853=DIRECTION('',(0,0,1));
#2854=FACE_BOUND('',#2855,.T.);
#2855=EDGE_LOOP('',(#2856,#2857,#2858));
#2856=ORIENTED_EDGE('',*,*,#2859,.T.);
#2857=ORIENTED_EDGE('',*,*,#2860,.T.);
#2858=ORIENTED_EDGE('',*,*,#2861,.T.);
#2859=EDGE_CURVE('',#257,#259,#2862,.F.);
#2860=EDGE_CURVE('',#259,#261,#2863,.T.);
#2861=EDGE_CURVE('',#261,#257,#2864,.T.);
#2862=LINE('',#256,#2865);
#2863=LINE('',#258,#2866);
#2864=LINE('',#260,#2867);
#2865=VECTOR('',#2868,1.0);
#2866=VECTOR('',#2869,1.0);
#2867=VECTOR('',#2870,1.0);
#2868=DIRECTION('',(0,0,1));
#2869=DIRECTION('',(-0.04673437414794851,0.006152422281239819,-0.9988884051649979));
#2870=DIRECTION('',(0.9914456157770744,-0.13052046183038843,0));
#2871=FACE_SURFACE('',(#2876),#2872,.T.);
#2872=PLANE('',#2873);
#2873=AXIS2_PLACEMENT_3D('',#260,#2874,#2875);
#2874=DIRECTION('',(-0.1305204618303884,-0.9914456157770744,0));
#2875=DIRECTION('',(0.04673437414794851,-0.006152422281239819,0.9988884051649979));
#2876=FACE_BOUND('',#2877,.T.);
#2877=EDGE_LOOP('',(#2878,#2879,#2880));
#2878=ORIENTED_EDGE('',*,*,#2881,.T.);
#2879=ORIENTED_EDGE('',*,*,#2882,.T.);
#2880=ORIENTED_EDGE('',*,*,#2883,.T.);
#2881=EDGE_CURVE('',#261,#259,#2884,.F.);
#2882=EDGE_CURVE('',#259,#263,#2885,.T.);
#2883=EDGE_CURVE('',#263,#261,#2886,.T.);
#2884=LINE('',#260,#2887);
#2885=LINE('',#258,#2888);
#2886=LINE('',#262,#2889);
#2887=VECTOR('',#2890,1.0);
#2888=VECTOR('',#2891,1.0);
#2889=VECTOR('',#2892,1.0);
#2890=DIRECTION('',(0.04673437414794851,-0.006152422281239819,0.9988884051649979));
#2891=DIRECTION('',(-0.9914456157770744,0.13052046183038843,0));
#2892=DIRECTION('',(0,0,-1));
#2893=FACE_SURFACE('',(#2898),#2894,.T.);
#2894=PLANE('',#2895);
#2895=AXIS2_PLACEMENT_3D('',#260,#2896,#2897);
#2896=DIRECTION('',(0.1305196571729924,-0.9914457217071666,0));
#2897=DIRECTION('',(0,0,1));
#2898=FACE_BOUND('',#2899,.T.);
#2899=EDGE_LOOP('',(#2900,#2901,#2902));
#2900=ORIENTED_EDGE('',*,*,#2903,.T.);
#2901=ORIENTED_EDGE('',*,*,#2904,.T.);
#2902=ORIENTED_EDGE('',*,*,#2905,.T.);
#2903=EDGE_CURVE('',#261,#263,#2906,.F.);
#2904=EDGE_CURVE('',#263,#265,#2907,.T.);
#2905=EDGE_CURVE('',#265,#261,#2908,.T.);
#2906=LINE('',#260,#2909);
#2907=LINE('',#262,#2910);
#2908=LINE('',#264,#2911);
#2909=VECTOR('',#2912,1.0);
#2910=VECTOR('',#2913,1.0);
#2911=VECTOR('',#2914,1.0);
#2912=DIRECTION('',(0,0,1));
#2913=DIRECTION('',(-0.04673466661982269,-0.00615242219696116,-0.9988883914817733));
#2914=DIRECTION('',(0.9914457217071666,0.1305196571729924,0));
#2915=FACE_SURFACE('',(#2920),#2916,.T.);
#2916=PLANE('',#2917);
#2917=AXIS2_PLACEMENT_3D('',#264,#2918,#2919);
#2918=DIRECTION('',(0.1305196571729924,-0.9914457217071666,0));
#2919=DIRECTION('',(0.04673466661982269,0.00615242219696116,0.9988883914817733));
#2920=FACE_BOUND('',#2921,.T.);
#2921=EDGE_LOOP('',(#2922,#2923,#2924));
#2922=ORIENTED_EDGE('',*,*,#2925,.T.);
#2923=ORIENTED_EDGE('',*,*,#2926,.T.);
#2924=ORIENTED_EDGE('',*,*,#2927,.T.);
#2925=EDGE_CURVE('',#265,#263,#2928,.F.);
#2926=EDGE_CURVE('',#263,#267,#2929,.T.);
#2927=EDGE_CURVE('',#267,#265,#2930,.T.);
#2928=LINE('',#264,#2931);
#2929=LINE('',#262,#2932);
#2930=LINE('',#266,#2933);
#2931=VECTOR('',#2934,1.0);
#2932=VECTOR('',#2935,1.0);
#2933=VECTOR('',#2936,1.0);
#2934=DIRECTION('',(0.04673466661982269,0.00615242219696116,0.9988883914817733));
#2935=DIRECTION('',(-0.9914457217071666,-0.1305196571729924,0));
#2936=DIRECTION('',(0,0,-1));
#2937=FACE_SURFACE('',(#2942),#2938,.T.);
#2938=PLANE('',#2939);
#2939=AXIS2_PLACEMENT_3D('',#264,#2940,#2941);
#2940=DIRECTION('',(0.3826930165205307,-0.9238755625658777,0));
#2941=DIRECTION('',(0,0,1));
#2942=FACE_BOUND('',#2943,.T.);
#2943=EDGE_LOOP('',(#2944,#2945,#2946));
#2944=ORIENTED_EDGE('',*,*,#2947,.T.);
#2945=ORIENTED_EDGE('',*,*,#2948,.T.);
#2946=ORIENTED_EDGE('',*,*,#2949,.T.);
#2947=EDGE_CURVE('',#265,#267,#2950,.F.);
#2948=EDGE_CURVE('',#267,#269,#2951,.T.);
#2949=EDGE_CURVE('',#269,#265,#2952,.T.);
#2950=LINE('',#264,#2953);
#2951=LINE('',#266,#2954);
#2952=LINE('',#268,#2955);
#2953=VECTOR('',#2956,1.0);
#2954=VECTOR('',#2957,1.0);
#2955=VECTOR('',#2958,1.0);
#2956=DIRECTION('',(0,0,1));
#2957=DIRECTION('',(-0.04354941813077486,-0.018039288912343906,-0.9988883982888218));
#2958=DIRECTION('',(0.9238755625658776,0.3826930165205307,0));
#2959=FACE_SURFACE('',(#2964),#2960,.T.);
#2960=PLANE('',#2961);
#2961=AXIS2_PLACEMENT_3D('',#268,#2962,#2963);
#2962=DIRECTION('',(0.3826930165205307,-0.9238755625658777,0));
#2963=DIRECTION('',(0.04354941813077486,0.018039288912343906,0.9988883982888218));
#2964=FACE_BOUND('',#2965,.T.);
#2965=EDGE_LOOP('',(#2966,#2967,#2968));
#2966=ORIENTED_EDGE('',*,*,#2969,.T.);
#2967=ORIENTED_EDGE('',*,*,#2970,.T.);
#2968=ORIENTED_EDGE('',*,*,#2971,.T.);
#2969=EDGE_CURVE('',#269,#267,#2972,.F.);
#2970=EDGE_CURVE('',#267,#271,#2973,.T.);
#2971=EDGE_CURVE('',#271,#269,#2974,.T.);
#2972=LINE('',#268,#2975);
#2973=LINE('',#266,#2976);
#2974=LINE('',#270,#2977);
#2975=VECTOR('',#2978,1.0);
#2976=VECTOR('',#2979,1.0);
#2977=VECTOR('',#2980,1.0);
#2978=DIRECTION('',(0.04354941813077486,0.018039288912343906,0.9988883982888218));
#2979=DIRECTION('',(-0.9238755625658776,-0.3826930165205307,0));
#2980=DIRECTION('',(0,0,-1));
#2981=FACE_SURFACE('',(#2986),#2982,.T.);
#2982=PLANE('',#2983);
#2983=AXIS2_PLACEMENT_3D('',#268,#2984,#2985);
#2984=DIRECTION('',(0.6087607202674205,-0.7933538841270593,0));
#2985=DIRECTION('',(0,0,1));
#2986=FACE_BOUND('',#2987,.T.);
#2987=EDGE_LOOP('',(#2988,#2989,#2990));
#2988=ORIENTED_EDGE('',*,*,#2991,.T.);
#2989=ORIENTED_EDGE('',*,*,#2992,.T.);
#2990=ORIENTED_EDGE('',*,*,#2993,.T.);
#2991=EDGE_CURVE('',#269,#271,#2994,.F.);
#2992=EDGE_CURVE('',#271,#273,#2995,.T.);
#2993=EDGE_CURVE('',#273,#269,#2996,.T.);
#2994=LINE('',#268,#2997);
#2995=LINE('',#270,#2998);
#2996=LINE('',#272,#2999);
#2997=VECTOR('',#3000,1.0);
#2998=VECTOR('',#3001,1.0);
#2999=VECTOR('',#3002,1.0);
#3000=DIRECTION('',(0,0,1));
#3001=DIRECTION('',(-0.03739699572210851,-0.028695671007747107,-0.9988883937539648));
#3002=DIRECTION('',(0.7933538841270593,0.6087607202674205,0));
#3003=FACE_SURFACE('',(#3008),#3004,.T.);
#3004=PLANE('',#3005);
#3005=AXIS2_PLACEMENT_3D('',#272,#3006,#3007);
#3006=DIRECTION('',(0.6087607202674205,-0.7933538841270593,0));
#3007=DIRECTION('',(0.03739699572210851,0.028695671007747107,0.9988883937539648));
#3008=FACE_BOUND('',#3009,.T.);
#3009=EDGE_LOOP('',(#3010,#3011,#3012));
#3010=ORIENTED_EDGE('',*,*,#3013,.T.);
#3011=ORIENTED_EDGE('',*,*,#3014,.T.);
#3012=ORIENTED_EDGE('',*,*,#3015,.T.);
#3013=EDGE_CURVE('',#273,#271,#3016,.F.);
#3014=EDGE_CURVE('',#271,#275,#3017,.T.);
#3015=EDGE_CURVE('',#275,#273,#3018,.T.);
#3016=LINE('',#272,#3019);
#3017=LINE('',#270,#3020);
#3018=LINE('',#274,#3021);
#3019=VECTOR('',#3022,1.0);
#3020=VECTOR('',#3023,1.0);
#3021=VECTOR('',#3024,1.0);
#3022=DIRECTION('',(0.03739699572210851,0.028695671007747107,0.9988883937539648));
#3023=DIRECTION('',(-0.7933538841270593,-0.6087607202674205,0));
#3024=DIRECTION('',(0,0,-1));
#3025=FACE_SURFACE('',(#3030),#3026,.T.);
#3026=PLANE('',#3027);
#3027=AXIS2_PLACEMENT_3D('',#272,#3028,#3029);
#3028=DIRECTION('',(0.7933492752661907,-0.6087667266158772,0));
#3029=DIRECTION('',(0,0,1));
#3030=FACE_BOUND('',#3031,.T.);
#3031=EDGE_LOOP('',(#3032,#3033,#3034));
#3032=ORIENTED_EDGE('',*,*,#3035,.T.);
#3033=ORIENTED_EDGE('',*,*,#3036,.T.);
#3034=ORIENTED_EDGE('',*,*,#3037,.T.);
#3035=EDGE_CURVE('',#273,#275,#3038,.F.);
#3036=EDGE_CURVE('',#275,#277,#3039,.T.);
#3037=EDGE_CURVE('',#277,#273,#3040,.T.);
#3038=LINE('',#272,#3041);
#3039=LINE('',#274,#3042);
#3040=LINE('',#276,#3043);
#3041=VECTOR('',#3044,1.0);
#3042=VECTOR('',#3045,1.0);
#3043=VECTOR('',#3046,1.0);
#3044=DIRECTION('',(0,0,1));
#3045=DIRECTION('',(-0.028695671636838,-0.03739641031781756,-0.9988884156524452));
#3046=DIRECTION('',(0.608766726615877,0.7933492752661906,0));
#3047=FACE_SURFACE('',(#3052),#3048,.T.);
#3048=PLANE('',#3049);
#3049=AXIS2_PLACEMENT_3D('',#276,#3050,#3051);
#3050=DIRECTION('',(0.7933492752661907,-0.6087667266158772,0));
#3051=DIRECTION('',(0.028695671636838,0.03739641031781756,0.9988884156524452));
#3052=FACE_BOUND('',#3053,.T.);
#3053=EDGE_LOOP('',(#3054,#3055,#3056));
#3054=ORIENTED_EDGE('',*,*,#3057,.T.);
#3055=ORIENTED_EDGE('',*,*,#3058,.T.);
#3056=ORIENTED_EDGE('',*,*,#3059,.T.);
#3057=EDGE_CURVE('',#277,#275,#3060,.F.);
#3058=EDGE_CURVE('',#275,#279,#3061,.T.);
#3059=EDGE_CURVE('',#279,#277,#3062,.T.);
#3060=LINE('',#276,#3063);
#3061=LINE('',#274,#3064);
#3062=LINE('',#278,#3065);
#3063=VECTOR('',#3066,1.0);
#3064=VECTOR('',#3067,1.0);
#3065=VECTOR('',#3068,1.0);
#3066=DIRECTION('',(0.028695671636838,0.03739641031781756,0.9988884156524452));
#3067=DIRECTION('',(-0.608766726615877,-0.7933492752661906,0));
#3068=DIRECTION('',(0,0,-1));
#3069=FACE_SURFACE('',(#3074),#3070,.T.);
#3070=PLANE('',#3071);
#3071=AXIS2_PLACEMENT_3D('',#276,#3072,#3073);
#3072=DIRECTION('',(0.9238795823506503,-0.3826833120422005,0));
#3073=DIRECTION('',(0,0,1));
#3074=FACE_BOUND('',#3075,.T.);
#3075=EDGE_LOOP('',(#3076,#3077,#3078));
#3076=ORIENTED_EDGE('',*,*,#3079,.T.);
#3077=ORIENTED_EDGE('',*,*,#3080,.T.);
#3078=ORIENTED_EDGE('',*,*,#3081,.T.);
#3079=EDGE_CURVE('',#277,#279,#3082,.F.);
#3080=EDGE_CURVE('',#279,#281,#3083,.T.);
#3081=EDGE_CURVE('',#281,#277,#3084,.T.);
#3082=LINE('',#276,#3085);
#3083=LINE('',#278,#3086);
#3084=LINE('',#280,#3087);
#3085=VECTOR('',#3088,1.0);
#3086=VECTOR('',#3089,1.0);
#3087=VECTOR('',#3090,1.0);
#3088=DIRECTION('',(0,0,1));
#3089=DIRECTION('',(-0.018038995435126583,-0.0435500034733477,-0.9988883780689226));
#3090=DIRECTION('',(0.3826833120422005,0.9238795823506503,0));
#3091=FACE_SURFACE('',(#3096),#3092,.T.);
#3092=PLANE('',#3093);
#3093=AXIS2_PLACEMENT_3D('',#280,#3094,#3095);
#3094=DIRECTION('',(0.9238795823506503,-0.3826833120422005,0));
#3095=DIRECTION('',(0.018038995435126583,0.0435500034733477,0.9988883780689226));
#3096=FACE_BOUND('',#3097,.T.);
#3097=EDGE_LOOP('',(#3098,#3099,#3100));
#3098=ORIENTED_EDGE('',*,*,#3101,.T.);
#3099=ORIENTED_EDGE('',*,*,#3102,.T.);
#3100=ORIENTED_EDGE('',*,*,#3103,.T.);
#3101=EDGE_CURVE('',#281,#279,#3104,.F.);
#3102=EDGE_CURVE('',#279,#283,#3105,.T.);
#3103=EDGE_CURVE('',#283,#281,#3106,.T.);
#3104=LINE('',#280,#3107);
#3105=LINE('',#278,#3108);
#3106=LINE('',#282,#3109);
#3107=VECTOR('',#3110,1.0);
#3108=VECTOR('',#3111,1.0);
#3109=VECTOR('',#3112,1.0);
#3110=DIRECTION('',(0.018038995435126583,0.0435500034733477,0.9988883780689226));
#3111=DIRECTION('',(-0.3826833120422005,-0.9238795823506503,0));
#3112=DIRECTION('',(0,0,-1));
#3113=FACE_SURFACE('',(#3118),#3114,.T.);
#3114=PLANE('',#3115);
#3115=AXIS2_PLACEMENT_3D('',#280,#3116,#3117);
#3116=DIRECTION('',(0.9914448110965725,-0.13052657411302013,0));
#3117=DIRECTION('',(0,0,1));
#3118=FACE_BOUND('',#3119,.T.);
#3119=EDGE_LOOP('',(#3120,#3121,#3122));
#3120=ORIENTED_EDGE('',*,*,#3123,.T.);
#3121=ORIENTED_EDGE('',*,*,#3124,.T.);
#3122=ORIENTED_EDGE('',*,*,#3125,.T.);
#3123=EDGE_CURVE('',#281,#283,#3126,.F.);
#3124=EDGE_CURVE('',#283,#285,#3127,.T.);
#3125=EDGE_CURVE('',#285,#281,#3128,.T.);
#3126=LINE('',#280,#3129);
#3127=LINE('',#282,#3130);
#3128=LINE('',#284,#3131);
#3129=VECTOR('',#3132,1.0);
#3130=VECTOR('',#3133,1.0);
#3131=VECTOR('',#3134,1.0);
#3132=DIRECTION('',(0,0,1));
#3133=DIRECTION('',(-0.006152715382210818,-0.04673437406366811,-0.9988884033636103));
#3134=DIRECTION('',(0.13052657411302013,0.9914448110965726,0));
#3135=FACE_SURFACE('',(#3140),#3136,.T.);
#3136=PLANE('',#3137);
#3137=AXIS2_PLACEMENT_3D('',#284,#3138,#3139);
#3138=DIRECTION('',(0.9914448110965725,-0.13052657411302013,0));
#3139=DIRECTION('',(0.006152715382210818,0.04673437406366811,0.9988884033636103));
#3140=FACE_BOUND('',#3141,.T.);
#3141=EDGE_LOOP('',(#3142,#3143,#3144));
#3142=ORIENTED_EDGE('',*,*,#3145,.T.);
#3143=ORIENTED_EDGE('',*,*,#3146,.T.);
#3144=ORIENTED_EDGE('',*,*,#3147,.T.);
#3145=EDGE_CURVE('',#285,#283,#3148,.F.);
#3146=EDGE_CURVE('',#283,#287,#3149,.T.);
#3147=EDGE_CURVE('',#287,#285,#3150,.T.);
#3148=LINE('',#284,#3151);
#3149=LINE('',#282,#3152);
#3150=LINE('',#286,#3153);
#3151=VECTOR('',#3154,1.0);
#3152=VECTOR('',#3155,1.0);
#3153=VECTOR('',#3156,1.0);
#3154=DIRECTION('',(0.006152715382210818,0.04673437406366811,0.9988884033636103));
#3155=DIRECTION('',(-0.13052657411302013,-0.9914448110965726,0));
#3156=DIRECTION('',(0,0,-1));
#3157=FACE_SURFACE('',(#3162),#3158,.T.);
#3158=PLANE('',#3159);
#3159=AXIS2_PLACEMENT_3D('',#284,#3160,#3161);
#3160=DIRECTION('',(0.9914448110965725,0.13052657411302013,-0));
#3161=DIRECTION('',(0,0,1));
#3162=FACE_BOUND('',#3163,.T.);
#3163=EDGE_LOOP('',(#3164,#3165,#3166));
#3164=ORIENTED_EDGE('',*,*,#3167,.T.);
#3165=ORIENTED_EDGE('',*,*,#3168,.T.);
#3166=ORIENTED_EDGE('',*,*,#3169,.T.);
#3167=EDGE_CURVE('',#285,#287,#3170,.F.);
#3168=EDGE_CURVE('',#287,#289,#3171,.T.);
#3169=EDGE_CURVE('',#289,#285,#3172,.T.);
#3170=LINE('',#284,#3173);
#3171=LINE('',#286,#3174);
#3172=LINE('',#288,#3175);
#3173=VECTOR('',#3176,1.0);
#3174=VECTOR('',#3177,1.0);
#3175=VECTOR('',#3178,1.0);
#3176=DIRECTION('',(0,0,1));
#3177=DIRECTION('',(0.006152715382210818,-0.04673437406366811,-0.9988884033636103));
#3178=DIRECTION('',(-0.13052657411302013,0.9914448110965726,0));
#3179=FACE_SURFACE('',(#3184),#3180,.T.);
#3180=PLANE('',#3181);
#3181=AXIS2_PLACEMENT_3D('',#288,#3182,#3183);
#3182=DIRECTION('',(0.9914448110965725,0.13052657411302013,-0));
#3183=DIRECTION('',(-0.006152715382210818,0.04673437406366811,0.9988884033636103));
#3184=FACE_BOUND('',#3185,.T.);
#3185=EDGE_LOOP('',(#3186,#3187,#3188));
#3186=ORIENTED_EDGE('',*,*,#3189,.T.);
#3187=ORIENTED_EDGE('',*,*,#3190,.T.);
#3188=ORIENTED_EDGE('',*,*,#3191,.T.);
#3189=EDGE_CURVE('',#289,#287,#3192,.F.);
#3190=EDGE_CURVE('',#287,#291,#3193,.T.);
#3191=EDGE_CURVE('',#291,#289,#3194,.T.);
#3192=LINE('',#288,#3195);
#3193=LINE('',#286,#3196);
#3194=LINE('',#290,#3197);
#3195=VECTOR('',#3198,1.0);
#3196=VECTOR('',#3199,1.0);
#3197=VECTOR('',#3200,1.0);
#3198=DIRECTION('',(-0.006152715382210818,0.04673437406366811,0.9988884033636103));
#3199=DIRECTION('',(0.13052657411302013,-0.9914448110965726,0));
#3200=DIRECTION('',(0,0,-1));
#3201=FACE_SURFACE('',(#3206),#3202,.T.);
#3202=PLANE('',#3203);
#3203=AXIS2_PLACEMENT_3D('',#288,#3204,#3205);
#3204=DIRECTION('',(0.9238795823506503,0.3826833120422005,-0));
#3205=DIRECTION('',(0,0,1));
#3206=FACE_BOUND('',#3207,.T.);
#3207=EDGE_LOOP('',(#3208,#3209,#3210));
#3208=ORIENTED_EDGE('',*,*,#3211,.T.);
#3209=ORIENTED_EDGE('',*,*,#3212,.T.);
#3210=ORIENTED_EDGE('',*,*,#3213,.T.);
#3211=EDGE_CURVE('',#289,#291,#3214,.F.);
#3212=EDGE_CURVE('',#291,#293,#3215,.T.);
#3213=EDGE_CURVE('',#293,#289,#3216,.T.);
#3214=LINE('',#288,#3217);
#3215=LINE('',#290,#3218);
#3216=LINE('',#292,#3219);
#3217=VECTOR('',#3220,1.0);
#3218=VECTOR('',#3221,1.0);
#3219=VECTOR('',#3222,1.0);
#3220=DIRECTION('',(0,0,1));
#3221=DIRECTION('',(0.018038995435126583,-0.0435500034733477,-0.9988883780689226));
#3222=DIRECTION('',(-0.3826833120422005,0.9238795823506503,0));
#3223=FACE_SURFACE('',(#3228),#3224,.T.);
#3224=PLANE('',#3225);
#3225=AXIS2_PLACEMENT_3D('',#292,#3226,#3227);
#3226=DIRECTION('',(0.9238795823506503,0.3826833120422005,-0));
#3227=DIRECTION('',(-0.018038995435126583,0.0435500034733477,0.9988883780689226));
#3228=FACE_BOUND('',#3229,.T.);
#3229=EDGE_LOOP('',(#3230,#3231,#3232));
#3230=ORIENTED_EDGE('',*,*,#3233,.T.);
#3231=ORIENTED_EDGE('',*,*,#3234,.T.);
#3232=ORIENTED_EDGE('',*,*,#3235,.T.);
#3233=EDGE_CURVE('',#293,#291,#3236,.F.);
#3234=EDGE_CURVE('',#291,#295,#3237,.T.);
#3235=EDGE_CURVE('',#295,#293,#3238,.T.);
#3236=LINE('',#292,#3239);
#3237=LINE('',#290,#3240);
#3238=LINE('',#294,#3241);
#3239=VECTOR('',#3242,1.0);
#3240=VECTOR('',#3243,1.0);
#3241=VECTOR('',#3244,1.0);
#3242=DIRECTION('',(-0.018038995435126583,0.0435500034733477,0.9988883780689226));
#3243=DIRECTION('',(0.3826833120422005,-0.9238795823506503,0));
#3244=DIRECTION('',(0,0,-1));
#3245=FACE_SURFACE('',(#3250),#3246,.T.);
#3246=PLANE('',#3247);
#3247=AXIS2_PLACEMENT_3D('',#292,#3248,#3249);
#3248=DIRECTION('',(0.7933492752661907,0.6087667266158772,-0));
#3249=DIRECTION('',(0,0,1));
#3250=FACE_BOUND('',#3251,.T.);
#3251=EDGE_LOOP('',(#3252,#3253,#3254));
#3252=ORIENTED_EDGE('',*,*,#3255,.T.);
#3253=ORIENTED_EDGE('',*,*,#3256,.T.);
#3254=ORIENTED_EDGE('',*,*,#3257,.T.);
#3255=EDGE_CURVE('',#293,#295,#3258,.F.);
#3256=EDGE_CURVE('',#295,#297,#3259,.T.);
#3257=EDGE_CURVE('',#297,#293,#3260,.T.);
#3258=LINE('',#292,#3261);
#3259=LINE('',#294,#3262);
#3260=LINE('',#296,#3263);
#3261=VECTOR('',#3264,1.0);
#3262=VECTOR('',#3265,1.0);
#3263=VECTOR('',#3266,1.0);
#3264=DIRECTION('',(0,0,1));
#3265=DIRECTION('',(0.028695671636838,-0.03739641031781756,-0.9988884156524452));
#3266=DIRECTION('',(-0.608766726615877,0.7933492752661906,0));
#3267=FACE_SURFACE('',(#3272),#3268,.T.);
#3268=PLANE('',#3269);
#3269=AXIS2_PLACEMENT_3D('',#296,#3270,#3271);
#3270=DIRECTION('',(0.7933492752661907,0.6087667266158772,-0));
#3271=DIRECTION('',(-0.028695671636838,0.03739641031781756,0.9988884156524452));
#3272=FACE_BOUND('',#3273,.T.);
#3273=EDGE_LOOP('',(#3274,#3275,#3276));
#3274=ORIENTED_EDGE('',*,*,#3277,.T.);
#3275=ORIENTED_EDGE('',*,*,#3278,.T.);
#3276=ORIENTED_EDGE('',*,*,#3279,.T.);
#3277=EDGE_CURVE('',#297,#295,#3280,.F.);
#3278=EDGE_CURVE('',#295,#299,#3281,.T.);
#3279=EDGE_CURVE('',#299,#297,#3282,.T.);
#3280=LINE('',#296,#3283);
#3281=LINE('',#294,#3284);
#3282=LINE('',#298,#3285);
#3283=VECTOR('',#3286,1.0);
#3284=VECTOR('',#3287,1.0);
#3285=VECTOR('',#3288,1.0);
#3286=DIRECTION('',(-0.028695671636838,0.03739641031781756,0.9988884156524452));
#3287=DIRECTION('',(0.608766726615877,-0.7933492752661906,0));
#3288=DIRECTION('',(0,0,-1));
#3289=FACE_SURFACE('',(#3294),#3290,.T.);
#3290=PLANE('',#3291);
#3291=AXIS2_PLACEMENT_3D('',#296,#3292,#3293);
#3292=DIRECTION('',(0.6087607202674205,0.7933538841270593,-0));
#3293=DIRECTION('',(0,0,1));
#3294=FACE_BOUND('',#3295,.T.);
#3295=EDGE_LOOP('',(#3296,#3297,#3298));
#3296=ORIENTED_EDGE('',*,*,#3299,.T.);
#3297=ORIENTED_EDGE('',*,*,#3300,.T.);
#3298=ORIENTED_EDGE('',*,*,#3301,.T.);
#3299=EDGE_CURVE('',#297,#299,#3302,.F.);
#3300=EDGE_CURVE('',#299,#301,#3303,.T.);
#3301=EDGE_CURVE('',#301,#297,#3304,.T.);
#3302=LINE('',#296,#3305);
#3303=LINE('',#298,#3306);
#3304=LINE('',#300,#3307);
#3305=VECTOR('',#3308,1.0);
#3306=VECTOR('',#3309,1.0);
#3307=VECTOR('',#3310,1.0);
#3308=DIRECTION('',(0,0,1));
#3309=DIRECTION('',(0.03739699572210851,-0.028695671007747107,-0.9988883937539648));
#3310=DIRECTION('',(-0.7933538841270593,0.6087607202674205,0));
#3311=FACE_SURFACE('',(#3316),#3312,.T.);
#3312=PLANE('',#3313);
#3313=AXIS2_PLACEMENT_3D('',#300,#3314,#3315);
#3314=DIRECTION('',(0.6087607202674205,0.7933538841270593,-0));
#3315=DIRECTION('',(-0.03739699572210851,0.028695671007747107,0.9988883937539648));
#3316=FACE_BOUND('',#3317,.T.);
#3317=EDGE_LOOP('',(#3318,#3319,#3320));
#3318=ORIENTED_EDGE('',*,*,#3321,.T.);
#3319=ORIENTED_EDGE('',*,*,#3322,.T.);
#3320=ORIENTED_EDGE('',*,*,#3323,.T.);
#3321=EDGE_CURVE('',#301,#299,#3324,.F.);
#3322=EDGE_CURVE('',#299,#303,#3325,.T.);
#3323=EDGE_CURVE('',#303,#301,#3326,.T.);
#3324=LINE('',#300,#3327);
#3325=LINE('',#298,#3328);
#3326=LINE('',#302,#3329);
#3327=VECTOR('',#3330,1.0);
#3328=VECTOR('',#3331,1.0);
#3329=VECTOR('',#3332,1.0);
#3330=DIRECTION('',(-0.03739699572210851,0.028695671007747107,0.9988883937539648));
#3331=DIRECTION('',(0.7933538841270593,-0.6087607202674205,0));
#3332=DIRECTION('',(0,0,-1));
#3333=FACE_SURFACE('',(#3338),#3334,.T.);
#3334=PLANE('',#3335);
#3335=AXIS2_PLACEMENT_3D('',#300,#3336,#3337);
#3336=DIRECTION('',(0.3826930165205307,0.9238755625658777,-0));
#3337=DIRECTION('',(0,0,1));
#3338=FACE_BOUND('',#3339,.T.);
#3339=EDGE_LOOP('',(#3340,#3341,#3342));
#3340=ORIENTED_EDGE('',*,*,#3343,.T.);
#3341=ORIENTED_EDGE('',*,*,#3344,.T.);
#3342=ORIENTED_EDGE('',*,*,#3345,.T.);
#3343=EDGE_CURVE('',#301,#303,#3346,.F.);
#3344=EDGE_CURVE('',#303,#305,#3347,.T.);
#3345=EDGE_CURVE('',#305,#301,#3348,.T.);
#3346=LINE('',#300,#3349);
#3347=LINE('',#302,#3350);
#3348=LINE('',#304,#3351);
#3349=VECTOR('',#3352,1.0);
#3350=VECTOR('',#3353,1.0);
#3351=VECTOR('',#3354,1.0);
#3352=DIRECTION('',(0,0,1));
#3353=DIRECTION('',(0.04354941813077486,-0.018039288912343906,-0.9988883982888218));
#3354=DIRECTION('',(-0.9238755625658776,0.3826930165205307,0));
#3355=FACE_SURFACE('',(#3360),#3356,.T.);
#3356=PLANE('',#3357);
#3357=AXIS2_PLACEMENT_3D('',#304,#3358,#3359);
#3358=DIRECTION('',(0.3826930165205307,0.9238755625658777,-0));
#3359=DIRECTION('',(-0.04354941813077486,0.018039288912343906,0.9988883982888218));
#3360=FACE_BOUND('',#3361,.T.);
#3361=EDGE_LOOP('',(#3362,#3363,#3364));
#3362=ORIENTED_EDGE('',*,*,#3365,.T.);
#3363=ORIENTED_EDGE('',*,*,#3366,.T.);
#3364=ORIENTED_EDGE('',*,*,#3367,.T.);
#3365=EDGE_CURVE('',#305,#303,#3368,.F.);
#3366=EDGE_CURVE('',#303,#307,#3369,.T.);
#3367=EDGE_CURVE('',#307,#305,#3370,.T.);
#3368=LINE('',#304,#3371);
#3369=LINE('',#302,#3372);
#3370=LINE('',#306,#3373);
#3371=VECTOR('',#3374,1.0);
#3372=VECTOR('',#3375,1.0);
#3373=VECTOR('',#3376,1.0);
#3374=DIRECTION('',(-0.04354941813077486,0.018039288912343906,0.9988883982888218));
#3375=DIRECTION('',(0.9238755625658776,-0.3826930165205307,0));
#3376=DIRECTION('',(0,0,-1));
#3377=FACE_SURFACE('',(#3382),#3378,.T.);
#3378=PLANE('',#3379);
#3379=AXIS2_PLACEMENT_3D('',#304,#3380,#3381);
#3380=DIRECTION('',(0.1305196571729924,0.9914457217071666,-0));
#3381=DIRECTION('',(0,0,1));
#3382=FACE_BOUND('',#3383,.T.);
#3383=EDGE_LOOP('',(#3384,#3385,#3386));
#3384=ORIENTED_EDGE('',*,*,#3387,.T.);
#3385=ORIENTED_EDGE('',*,*,#3388,.T.);
#3386=ORIENTED_EDGE('',*,*,#3389,.T.);
#3387=EDGE_CURVE('',#305,#307,#3390,.F.);
#3388=EDGE_CURVE('',#307,#309,#3391,.T.);
#3389=EDGE_CURVE('',#309,#305,#3392,.T.);
#3390=LINE('',#304,#3393);
#3391=LINE('',#306,#3394);
#3392=LINE('',#308,#3395);
#3393=VECTOR('',#3396,1.0);
#3394=VECTOR('',#3397,1.0);
#3395=VECTOR('',#3398,1.0);
#3396=DIRECTION('',(0,0,1));
#3397=DIRECTION('',(0.04673466661982269,-0.00615242219696116,-0.9988883914817733));
#3398=DIRECTION('',(-0.9914457217071666,0.1305196571729924,0));
#3399=FACE_SURFACE('',(#3404),#3400,.T.);
#3400=PLANE('',#3401);
#3401=AXIS2_PLACEMENT_3D('',#308,#3402,#3403);
#3402=DIRECTION('',(0.1305196571729924,0.9914457217071666,-0));
#3403=DIRECTION('',(-0.04673466661982269,0.00615242219696116,0.9988883914817733));
#3404=FACE_BOUND('',#3405,.T.);
#3405=EDGE_LOOP('',(#3406,#3407,#3408));
#3406=ORIENTED_EDGE('',*,*,#3409,.T.);
#3407=ORIENTED_EDGE('',*,*,#3410,.T.);
#3408=ORIENTED_EDGE('',*,*,#3411,.T.);
#3409=EDGE_CURVE('',#309,#307,#3412,.F.);
#3410=EDGE_CURVE('',#307,#311,#3413,.T.);
#3411=EDGE_CURVE('',#311,#309,#3414,.T.);
#3412=LINE('',#308,#3415);
#3413=LINE('',#306,#3416);
#3414=LINE('',#310,#3417);
#3415=VECTOR('',#3418,1.0);
#3416=VECTOR('',#3419,1.0);
#3417=VECTOR('',#3420,1.0);
#3418=DIRECTION('',(-0.04673466661982269,0.00615242219696116,0.9988883914817733));
#3419=DIRECTION('',(0.9914457217071666,-0.1305196571729924,0));
#3420=DIRECTION('',(0,0,-1));
#3421=FACE_SURFACE('',(#3426),#3422,.T.);
#3422=PLANE('',#3423);
#3423=AXIS2_PLACEMENT_3D('',#308,#3424,#3425);
#3424=DIRECTION('',(-0.1305204618303884,0.9914456157770744,0));
#3425=DIRECTION('',(0,0,1));
#3426=FACE_BOUND('',#3427,.T.);
#3427=EDGE_LOOP('',(#3428,#3429,#3430));
#3428=ORIENTED_EDGE('',*,*,#3431,.T.);
#3429=ORIENTED_EDGE('',*,*,#3432,.T.);
#3430=ORIENTED_EDGE('',*,*,#3433,.T.);
#3431=EDGE_CURVE('',#309,#311,#3434,.F.);
#3432=EDGE_CURVE('',#311,#313,#3435,.T.);
#3433=EDGE_CURVE('',#313,#309,#3436,.T.);
#3434=LINE('',#308,#3437);
#3435=LINE('',#310,#3438);
#3436=LINE('',#312,#3439);
#3437=VECTOR('',#3440,1.0);
#3438=VECTOR('',#3441,1.0);
#3439=VECTOR('',#3442,1.0);
#3440=DIRECTION('',(0,0,1));
#3441=DIRECTION('',(0.04673437414794851,0.006152422281239819,-0.9988884051649979));
#3442=DIRECTION('',(-0.9914456157770744,-0.13052046183038843,0));
#3443=FACE_SURFACE('',(#3448),#3444,.T.);
#3444=PLANE('',#3445);
#3445=AXIS2_PLACEMENT_3D('',#312,#3446,#3447);
#3446=DIRECTION('',(-0.1305204618303884,0.9914456157770744,0));
#3447=DIRECTION('',(-0.04673437414794851,-0.006152422281239819,0.9988884051649979));
#3448=FACE_BOUND('',#3449,.T.);
#3449=EDGE_LOOP('',(#3450,#3451,#3452));
#3450=ORIENTED_EDGE('',*,*,#3453,.T.);
#3451=ORIENTED_EDGE('',*,*,#3454,.T.);
#3452=ORIENTED_EDGE('',*,*,#3455,.T.);
#3453=EDGE_CURVE('',#313,#311,#3456,.F.);
#3454=EDGE_CURVE('',#311,#315,#3457,.T.);
#3455=EDGE_CURVE('',#315,#313,#3458,.T.);
#3456=LINE('',#312,#3459);
#3457=LINE('',#310,#3460);
#3458=LINE('',#314,#3461);
#3459=VECTOR('',#3462,1.0);
#3460=VECTOR('',#3463,1.0);
#3461=VECTOR('',#3464,1.0);
#3462=DIRECTION('',(-0.04673437414794851,-0.006152422281239819,0.9988884051649979));
#3463=DIRECTION('',(0.9914456157770744,0.13052046183038843,0));
#3464=DIRECTION('',(0,0,-1));
#3465=FACE_SURFACE('',(#3470),#3466,.T.);
#3466=PLANE('',#3467);
#3467=AXIS2_PLACEMENT_3D('',#312,#3468,#3469);
#3468=DIRECTION('',(-0.38269081802010646,0.9238764732382256,0));
#3469=DIRECTION('',(0,0,1));
#3470=FACE_BOUND('',#3471,.T.);
#3471=EDGE_LOOP('',(#3472,#3473,#3474));
#3472=ORIENTED_EDGE('',*,*,#3475,.T.);
#3473=ORIENTED_EDGE('',*,*,#3476,.T.);
#3474=ORIENTED_EDGE('',*,*,#3477,.T.);
#3475=EDGE_CURVE('',#313,#315,#3478,.F.);
#3476=EDGE_CURVE('',#315,#317,#3479,.T.);
#3477=EDGE_CURVE('',#317,#313,#3480,.T.);
#3478=LINE('',#312,#3481);
#3479=LINE('',#314,#3482);
#3480=LINE('',#316,#3483);
#3481=VECTOR('',#3484,1.0);
#3482=VECTOR('',#3485,1.0);
#3483=VECTOR('',#3486,1.0);
#3484=DIRECTION('',(0,0,1));
#3485=DIRECTION('',(0.04354971068693178,0.01803928868207414,-0.9988883855381088));
#3486=DIRECTION('',(-0.9238764732382256,-0.38269081802010646,0));
#3487=FACE_SURFACE('',(#3492),#3488,.T.);
#3488=PLANE('',#3489);
#3489=AXIS2_PLACEMENT_3D('',#316,#3490,#3491);
#3490=DIRECTION('',(-0.38269081802010646,0.9238764732382256,0));
#3491=DIRECTION('',(-0.04354971068693178,-0.01803928868207414,0.9988883855381088));
#3492=FACE_BOUND('',#3493,.T.);
#3493=EDGE_LOOP('',(#3494,#3495,#3496));
#3494=ORIENTED_EDGE('',*,*,#3497,.T.);
#3495=ORIENTED_EDGE('',*,*,#3498,.T.);
#3496=ORIENTED_EDGE('',*,*,#3499,.T.);
#3497=EDGE_CURVE('',#317,#315,#3500,.F.);
#3498=EDGE_CURVE('',#315,#319,#3501,.T.);
#3499=EDGE_CURVE('',#319,#317,#3502,.T.);
#3500=LINE('',#316,#3503);
#3501=LINE('',#314,#3504);
#3502=LINE('',#318,#3505);
#3503=VECTOR('',#3506,1.0);
#3504=VECTOR('',#3507,1.0);
#3505=VECTOR('',#3508,1.0);
#3506=DIRECTION('',(-0.04354971068693178,-0.01803928868207414,0.9988883855381088));
#3507=DIRECTION('',(0.9238764732382256,0.38269081802010646,0));
#3508=DIRECTION('',(0,0,-1));
#3509=FACE_SURFACE('',(#3514),#3510,.T.);
#3510=PLANE('',#3511);
#3511=AXIS2_PLACEMENT_3D('',#316,#3512,#3513);
#3512=DIRECTION('',(-0.6087607202674205,0.7933538841270593,0));
#3513=DIRECTION('',(0,0,1));
#3514=FACE_BOUND('',#3515,.T.);
#3515=EDGE_LOOP('',(#3516,#3517,#3518));
#3516=ORIENTED_EDGE('',*,*,#3519,.T.);
#3517=ORIENTED_EDGE('',*,*,#3520,.T.);
#3518=ORIENTED_EDGE('',*,*,#3521,.T.);
#3519=EDGE_CURVE('',#317,#319,#3522,.F.);
#3520=EDGE_CURVE('',#319,#321,#3523,.T.);
#3521=EDGE_CURVE('',#321,#317,#3524,.T.);
#3522=LINE('',#316,#3525);
#3523=LINE('',#318,#3526);
#3524=LINE('',#320,#3527);
#3525=VECTOR('',#3528,1.0);
#3526=VECTOR('',#3529,1.0);
#3527=VECTOR('',#3530,1.0);
#3528=DIRECTION('',(0,0,1));
#3529=DIRECTION('',(0.03739699572210851,0.028695671007747107,-0.9988883937539648));
#3530=DIRECTION('',(-0.7933538841270593,-0.6087607202674205,0));
#3531=FACE_SURFACE('',(#3536),#3532,.T.);
#3532=PLANE('',#3533);
#3533=AXIS2_PLACEMENT_3D('',#320,#3534,#3535);
#3534=DIRECTION('',(-0.6087607202674205,0.7933538841270593,0));
#3535=DIRECTION('',(-0.03739699572210851,-0.028695671007747107,0.9988883937539648));
#3536=FACE_BOUND('',#3537,.T.);
#3537=EDGE_LOOP('',(#3538,#3539,#3540));
#3538=ORIENTED_EDGE('',*,*,#3541,.T.);
#3539=ORIENTED_EDGE('',*,*,#3542,.T.);
#3540=ORIENTED_EDGE('',*,*,#3543,.T.);
#3541=EDGE_CURVE('',#321,#319,#3544,.F.);
#3542=EDGE_CURVE('',#319,#323,#3545,.T.);
#3543=EDGE_CURVE('',#323,#321,#3546,.T.);
#3544=LINE('',#320,#3547);
#3545=LINE('',#318,#3548);
#3546=LINE('',#322,#3549);
#3547=VECTOR('',#3550,1.0);
#3548=VECTOR('',#3551,1.0);
#3549=VECTOR('',#3552,1.0);
#3550=DIRECTION('',(-0.03739699572210851,-0.028695671007747107,0.9988883937539648));
#3551=DIRECTION('',(0.7933538841270593,0.6087607202674205,0));
#3552=DIRECTION('',(0,0,-1));
#3553=FACE_SURFACE('',(#3558),#3554,.T.);
#3554=PLANE('',#3555);
#3555=AXIS2_PLACEMENT_3D('',#320,#3556,#3557);
#3556=DIRECTION('',(-0.7933492752661907,0.6087667266158772,0));
#3557=DIRECTION('',(0,0,1));
#3558=FACE_BOUND('',#3559,.T.);
#3559=EDGE_LOOP('',(#3560,#3561,#3562));
#3560=ORIENTED_EDGE('',*,*,#3563,.T.);
#3561=ORIENTED_EDGE('',*,*,#3564,.T.);
#3562=ORIENTED_EDGE('',*,*,#3565,.T.);
#3563=EDGE_CURVE('',#321,#323,#3566,.F.);
#3564=EDGE_CURVE('',#323,#325,#3567,.T.);
#3565=EDGE_CURVE('',#325,#321,#3568,.T.);
#3566=LINE('',#320,#3569);
#3567=LINE('',#322,#3570);
#3568=LINE('',#324,#3571);
#3569=VECTOR('',#3572,1.0);
#3570=VECTOR('',#3573,1.0);
#3571=VECTOR('',#3574,1.0);
#3572=DIRECTION('',(0,0,1));
#3573=DIRECTION('',(0.028695671636838,0.03739641031781756,-0.9988884156524452));
#3574=DIRECTION('',(-0.608766726615877,-0.7933492752661906,0));
#3575=FACE_SURFACE('',(#3580),#3576,.T.);
#3576=PLANE('',#3577);
#3577=AXIS2_PLACEMENT_3D('',#324,#3578,#3579);
#3578=DIRECTION('',(-0.7933492752661907,0.6087667266158772,0));
#3579=DIRECTION('',(-0.028695671636838,-0.03739641031781756,0.9988884156524452));
#3580=FACE_BOUND('',#3581,.T.);
#3581=EDGE_LOOP('',(#3582,#3583,#3584));
#3582=ORIENTED_EDGE('',*,*,#3585,.T.);
#3583=ORIENTED_EDGE('',*,*,#3586,.T.);
#3584=ORIENTED_EDGE('',*,*,#3587,.T.);
#3585=EDGE_CURVE('',#325,#323,#3588,.F.);
#3586=EDGE_CURVE('',#323,#327,#3589,.T.);
#3587=EDGE_CURVE('',#327,#325,#3590,.T.);
#3588=LINE('',#324,#3591);
#3589=LINE('',#322,#3592);
#3590=LINE('',#326,#3593);
#3591=VECTOR('',#3594,1.0);
#3592=VECTOR('',#3595,1.0);
#3593=VECTOR('',#3596,1.0);
#3594=DIRECTION('',(-0.028695671636838,-0.03739641031781756,0.9988884156524452));
#3595=DIRECTION('',(0.608766726615877,0.7933492752661906,0));
#3596=DIRECTION('',(0,0,-1));
#3597=FACE_SURFACE('',(#3602),#3598,.T.);
#3598=PLANE('',#3599);
#3599=AXIS2_PLACEMENT_3D('',#324,#3600,#3601);
#3600=DIRECTION('',(-0.9238817807863936,0.382678004503737,0));
#3601=DIRECTION('',(0,0,1));
#3602=FACE_BOUND('',#3603,.T.);
#3603=EDGE_LOOP('',(#3604,#3605,#3606));
#3604=ORIENTED_EDGE('',*,*,#3607,.T.);
#3605=ORIENTED_EDGE('',*,*,#3608,.T.);
#3606=ORIENTED_EDGE('',*,*,#3609,.T.);
#3607=EDGE_CURVE('',#325,#327,#3610,.F.);
#3608=EDGE_CURVE('',#327,#233,#3611,.T.);
#3609=EDGE_CURVE('',#233,#325,#3612,.T.);
#3610=LINE('',#324,#3613);
#3611=LINE('',#326,#3614);
#3612=LINE('',#232,#3615);
#3613=VECTOR('',#3616,1.0);
#3614=VECTOR('',#3617,1.0);
#3615=VECTOR('',#3618,1.0);
#3616=DIRECTION('',(0,0,1));
#3617=DIRECTION('',(0.018038702418445688,0.04355000370361418,-0.9988883833504493));
#3618=DIRECTION('',(-0.38267800450373696,-0.9238817807863935,0));
#3619=FACE_SURFACE('',(#3624),#3620,.T.);
#3620=PLANE('',#3621);
#3621=AXIS2_PLACEMENT_3D('',#232,#3622,#3623);
#3622=DIRECTION('',(-0.9238817807863936,0.382678004503737,0));
#3623=DIRECTION('',(-0.018038702418445688,-0.04355000370361418,0.9988883833504493));
#3624=FACE_BOUND('',#3625,.T.);
#3625=EDGE_LOOP('',(#3626,#3627,#3628));
#3626=ORIENTED_EDGE('',*,*,#3629,.T.);
#3627=ORIENTED_EDGE('',*,*,#3630,.T.);
#3628=ORIENTED_EDGE('',*,*,#3631,.T.);
#3629=EDGE_CURVE('',#233,#327,#3632,.F.);
#3630=EDGE_CURVE('',#327,#235,#3633,.T.);
#3631=EDGE_CURVE('',#235,#233,#3634,.T.);
#3632=LINE('',#232,#3635);
#3633=LINE('',#326,#3636);
#3634=LINE('',#234,#3637);
#3635=VECTOR('',#3638,1.0);
#3636=VECTOR('',#3639,1.0);
#3637=VECTOR('',#3640,1.0);
#3638=DIRECTION('',(-0.018038702418445688,-0.04355000370361418,0.9988883833504493));
#3639=DIRECTION('',(0.38267800450373696,0.9238817807863935,0));
#3640=DIRECTION('',(0,0,-1));
#3641=FACE_SURFACE('',(#3646),#3642,.T.);
#3642=PLANE('',#3643);
#3643=AXIS2_PLACEMENT_3D('',#328,#3644,#3645);
#3644=DIRECTION('',(-0.9914445992108383,0.13052818353007217,0));
#3645=DIRECTION('',(0,0,1));
#3646=FACE_BOUND('',#3647,.T.);
#3647=EDGE_LOOP('',(#3648,#3649,#3650));
#3648=ORIENTED_EDGE('',*,*,#3651,.T.);
#3649=ORIENTED_EDGE('',*,*,#3652,.T.);
#3650=ORIENTED_EDGE('',*,*,#3653,.T.);
#3651=EDGE_CURVE('',#329,#331,#3654,.F.);
#3652=EDGE_CURVE('',#331,#333,#3655,.T.);
#3653=EDGE_CURVE('',#333,#329,#3656,.T.);
#3654=LINE('',#328,#3657);
#3655=LINE('',#330,#3658);
#3656=LINE('',#332,#3659);
#3657=VECTOR('',#3660,1.0);
#3658=VECTOR('',#3661,1.0);
#3659=VECTOR('',#3662,1.0);
#3660=DIRECTION('',(0,0,1));
#3661=DIRECTION('',(0.0061527155507745904,0.046733789119884746,-0.9988884307298035));
#3662=DIRECTION('',(-0.13052818353007217,-0.9914445992108384,0));
#3663=FACE_SURFACE('',(#3668),#3664,.T.);
#3664=PLANE('',#3665);
#3665=AXIS2_PLACEMENT_3D('',#332,#3666,#3667);
#3666=DIRECTION('',(-0.9914445992108383,0.13052818353007217,0));
#3667=DIRECTION('',(-0.0061527155507745904,-0.046733789119884746,0.9988884307298035));
#3668=FACE_BOUND('',#3669,.T.);
#3669=EDGE_LOOP('',(#3670,#3671,#3672));
#3670=ORIENTED_EDGE('',*,*,#3673,.T.);
#3671=ORIENTED_EDGE('',*,*,#3674,.T.);
#3672=ORIENTED_EDGE('',*,*,#3675,.T.);
#3673=EDGE_CURVE('',#333,#331,#3676,.F.);
#3674=EDGE_CURVE('',#331,#335,#3677,.T.);
#3675=EDGE_CURVE('',#335,#333,#3678,.T.);
#3676=LINE('',#332,#3679);
#3677=LINE('',#330,#3680);
#3678=LINE('',#334,#3681);
#3679=VECTOR('',#3682,1.0);
#3680=VECTOR('',#3683,1.0);
#3681=VECTOR('',#3684,1.0);
#3682=DIRECTION('',(-0.0061527155507745904,-0.046733789119884746,0.9988884307298035));
#3683=DIRECTION('',(0.13052818353007217,0.9914445992108384,0));
#3684=DIRECTION('',(0,0,-1));
#3685=FACE_SURFACE('',(#3690),#3686,.T.);
#3686=PLANE('',#3687);
#3687=AXIS2_PLACEMENT_3D('',#332,#3688,#3689);
#3688=DIRECTION('',(-0.9914450229744691,-0.13052496473531197,0));
#3689=DIRECTION('',(0,0,1));
#3690=FACE_BOUND('',#3691,.T.);
#3691=EDGE_LOOP('',(#3692,#3693,#3694));
#3692=ORIENTED_EDGE('',*,*,#3695,.T.);
#3693=ORIENTED_EDGE('',*,*,#3696,.T.);
#3694=ORIENTED_EDGE('',*,*,#3697,.T.);
#3695=EDGE_CURVE('',#333,#335,#3698,.F.);
#3696=EDGE_CURVE('',#335,#337,#3699,.T.);
#3697=EDGE_CURVE('',#337,#333,#3700,.T.);
#3698=LINE('',#332,#3701);
#3699=LINE('',#334,#3702);
#3700=LINE('',#336,#3703);
#3701=VECTOR('',#3704,1.0);
#3702=VECTOR('',#3705,1.0);
#3703=VECTOR('',#3706,1.0);
#3704=DIRECTION('',(0,0,1));
#3705=DIRECTION('',(-0.006152715213644945,0.04673495900740339,-0.9988883759970761));
#3706=DIRECTION('',(0.13052496473531194,-0.991445022974469,0));
#3707=FACE_SURFACE('',(#3712),#3708,.T.);
#3708=PLANE('',#3709);
#3709=AXIS2_PLACEMENT_3D('',#336,#3710,#3711);
#3710=DIRECTION('',(-0.9914450229744691,-0.13052496473531197,0));
#3711=DIRECTION('',(0.006152715213644945,-0.04673495900740339,0.9988883759970761));
#3712=FACE_BOUND('',#3713,.T.);
#3713=EDGE_LOOP('',(#3714,#3715,#3716));
#3714=ORIENTED_EDGE('',*,*,#3717,.T.);
#3715=ORIENTED_EDGE('',*,*,#3718,.T.);
#3716=ORIENTED_EDGE('',*,*,#3719,.T.);
#3717=EDGE_CURVE('',#337,#335,#3720,.F.);
#3718=EDGE_CURVE('',#335,#339,#3721,.T.);
#3719=EDGE_CURVE('',#339,#337,#3722,.T.);
#3720=LINE('',#336,#3723);
#3721=LINE('',#334,#3724);
#3722=LINE('',#338,#3725);
#3723=VECTOR('',#3726,1.0);
#3724=VECTOR('',#3727,1.0);
#3725=VECTOR('',#3728,1.0);
#3726=DIRECTION('',(0.006152715213644945,-0.04673495900740339,0.9988883759970761));
#3727=DIRECTION('',(-0.13052496473531194,0.991445022974469,0));
#3728=DIRECTION('',(0,0,-1));
#3729=FACE_SURFACE('',(#3734),#3730,.T.);
#3730=PLANE('',#3731);
#3731=AXIS2_PLACEMENT_3D('',#336,#3732,#3733);
#3732=DIRECTION('',(-0.9238799595497634,-0.3826824014013807,0));
#3733=DIRECTION('',(0,0,1));
#3734=FACE_BOUND('',#3735,.T.);
#3735=EDGE_LOOP('',(#3736,#3737,#3738));
#3736=ORIENTED_EDGE('',*,*,#3739,.T.);
#3737=ORIENTED_EDGE('',*,*,#3740,.T.);
#3738=ORIENTED_EDGE('',*,*,#3741,.T.);
#3739=EDGE_CURVE('',#337,#339,#3742,.F.);
#3740=EDGE_CURVE('',#339,#341,#3743,.T.);
#3741=EDGE_CURVE('',#341,#337,#3744,.T.);
#3742=LINE('',#336,#3745);
#3743=LINE('',#338,#3746);
#3744=LINE('',#340,#3747);
#3745=VECTOR('',#3748,1.0);
#3746=VECTOR('',#3749,1.0);
#3747=VECTOR('',#3750,1.0);
#3748=DIRECTION('',(0,0,1));
#3749=DIRECTION('',(-0.01803870287897181,0.04354941859130538,-0.9988884088519616));
#3750=DIRECTION('',(0.3826824014013807,-0.9238799595497634,0));
#3751=FACE_SURFACE('',(#3756),#3752,.T.);
#3752=PLANE('',#3753);
#3753=AXIS2_PLACEMENT_3D('',#340,#3754,#3755);
#3754=DIRECTION('',(-0.9238799595497634,-0.3826824014013807,0));
#3755=DIRECTION('',(0.01803870287897181,-0.04354941859130538,0.9988884088519616));
#3756=FACE_BOUND('',#3757,.T.);
#3757=EDGE_LOOP('',(#3758,#3759,#3760));
#3758=ORIENTED_EDGE('',*,*,#3761,.T.);
#3759=ORIENTED_EDGE('',*,*,#3762,.T.);
#3760=ORIENTED_EDGE('',*,*,#3763,.T.);
#3761=EDGE_CURVE('',#341,#339,#3764,.F.);
#3762=EDGE_CURVE('',#339,#343,#3765,.T.);
#3763=EDGE_CURVE('',#343,#341,#3766,.T.);
#3764=LINE('',#340,#3767);
#3765=LINE('',#338,#3768);
#3766=LINE('',#342,#3769);
#3767=VECTOR('',#3770,1.0);
#3768=VECTOR('',#3771,1.0);
#3769=VECTOR('',#3772,1.0);
#3770=DIRECTION('',(0.01803870287897181,-0.04354941859130538,0.9988884088519616));
#3771=DIRECTION('',(-0.3826824014013807,0.9238799595497634,0));
#3772=DIRECTION('',(0,0,-1));
#3773=FACE_SURFACE('',(#3778),#3774,.T.);
#3774=PLANE('',#3775);
#3775=AXIS2_PLACEMENT_3D('',#340,#3776,#3777);
#3776=DIRECTION('',(-0.7933584928515107,-0.6087547140025935,0));
#3777=DIRECTION('',(0,0,1));
#3778=FACE_BOUND('',#3779,.T.);
#3779=EDGE_LOOP('',(#3780,#3781,#3782));
#3780=ORIENTED_EDGE('',*,*,#3783,.T.);
#3781=ORIENTED_EDGE('',*,*,#3784,.T.);
#3782=ORIENTED_EDGE('',*,*,#3785,.T.);
#3783=EDGE_CURVE('',#341,#343,#3786,.F.);
#3784=EDGE_CURVE('',#343,#345,#3787,.T.);
#3785=EDGE_CURVE('',#345,#341,#3788,.T.);
#3786=LINE('',#340,#3789);
#3787=LINE('',#342,#3790);
#3788=LINE('',#344,#3791);
#3789=VECTOR('',#3792,1.0);
#3790=VECTOR('',#3793,1.0);
#3791=VECTOR('',#3794,1.0);
#3792=DIRECTION('',(0,0,1));
#3793=DIRECTION('',(-0.028695670378646395,0.03739758112636094,-0.9988883718551425));
#3794=DIRECTION('',(0.6087547140025935,-0.7933584928515107,0));
#3795=FACE_SURFACE('',(#3800),#3796,.T.);
#3796=PLANE('',#3797);
#3797=AXIS2_PLACEMENT_3D('',#344,#3798,#3799);
#3798=DIRECTION('',(-0.7933584928515107,-0.6087547140025935,0));
#3799=DIRECTION('',(0.028695670378646395,-0.03739758112636094,0.9988883718551425));
#3800=FACE_BOUND('',#3801,.T.);
#3801=EDGE_LOOP('',(#3802,#3803,#3804));
#3802=ORIENTED_EDGE('',*,*,#3805,.T.);
#3803=ORIENTED_EDGE('',*,*,#3806,.T.);
#3804=ORIENTED_EDGE('',*,*,#3807,.T.);
#3805=EDGE_CURVE('',#345,#343,#3808,.F.);
#3806=EDGE_CURVE('',#343,#347,#3809,.T.);
#3807=EDGE_CURVE('',#347,#345,#3810,.T.);
#3808=LINE('',#344,#3811);
#3809=LINE('',#342,#3812);
#3810=LINE('',#346,#3813);
#3811=VECTOR('',#3814,1.0);
#3812=VECTOR('',#3815,1.0);
#3813=VECTOR('',#3816,1.0);
#3814=DIRECTION('',(0.028695670378646395,-0.03739758112636094,0.9988883718551425));
#3815=DIRECTION('',(-0.6087547140025935,0.7933584928515107,0));
#3816=DIRECTION('',(0,0,-1));
#3817=FACE_SURFACE('',(#3822),#3818,.T.);
#3818=PLANE('',#3819);
#3819=AXIS2_PLACEMENT_3D('',#344,#3820,#3821);
#3820=DIRECTION('',(-0.6087607202674205,-0.7933538841270593,0));
#3821=DIRECTION('',(0,0,1));
#3822=FACE_BOUND('',#3823,.T.);
#3823=EDGE_LOOP('',(#3824,#3825,#3826));
#3824=ORIENTED_EDGE('',*,*,#3827,.T.);
#3825=ORIENTED_EDGE('',*,*,#3828,.T.);
#3826=ORIENTED_EDGE('',*,*,#3829,.T.);
#3827=EDGE_CURVE('',#345,#347,#3830,.F.);
#3828=EDGE_CURVE('',#347,#349,#3831,.T.);
#3829=EDGE_CURVE('',#349,#345,#3832,.T.);
#3830=LINE('',#344,#3833);
#3831=LINE('',#346,#3834);
#3832=LINE('',#348,#3835);
#3833=VECTOR('',#3836,1.0);
#3834=VECTOR('',#3837,1.0);
#3835=VECTOR('',#3838,1.0);
#3836=DIRECTION('',(0,0,1));
#3837=DIRECTION('',(-0.03739699572210851,0.028695671007747107,-0.9988883937539648));
#3838=DIRECTION('',(0.7933538841270593,-0.6087607202674205,0));
#3839=FACE_SURFACE('',(#3844),#3840,.T.);
#3840=PLANE('',#3841);
#3841=AXIS2_PLACEMENT_3D('',#348,#3842,#3843);
#3842=DIRECTION('',(-0.6087607202674205,-0.7933538841270593,0));
#3843=DIRECTION('',(0.03739699572210851,-0.028695671007747107,0.9988883937539648));
#3844=FACE_BOUND('',#3845,.T.);
#3845=EDGE_LOOP('',(#3846,#3847,#3848));
#3846=ORIENTED_EDGE('',*,*,#3849,.T.);
#3847=ORIENTED_EDGE('',*,*,#3850,.T.);
#3848=ORIENTED_EDGE('',*,*,#3851,.T.);
#3849=EDGE_CURVE('',#349,#347,#3852,.F.);
#3850=EDGE_CURVE('',#347,#351,#3853,.T.);
#3851=EDGE_CURVE('',#351,#349,#3854,.T.);
#3852=LINE('',#348,#3855);
#3853=LINE('',#346,#3856);
#3854=LINE('',#350,#3857);
#3855=VECTOR('',#3858,1.0);
#3856=VECTOR('',#3859,1.0);
#3857=VECTOR('',#3860,1.0);
#3858=DIRECTION('',(0.03739699572210851,-0.028695671007747107,0.9988883937539648));
#3859=DIRECTION('',(-0.7933538841270593,0.6087607202674205,0));
#3860=DIRECTION('',(0,0,-1));
#3861=FACE_SURFACE('',(#3866),#3862,.T.);
#3862=PLANE('',#3863);
#3863=AXIS2_PLACEMENT_3D('',#348,#3864,#3865);
#3864=DIRECTION('',(-0.38266958771036086,-0.9238852670335113,0));
#3865=DIRECTION('',(0,0,1));
#3866=FACE_BOUND('',#3867,.T.);
#3867=EDGE_LOOP('',(#3868,#3869,#3870));
#3868=ORIENTED_EDGE('',*,*,#3871,.T.);
#3869=ORIENTED_EDGE('',*,*,#3872,.T.);
#3870=ORIENTED_EDGE('',*,*,#3873,.T.);
#3871=EDGE_CURVE('',#349,#351,#3874,.F.);
#3872=EDGE_CURVE('',#351,#353,#3875,.T.);
#3873=EDGE_CURVE('',#353,#349,#3876,.T.);
#3874=LINE('',#348,#3877);
#3875=LINE('',#350,#3878);
#3876=LINE('',#352,#3879);
#3877=VECTOR('',#3880,1.0);
#3878=VECTOR('',#3881,1.0);
#3879=VECTOR('',#3882,1.0);
#3880=DIRECTION('',(0,0,1));
#3881=DIRECTION('',(-0.04354971160798402,0.018038116615326307,-0.9988884066640444));
#3882=DIRECTION('',(0.9238852670335114,-0.38266958771036086,0));
#3883=FACE_SURFACE('',(#3888),#3884,.T.);
#3884=PLANE('',#3885);
#3885=AXIS2_PLACEMENT_3D('',#352,#3886,#3887);
#3886=DIRECTION('',(-0.38266958771036086,-0.9238852670335113,0));
#3887=DIRECTION('',(0.04354971160798402,-0.018038116615326307,0.9988884066640444));
#3888=FACE_BOUND('',#3889,.T.);
#3889=EDGE_LOOP('',(#3890,#3891,#3892));
#3890=ORIENTED_EDGE('',*,*,#3893,.T.);
#3891=ORIENTED_EDGE('',*,*,#3894,.T.);
#3892=ORIENTED_EDGE('',*,*,#3895,.T.);
#3893=EDGE_CURVE('',#353,#351,#3896,.F.);
#3894=EDGE_CURVE('',#351,#355,#3897,.T.);
#3895=EDGE_CURVE('',#355,#353,#3898,.T.);
#3896=LINE('',#352,#3899);
#3897=LINE('',#350,#3900);
#3898=LINE('',#354,#3901);
#3899=VECTOR('',#3902,1.0);
#3900=VECTOR('',#3903,1.0);
#3901=VECTOR('',#3904,1.0);
#3902=DIRECTION('',(0.04354971160798402,-0.018038116615326307,0.9988884066640444));
#3903=DIRECTION('',(-0.9238852670335114,0.38266958771036086,0));
#3904=DIRECTION('',(0,0,-1));
#3905=FACE_SURFACE('',(#3910),#3906,.T.);
#3906=PLANE('',#3907);
#3907=AXIS2_PLACEMENT_3D('',#352,#3908,#3909);
#3908=DIRECTION('',(-0.13053268638076887,-0.9914440063796945,0));
#3909=DIRECTION('',(0,0,1));
#3910=FACE_BOUND('',#3911,.T.);
#3911=EDGE_LOOP('',(#3912,#3913,#3914));
#3912=ORIENTED_EDGE('',*,*,#3915,.T.);
#3913=ORIENTED_EDGE('',*,*,#3916,.T.);
#3914=ORIENTED_EDGE('',*,*,#3917,.T.);
#3915=EDGE_CURVE('',#353,#355,#3918,.F.);
#3916=EDGE_CURVE('',#355,#357,#3919,.T.);
#3917=EDGE_CURVE('',#357,#353,#3920,.T.);
#3918=LINE('',#352,#3921);
#3919=LINE('',#354,#3922);
#3920=LINE('',#356,#3923);
#3921=VECTOR('',#3924,1.0);
#3922=VECTOR('',#3925,1.0);
#3923=VECTOR('',#3926,1.0);
#3924=DIRECTION('',(0,0,1));
#3925=DIRECTION('',(-0.04673437397938369,0.006153008483180231,-0.998888401562137));
#3926=DIRECTION('',(0.9914440063796945,-0.13053268638076884,0));
#3927=FACE_SURFACE('',(#3932),#3928,.T.);
#3928=PLANE('',#3929);
#3929=AXIS2_PLACEMENT_3D('',#356,#3930,#3931);
#3930=DIRECTION('',(-0.13053268638076887,-0.9914440063796945,0));
#3931=DIRECTION('',(0.04673437397938369,-0.006153008483180231,0.998888401562137));
#3932=FACE_BOUND('',#3933,.T.);
#3933=EDGE_LOOP('',(#3934,#3935,#3936));
#3934=ORIENTED_EDGE('',*,*,#3937,.T.);
#3935=ORIENTED_EDGE('',*,*,#3938,.T.);
#3936=ORIENTED_EDGE('',*,*,#3939,.T.);
#3937=EDGE_CURVE('',#357,#355,#3940,.F.);
#3938=EDGE_CURVE('',#355,#359,#3941,.T.);
#3939=EDGE_CURVE('',#359,#357,#3942,.T.);
#3940=LINE('',#356,#3943);
#3941=LINE('',#354,#3944);
#3942=LINE('',#358,#3945);
#3943=VECTOR('',#3946,1.0);
#3944=VECTOR('',#3947,1.0);
#3945=VECTOR('',#3948,1.0);
#3946=DIRECTION('',(0.04673437397938369,-0.006153008483180231,0.998888401562137));
#3947=DIRECTION('',(-0.9914440063796945,0.13053268638076884,0));
#3948=DIRECTION('',(0,0,-1));
#3949=FACE_SURFACE('',(#3954),#3950,.T.);
#3950=PLANE('',#3951);
#3951=AXIS2_PLACEMENT_3D('',#356,#3952,#3953);
#3952=DIRECTION('',(0.1305318816506212,-0.9914441123294586,0));
#3953=DIRECTION('',(0,0,1));
#3954=FACE_BOUND('',#3955,.T.);
#3955=EDGE_LOOP('',(#3956,#3957,#3958));
#3956=ORIENTED_EDGE('',*,*,#3959,.T.);
#3957=ORIENTED_EDGE('',*,*,#3960,.T.);
#3958=ORIENTED_EDGE('',*,*,#3961,.T.);
#3959=EDGE_CURVE('',#357,#359,#3962,.F.);
#3960=EDGE_CURVE('',#359,#361,#3963,.T.);
#3961=EDGE_CURVE('',#361,#357,#3964,.T.);
#3962=LINE('',#356,#3965);
#3963=LINE('',#358,#3966);
#3964=LINE('',#360,#3967);
#3965=VECTOR('',#3968,1.0);
#3966=VECTOR('',#3969,1.0);
#3967=VECTOR('',#3970,1.0);
#3968=DIRECTION('',(0,0,1));
#3969=DIRECTION('',(-0.04673466645125682,-0.006153008398893542,-0.9988883878789127));
#3970=DIRECTION('',(0.9914441123294586,0.13053188165062118,0));
#3971=FACE_SURFACE('',(#3976),#3972,.T.);
#3972=PLANE('',#3973);
#3973=AXIS2_PLACEMENT_3D('',#360,#3974,#3975);
#3974=DIRECTION('',(0.1305318816506212,-0.9914441123294586,0));
#3975=DIRECTION('',(0.04673466645125682,0.006153008398893542,0.9988883878789127));
#3976=FACE_BOUND('',#3977,.T.);
#3977=EDGE_LOOP('',(#3978,#3979,#3980));
#3978=ORIENTED_EDGE('',*,*,#3981,.T.);
#3979=ORIENTED_EDGE('',*,*,#3982,.T.);
#3980=ORIENTED_EDGE('',*,*,#3983,.T.);
#3981=EDGE_CURVE('',#361,#359,#3984,.F.);
#3982=EDGE_CURVE('',#359,#363,#3985,.T.);
#3983=EDGE_CURVE('',#363,#361,#3986,.T.);
#3984=LINE('',#360,#3987);
#3985=LINE('',#358,#3988);
#3986=LINE('',#362,#3989);
#3987=VECTOR('',#3990,1.0);
#3988=VECTOR('',#3991,1.0);
#3989=VECTOR('',#3992,1.0);
#3990=DIRECTION('',(0.04673466645125682,0.006153008398893542,0.9988883878789127));
#3991=DIRECTION('',(-0.9914441123294586,-0.13053188165062118,0));
#3992=DIRECTION('',(0,0,-1));
#3993=FACE_SURFACE('',(#3998),#3994,.T.);
#3994=PLANE('',#3995);
#3995=AXIS2_PLACEMENT_3D('',#360,#3996,#3997);
#3996=DIRECTION('',(0.3826717861306707,-0.9238843564535348,0));
#3997=DIRECTION('',(0,0,1));
#3998=FACE_BOUND('',#3999,.T.);
#3999=EDGE_LOOP('',(#4000,#4001,#4002));
#4000=ORIENTED_EDGE('',*,*,#4003,.T.);
#4001=ORIENTED_EDGE('',*,*,#4004,.T.);
#4002=ORIENTED_EDGE('',*,*,#4005,.T.);
#4003=EDGE_CURVE('',#361,#363,#4006,.F.);
#4004=EDGE_CURVE('',#363,#365,#4007,.T.);
#4005=EDGE_CURVE('',#365,#361,#4008,.T.);
#4006=LINE('',#360,#4009);
#4007=LINE('',#362,#4010);
#4008=LINE('',#364,#4011);
#4009=VECTOR('',#4012,1.0);
#4010=VECTOR('',#4013,1.0);
#4011=VECTOR('',#4014,1.0);
#4012=DIRECTION('',(0,0,1));
#4013=DIRECTION('',(-0.043549419051820935,-0.01803811684558112,-0.9988884194147583));
#4014=DIRECTION('',(0.9238843564535347,0.3826717861306707,0));
#4015=FACE_SURFACE('',(#4020),#4016,.T.);
#4016=PLANE('',#4017);
#4017=AXIS2_PLACEMENT_3D('',#364,#4018,#4019);
#4018=DIRECTION('',(0.3826717861306707,-0.9238843564535348,0));
#4019=DIRECTION('',(0.043549419051820935,0.01803811684558112,0.9988884194147583));
#4020=FACE_BOUND('',#4021,.T.);
#4021=EDGE_LOOP('',(#4022,#4023,#4024));
#4022=ORIENTED_EDGE('',*,*,#4025,.T.);
#4023=ORIENTED_EDGE('',*,*,#4026,.T.);
#4024=ORIENTED_EDGE('',*,*,#4027,.T.);
#4025=EDGE_CURVE('',#365,#363,#4028,.F.);
#4026=EDGE_CURVE('',#363,#367,#4029,.T.);
#4027=EDGE_CURVE('',#367,#365,#4030,.T.);
#4028=LINE('',#364,#4031);
#4029=LINE('',#362,#4032);
#4030=LINE('',#366,#4033);
#4031=VECTOR('',#4034,1.0);
#4032=VECTOR('',#4035,1.0);
#4033=VECTOR('',#4036,1.0);
#4034=DIRECTION('',(0.043549419051820935,0.01803811684558112,0.9988884194147583));
#4035=DIRECTION('',(-0.9238843564535347,-0.3826717861306707,0));
#4036=DIRECTION('',(0,0,-1));
#4037=FACE_SURFACE('',(#4042),#4038,.T.);
#4038=PLANE('',#4039);
#4039=AXIS2_PLACEMENT_3D('',#364,#4040,#4041);
#4040=DIRECTION('',(0.6087607202674205,-0.7933538841270593,0));
#4041=DIRECTION('',(0,0,1));
#4042=FACE_BOUND('',#4043,.T.);
#4043=EDGE_LOOP('',(#4044,#4045,#4046));
#4044=ORIENTED_EDGE('',*,*,#4047,.T.);
#4045=ORIENTED_EDGE('',*,*,#4048,.T.);
#4046=ORIENTED_EDGE('',*,*,#4049,.T.);
#4047=EDGE_CURVE('',#365,#367,#4050,.F.);
#4048=EDGE_CURVE('',#367,#369,#4051,.T.);
#4049=EDGE_CURVE('',#369,#365,#4052,.T.);
#4050=LINE('',#364,#4053);
#4051=LINE('',#366,#4054);
#4052=LINE('',#368,#4055);
#4053=VECTOR('',#4056,1.0);
#4054=VECTOR('',#4057,1.0);
#4055=VECTOR('',#4058,1.0);
#4056=DIRECTION('',(0,0,1));
#4057=DIRECTION('',(-0.03739699572210851,-0.028695671007747107,-0.9988883937539648));
#4058=DIRECTION('',(0.7933538841270593,0.6087607202674205,0));
#4059=FACE_SURFACE('',(#4064),#4060,.T.);
#4060=PLANE('',#4061);
#4061=AXIS2_PLACEMENT_3D('',#368,#4062,#4063);
#4062=DIRECTION('',(0.6087607202674205,-0.7933538841270593,0));
#4063=DIRECTION('',(0.03739699572210851,0.028695671007747107,0.9988883937539648));
#4064=FACE_BOUND('',#4065,.T.);
#4065=EDGE_LOOP('',(#4066,#4067,#4068));
#4066=ORIENTED_EDGE('',*,*,#4069,.T.);
#4067=ORIENTED_EDGE('',*,*,#4070,.T.);
#4068=ORIENTED_EDGE('',*,*,#4071,.T.);
#4069=EDGE_CURVE('',#369,#367,#4072,.F.);
#4070=EDGE_CURVE('',#367,#371,#4073,.T.);
#4071=EDGE_CURVE('',#371,#369,#4074,.T.);
#4072=LINE('',#368,#4075);
#4073=LINE('',#366,#4076);
#4074=LINE('',#370,#4077);
#4075=VECTOR('',#4078,1.0);
#4076=VECTOR('',#4079,1.0);
#4077=VECTOR('',#4080,1.0);
#4078=DIRECTION('',(0.03739699572210851,0.028695671007747107,0.9988883937539648));
#4079=DIRECTION('',(-0.7933538841270593,-0.6087607202674205,0));
#4080=DIRECTION('',(0,0,-1));
#4081=FACE_SURFACE('',(#4086),#4082,.T.);
#4082=PLANE('',#4083);
#4083=AXIS2_PLACEMENT_3D('',#368,#4084,#4085);
#4084=DIRECTION('',(0.7933584928515107,-0.6087547140025935,0));
#4085=DIRECTION('',(0,0,1));
#4086=FACE_BOUND('',#4087,.T.);
#4087=EDGE_LOOP('',(#4088,#4089,#4090));
#4088=ORIENTED_EDGE('',*,*,#4091,.T.);
#4089=ORIENTED_EDGE('',*,*,#4092,.T.);
#4090=ORIENTED_EDGE('',*,*,#4093,.T.);
#4091=EDGE_CURVE('',#369,#371,#4094,.F.);
#4092=EDGE_CURVE('',#371,#373,#4095,.T.);
#4093=EDGE_CURVE('',#373,#369,#4096,.T.);
#4094=LINE('',#368,#4097);
#4095=LINE('',#370,#4098);
#4096=LINE('',#372,#4099);
#4097=VECTOR('',#4100,1.0);
#4098=VECTOR('',#4101,1.0);
#4099=VECTOR('',#4102,1.0);
#4100=DIRECTION('',(0,0,1));
#4101=DIRECTION('',(-0.028695670378646395,-0.03739758112636094,-0.9988883718551425));
#4102=DIRECTION('',(0.6087547140025935,0.7933584928515107,0));
#4103=FACE_SURFACE('',(#4108),#4104,.T.);
#4104=PLANE('',#4105);
#4105=AXIS2_PLACEMENT_3D('',#372,#4106,#4107);
#4106=DIRECTION('',(0.7933584928515107,-0.6087547140025935,0));
#4107=DIRECTION('',(0.028695670378646395,0.03739758112636094,0.9988883718551425));
#4108=FACE_BOUND('',#4109,.T.);
#4109=EDGE_LOOP('',(#4110,#4111,#4112));
#4110=ORIENTED_EDGE('',*,*,#4113,.T.);
#4111=ORIENTED_EDGE('',*,*,#4114,.T.);
#4112=ORIENTED_EDGE('',*,*,#4115,.T.);
#4113=EDGE_CURVE('',#373,#371,#4116,.F.);
#4114=EDGE_CURVE('',#371,#375,#4117,.T.);
#4115=EDGE_CURVE('',#375,#373,#4118,.T.);
#4116=LINE('',#372,#4119);
#4117=LINE('',#370,#4120);
#4118=LINE('',#374,#4121);
#4119=VECTOR('',#4122,1.0);
#4120=VECTOR('',#4123,1.0);
#4121=VECTOR('',#4124,1.0);
#4122=DIRECTION('',(0.028695670378646395,0.03739758112636094,0.9988883718551425));
#4123=DIRECTION('',(-0.6087547140025935,-0.7933584928515107,0));
#4124=DIRECTION('',(0,0,-1));
#4125=FACE_SURFACE('',(#4130),#4126,.T.);
#4126=PLANE('',#4127);
#4127=AXIS2_PLACEMENT_3D('',#372,#4128,#4129);
#4128=DIRECTION('',(0.9238777610678345,-0.3826877089799008,0));
#4129=DIRECTION('',(0,0,1));
#4130=FACE_BOUND('',#4131,.T.);
#4131=EDGE_LOOP('',(#4132,#4133,#4134));
#4132=ORIENTED_EDGE('',*,*,#4135,.T.);
#4133=ORIENTED_EDGE('',*,*,#4136,.T.);
#4134=ORIENTED_EDGE('',*,*,#4137,.T.);
#4135=EDGE_CURVE('',#373,#375,#4138,.F.);
#4136=EDGE_CURVE('',#375,#377,#4139,.T.);
#4137=EDGE_CURVE('',#377,#373,#4140,.T.);
#4138=LINE('',#372,#4141);
#4139=LINE('',#374,#4142);
#4140=LINE('',#376,#4143);
#4141=VECTOR('',#4144,1.0);
#4142=VECTOR('',#4145,1.0);
#4143=VECTOR('',#4146,1.0);
#4144=DIRECTION('',(0,0,1));
#4145=DIRECTION('',(-0.018038995895660184,-0.04354941836104199,-0.9988884035704346));
#4146=DIRECTION('',(0.3826877089799008,0.9238777610678345,0));
#4147=FACE_SURFACE('',(#4152),#4148,.T.);
#4148=PLANE('',#4149);
#4149=AXIS2_PLACEMENT_3D('',#376,#4150,#4151);
#4150=DIRECTION('',(0.9238777610678345,-0.3826877089799008,0));
#4151=DIRECTION('',(0.018038995895660184,0.04354941836104199,0.9988884035704346));
#4152=FACE_BOUND('',#4153,.T.);
#4153=EDGE_LOOP('',(#4154,#4155,#4156));
#4154=ORIENTED_EDGE('',*,*,#4157,.T.);
#4155=ORIENTED_EDGE('',*,*,#4158,.T.);
#4156=ORIENTED_EDGE('',*,*,#4159,.T.);
#4157=EDGE_CURVE('',#377,#375,#4160,.F.);
#4158=EDGE_CURVE('',#375,#379,#4161,.T.);
#4159=EDGE_CURVE('',#379,#377,#4162,.T.);
#4160=LINE('',#376,#4163);
#4161=LINE('',#374,#4164);
#4162=LINE('',#378,#4165);
#4163=VECTOR('',#4166,1.0);
#4164=VECTOR('',#4167,1.0);
#4165=VECTOR('',#4168,1.0);
#4166=DIRECTION('',(0.018038995895660184,0.04354941836104199,0.9988884035704346));
#4167=DIRECTION('',(-0.3826877089799008,-0.9238777610678345,0));
#4168=DIRECTION('',(0,0,-1));
#4169=FACE_SURFACE('',(#4174),#4170,.T.);
#4170=PLANE('',#4171);
#4171=AXIS2_PLACEMENT_3D('',#376,#4172,#4173);
#4172=DIRECTION('',(0.9914450229744691,-0.13052496473531197,0));
#4173=DIRECTION('',(0,0,1));
#4174=FACE_BOUND('',#4175,.T.);
#4175=EDGE_LOOP('',(#4176,#4177,#4178));
#4176=ORIENTED_EDGE('',*,*,#4179,.T.);
#4177=ORIENTED_EDGE('',*,*,#4180,.T.);
#4178=ORIENTED_EDGE('',*,*,#4181,.T.);
#4179=EDGE_CURVE('',#377,#379,#4182,.F.);
#4180=EDGE_CURVE('',#379,#381,#4183,.T.);
#4181=EDGE_CURVE('',#381,#377,#4184,.T.);
#4182=LINE('',#376,#4185);
#4183=LINE('',#378,#4186);
#4184=LINE('',#380,#4187);
#4185=VECTOR('',#4188,1.0);
#4186=VECTOR('',#4189,1.0);
#4187=VECTOR('',#4190,1.0);
#4188=DIRECTION('',(0,0,1));
#4189=DIRECTION('',(-0.006152715213644945,-0.04673495900740339,-0.9988883759970761));
#4190=DIRECTION('',(0.13052496473531194,0.991445022974469,0));
#4191=FACE_SURFACE('',(#4196),#4192,.T.);
#4192=PLANE('',#4193);
#4193=AXIS2_PLACEMENT_3D('',#380,#4194,#4195);
#4194=DIRECTION('',(0.9914450229744691,-0.13052496473531197,0));
#4195=DIRECTION('',(0.006152715213644945,0.04673495900740339,0.9988883759970761));
#4196=FACE_BOUND('',#4197,.T.);
#4197=EDGE_LOOP('',(#4198,#4199,#4200));
#4198=ORIENTED_EDGE('',*,*,#4201,.T.);
#4199=ORIENTED_EDGE('',*,*,#4202,.T.);
#4200=ORIENTED_EDGE('',*,*,#4203,.T.);
#4201=EDGE_CURVE('',#381,#379,#4204,.F.);
#4202=EDGE_CURVE('',#379,#383,#4205,.T.);
#4203=EDGE_CURVE('',#383,#381,#4206,.T.);
#4204=LINE('',#380,#4207);
#4205=LINE('',#378,#4208);
#4206=LINE('',#382,#4209);
#4207=VECTOR('',#4210,1.0);
#4208=VECTOR('',#4211,1.0);
#4209=VECTOR('',#4212,1.0);
#4210=DIRECTION('',(0.006152715213644945,0.04673495900740339,0.9988883759970761));
#4211=DIRECTION('',(-0.13052496473531194,-0.991445022974469,0));
#4212=DIRECTION('',(0,0,-1));
#4213=FACE_SURFACE('',(#4218),#4214,.T.);
#4214=PLANE('',#4215);
#4215=AXIS2_PLACEMENT_3D('',#380,#4216,#4217);
#4216=DIRECTION('',(0.9914445992108383,0.13052818353007217,-0));
#4217=DIRECTION('',(0,0,1));
#4218=FACE_BOUND('',#4219,.T.);
#4219=EDGE_LOOP('',(#4220,#4221,#4222));
#4220=ORIENTED_EDGE('',*,*,#4223,.T.);
#4221=ORIENTED_EDGE('',*,*,#4224,.T.);
#4222=ORIENTED_EDGE('',*,*,#4225,.T.);
#4223=EDGE_CURVE('',#381,#383,#4226,.F.);
#4224=EDGE_CURVE('',#383,#385,#4227,.T.);
#4225=EDGE_CURVE('',#385,#381,#4228,.T.);
#4226=LINE('',#380,#4229);
#4227=LINE('',#382,#4230);
#4228=LINE('',#384,#4231);
#4229=VECTOR('',#4232,1.0);
#4230=VECTOR('',#4233,1.0);
#4231=VECTOR('',#4234,1.0);
#4232=DIRECTION('',(0,0,1));
#4233=DIRECTION('',(0.0061527155507745904,-0.046733789119884746,-0.9988884307298035));
#4234=DIRECTION('',(-0.13052818353007217,0.9914445992108384,0));
#4235=FACE_SURFACE('',(#4240),#4236,.T.);
#4236=PLANE('',#4237);
#4237=AXIS2_PLACEMENT_3D('',#384,#4238,#4239);
#4238=DIRECTION('',(0.9914445992108383,0.13052818353007217,-0));
#4239=DIRECTION('',(-0.0061527155507745904,0.046733789119884746,0.9988884307298035));
#4240=FACE_BOUND('',#4241,.T.);
#4241=EDGE_LOOP('',(#4242,#4243,#4244));
#4242=ORIENTED_EDGE('',*,*,#4245,.T.);
#4243=ORIENTED_EDGE('',*,*,#4246,.T.);
#4244=ORIENTED_EDGE('',*,*,#4247,.T.);
#4245=EDGE_CURVE('',#385,#383,#4248,.F.);
#4246=EDGE_CURVE('',#383,#387,#4249,.T.);
#4247=EDGE_CURVE('',#387,#385,#4250,.T.);
#4248=LINE('',#384,#4251);
#4249=LINE('',#382,#4252);
#4250=LINE('',#386,#4253);
#4251=VECTOR('',#4254,1.0);
#4252=VECTOR('',#4255,1.0);
#4253=VECTOR('',#4256,1.0);
#4254=DIRECTION('',(-0.0061527155507745904,0.046733789119884746,0.9988884307298035));
#4255=DIRECTION('',(0.13052818353007217,-0.9914445992108384,0));
#4256=DIRECTION('',(0,0,-1));
#4257=FACE_SURFACE('',(#4262),#4258,.T.);
#4258=PLANE('',#4259);
#4259=AXIS2_PLACEMENT_3D('',#384,#4260,#4261);
#4260=DIRECTION('',(0.9238777610678345,0.3826877089799008,-0));
#4261=DIRECTION('',(0,0,1));
#4262=FACE_BOUND('',#4263,.T.);
#4263=EDGE_LOOP('',(#4264,#4265,#4266));
#4264=ORIENTED_EDGE('',*,*,#4267,.T.);
#4265=ORIENTED_EDGE('',*,*,#4268,.T.);
#4266=ORIENTED_EDGE('',*,*,#4269,.T.);
#4267=EDGE_CURVE('',#385,#387,#4270,.F.);
#4268=EDGE_CURVE('',#387,#389,#4271,.T.);
#4269=EDGE_CURVE('',#389,#385,#4272,.T.);
#4270=LINE('',#384,#4273);
#4271=LINE('',#386,#4274);
#4272=LINE('',#388,#4275);
#4273=VECTOR('',#4276,1.0);
#4274=VECTOR('',#4277,1.0);
#4275=VECTOR('',#4278,1.0);
#4276=DIRECTION('',(0,0,1));
#4277=DIRECTION('',(0.018038995895660184,-0.04354941836104199,-0.9988884035704346));
#4278=DIRECTION('',(-0.3826877089799008,0.9238777610678345,0));
#4279=FACE_SURFACE('',(#4284),#4280,.T.);
#4280=PLANE('',#4281);
#4281=AXIS2_PLACEMENT_3D('',#388,#4282,#4283);
#4282=DIRECTION('',(0.9238777610678345,0.3826877089799008,-0));
#4283=DIRECTION('',(-0.018038995895660184,0.04354941836104199,0.9988884035704346));
#4284=FACE_BOUND('',#4285,.T.);
#4285=EDGE_LOOP('',(#4286,#4287,#4288));
#4286=ORIENTED_EDGE('',*,*,#4289,.T.);
#4287=ORIENTED_EDGE('',*,*,#4290,.T.);
#4288=ORIENTED_EDGE('',*,*,#4291,.T.);
#4289=EDGE_CURVE('',#389,#387,#4292,.F.);
#4290=EDGE_CURVE('',#387,#391,#4293,.T.);
#4291=EDGE_CURVE('',#391,#389,#4294,.T.);
#4292=LINE('',#388,#4295);
#4293=LINE('',#386,#4296);
#4294=LINE('',#390,#4297);
#4295=VECTOR('',#4298,1.0);
#4296=VECTOR('',#4299,1.0);
#4297=VECTOR('',#4300,1.0);
#4298=DIRECTION('',(-0.018038995895660184,0.04354941836104199,0.9988884035704346));
#4299=DIRECTION('',(0.3826877089799008,-0.9238777610678345,0));
#4300=DIRECTION('',(0,0,-1));
#4301=FACE_SURFACE('',(#4306),#4302,.T.);
#4302=PLANE('',#4303);
#4303=AXIS2_PLACEMENT_3D('',#388,#4304,#4305);
#4304=DIRECTION('',(0.7933584928515107,0.6087547140025935,-0));
#4305=DIRECTION('',(0,0,1));
#4306=FACE_BOUND('',#4307,.T.);
#4307=EDGE_LOOP('',(#4308,#4309,#4310));
#4308=ORIENTED_EDGE('',*,*,#4311,.T.);
#4309=ORIENTED_EDGE('',*,*,#4312,.T.);
#4310=ORIENTED_EDGE('',*,*,#4313,.T.);
#4311=EDGE_CURVE('',#389,#391,#4314,.F.);
#4312=EDGE_CURVE('',#391,#393,#4315,.T.);
#4313=EDGE_CURVE('',#393,#389,#4316,.T.);
#4314=LINE('',#388,#4317);
#4315=LINE('',#390,#4318);
#4316=LINE('',#392,#4319);
#4317=VECTOR('',#4320,1.0);
#4318=VECTOR('',#4321,1.0);
#4319=VECTOR('',#4322,1.0);
#4320=DIRECTION('',(0,0,1));
#4321=DIRECTION('',(0.028695670378646395,-0.03739758112636094,-0.9988883718551425));
#4322=DIRECTION('',(-0.6087547140025935,0.7933584928515107,0));
#4323=FACE_SURFACE('',(#4328),#4324,.T.);
#4324=PLANE('',#4325);
#4325=AXIS2_PLACEMENT_3D('',#392,#4326,#4327);
#4326=DIRECTION('',(0.7933584928515107,0.6087547140025935,-0));
#4327=DIRECTION('',(-0.028695670378646395,0.03739758112636094,0.9988883718551425));
#4328=FACE_BOUND('',#4329,.T.);
#4329=EDGE_LOOP('',(#4330,#4331,#4332));
#4330=ORIENTED_EDGE('',*,*,#4333,.T.);
#4331=ORIENTED_EDGE('',*,*,#4334,.T.);
#4332=ORIENTED_EDGE('',*,*,#4335,.T.);
#4333=EDGE_CURVE('',#393,#391,#4336,.F.);
#4334=EDGE_CURVE('',#391,#395,#4337,.T.);
#4335=EDGE_CURVE('',#395,#393,#4338,.T.);
#4336=LINE('',#392,#4339);
#4337=LINE('',#390,#4340);
#4338=LINE('',#394,#4341);
#4339=VECTOR('',#4342,1.0);
#4340=VECTOR('',#4343,1.0);
#4341=VECTOR('',#4344,1.0);
#4342=DIRECTION('',(-0.028695670378646395,0.03739758112636094,0.9988883718551425));
#4343=DIRECTION('',(0.6087547140025935,-0.7933584928515107,0));
#4344=DIRECTION('',(0,0,-1));
#4345=FACE_SURFACE('',(#4350),#4346,.T.);
#4346=PLANE('',#4347);
#4347=AXIS2_PLACEMENT_3D('',#392,#4348,#4349);
#4348=DIRECTION('',(0.6087607202674205,0.7933538841270593,-0));
#4349=DIRECTION('',(0,0,1));
#4350=FACE_BOUND('',#4351,.T.);
#4351=EDGE_LOOP('',(#4352,#4353,#4354));
#4352=ORIENTED_EDGE('',*,*,#4355,.T.);
#4353=ORIENTED_EDGE('',*,*,#4356,.T.);
#4354=ORIENTED_EDGE('',*,*,#4357,.T.);
#4355=EDGE_CURVE('',#393,#395,#4358,.F.);
#4356=EDGE_CURVE('',#395,#397,#4359,.T.);
#4357=EDGE_CURVE('',#397,#393,#4360,.T.);
#4358=LINE('',#392,#4361);
#4359=LINE('',#394,#4362);
#4360=LINE('',#396,#4363);
#4361=VECTOR('',#4364,1.0);
#4362=VECTOR('',#4365,1.0);
#4363=VECTOR('',#4366,1.0);
#4364=DIRECTION('',(0,0,1));
#4365=DIRECTION('',(0.03739699572210851,-0.028695671007747107,-0.9988883937539648));
#4366=DIRECTION('',(-0.7933538841270593,0.6087607202674205,0));
#4367=FACE_SURFACE('',(#4372),#4368,.T.);
#4368=PLANE('',#4369);
#4369=AXIS2_PLACEMENT_3D('',#396,#4370,#4371);
#4370=DIRECTION('',(0.6087607202674205,0.7933538841270593,-0));
#4371=DIRECTION('',(-0.03739699572210851,0.028695671007747107,0.9988883937539648));
#4372=FACE_BOUND('',#4373,.T.);
#4373=EDGE_LOOP('',(#4374,#4375,#4376));
#4374=ORIENTED_EDGE('',*,*,#4377,.T.);
#4375=ORIENTED_EDGE('',*,*,#4378,.T.);
#4376=ORIENTED_EDGE('',*,*,#4379,.T.);
#4377=EDGE_CURVE('',#397,#395,#4380,.F.);
#4378=EDGE_CURVE('',#395,#399,#4381,.T.);
#4379=EDGE_CURVE('',#399,#397,#4382,.T.);
#4380=LINE('',#396,#4383);
#4381=LINE('',#394,#4384);
#4382=LINE('',#398,#4385);
#4383=VECTOR('',#4386,1.0);
#4384=VECTOR('',#4387,1.0);
#4385=VECTOR('',#4388,1.0);
#4386=DIRECTION('',(-0.03739699572210851,0.028695671007747107,0.9988883937539648));
#4387=DIRECTION('',(0.7933538841270593,-0.6087607202674205,0));
#4388=DIRECTION('',(0,0,-1));
#4389=FACE_SURFACE('',(#4394),#4390,.T.);
#4390=PLANE('',#4391);
#4391=AXIS2_PLACEMENT_3D('',#396,#4392,#4393);
#4392=DIRECTION('',(0.3826717861306707,0.9238843564535348,-0));
#4393=DIRECTION('',(0,0,1));
#4394=FACE_BOUND('',#4395,.T.);
#4395=EDGE_LOOP('',(#4396,#4397,#4398));
#4396=ORIENTED_EDGE('',*,*,#4399,.T.);
#4397=ORIENTED_EDGE('',*,*,#4400,.T.);
#4398=ORIENTED_EDGE('',*,*,#4401,.T.);
#4399=EDGE_CURVE('',#397,#399,#4402,.F.);
#4400=EDGE_CURVE('',#399,#401,#4403,.T.);
#4401=EDGE_CURVE('',#401,#397,#4404,.T.);
#4402=LINE('',#396,#4405);
#4403=LINE('',#398,#4406);
#4404=LINE('',#400,#4407);
#4405=VECTOR('',#4408,1.0);
#4406=VECTOR('',#4409,1.0);
#4407=VECTOR('',#4410,1.0);
#4408=DIRECTION('',(0,0,1));
#4409=DIRECTION('',(0.043549419051820935,-0.01803811684558112,-0.9988884194147583));
#4410=DIRECTION('',(-0.9238843564535347,0.3826717861306707,0));
#4411=FACE_SURFACE('',(#4416),#4412,.T.);
#4412=PLANE('',#4413);
#4413=AXIS2_PLACEMENT_3D('',#400,#4414,#4415);
#4414=DIRECTION('',(0.3826717861306707,0.9238843564535348,-0));
#4415=DIRECTION('',(-0.043549419051820935,0.01803811684558112,0.9988884194147583));
#4416=FACE_BOUND('',#4417,.T.);
#4417=EDGE_LOOP('',(#4418,#4419,#4420));
#4418=ORIENTED_EDGE('',*,*,#4421,.T.);
#4419=ORIENTED_EDGE('',*,*,#4422,.T.);
#4420=ORIENTED_EDGE('',*,*,#4423,.T.);
#4421=EDGE_CURVE('',#401,#399,#4424,.F.);
#4422=EDGE_CURVE('',#399,#403,#4425,.T.);
#4423=EDGE_CURVE('',#403,#401,#4426,.T.);
#4424=LINE('',#400,#4427);
#4425=LINE('',#398,#4428);
#4426=LINE('',#402,#4429);
#4427=VECTOR('',#4430,1.0);
#4428=VECTOR('',#4431,1.0);
#4429=VECTOR('',#4432,1.0);
#4430=DIRECTION('',(-0.043549419051820935,0.01803811684558112,0.9988884194147583));
#4431=DIRECTION('',(0.9238843564535347,-0.3826717861306707,0));
#4432=DIRECTION('',(0,0,-1));
#4433=FACE_SURFACE('',(#4438),#4434,.T.);
#4434=PLANE('',#4435);
#4435=AXIS2_PLACEMENT_3D('',#400,#4436,#4437);
#4436=DIRECTION('',(0.1305318816506212,0.9914441123294586,-0));
#4437=DIRECTION('',(0,0,1));
#4438=FACE_BOUND('',#4439,.T.);
#4439=EDGE_LOOP('',(#4440,#4441,#4442));
#4440=ORIENTED_EDGE('',*,*,#4443,.T.);
#4441=ORIENTED_EDGE('',*,*,#4444,.T.);
#4442=ORIENTED_EDGE('',*,*,#4445,.T.);
#4443=EDGE_CURVE('',#401,#403,#4446,.F.);
#4444=EDGE_CURVE('',#403,#405,#4447,.T.);
#4445=EDGE_CURVE('',#405,#401,#4448,.T.);
#4446=LINE('',#400,#4449);
#4447=LINE('',#402,#4450);
#4448=LINE('',#404,#4451);
#4449=VECTOR('',#4452,1.0);
#4450=VECTOR('',#4453,1.0);
#4451=VECTOR('',#4454,1.0);
#4452=DIRECTION('',(0,0,1));
#4453=DIRECTION('',(0.04673466645125682,-0.006153008398893542,-0.9988883878789127));
#4454=DIRECTION('',(-0.9914441123294586,0.13053188165062118,0));
#4455=FACE_SURFACE('',(#4460),#4456,.T.);
#4456=PLANE('',#4457);
#4457=AXIS2_PLACEMENT_3D('',#404,#4458,#4459);
#4458=DIRECTION('',(0.1305318816506212,0.9914441123294586,-0));
#4459=DIRECTION('',(-0.04673466645125682,0.006153008398893542,0.9988883878789127));
#4460=FACE_BOUND('',#4461,.T.);
#4461=EDGE_LOOP('',(#4462,#4463,#4464));
#4462=ORIENTED_EDGE('',*,*,#4465,.T.);
#4463=ORIENTED_EDGE('',*,*,#4466,.T.);
#4464=ORIENTED_EDGE('',*,*,#4467,.T.);
#4465=EDGE_CURVE('',#405,#403,#4468,.F.);
#4466=EDGE_CURVE('',#403,#407,#4469,.T.);
#4467=EDGE_CURVE('',#407,#405,#4470,.T.);
#4468=LINE('',#404,#4471);
#4469=LINE('',#402,#4472);
#4470=LINE('',#406,#4473);
#4471=VECTOR('',#4474,1.0);
#4472=VECTOR('',#4475,1.0);
#4473=VECTOR('',#4476,1.0);
#4474=DIRECTION('',(-0.04673466645125682,0.006153008398893542,0.9988883878789127));
#4475=DIRECTION('',(0.9914441123294586,-0.13053188165062118,0));
#4476=DIRECTION('',(0,0,-1));
#4477=FACE_SURFACE('',(#4482),#4478,.T.);
#4478=PLANE('',#4479);
#4479=AXIS2_PLACEMENT_3D('',#404,#4480,#4481);
#4480=DIRECTION('',(-0.13053268638076887,0.9914440063796945,0));
#4481=DIRECTION('',(0,0,1));
#4482=FACE_BOUND('',#4483,.T.);
#4483=EDGE_LOOP('',(#4484,#4485,#4486));
#4484=ORIENTED_EDGE('',*,*,#4487,.T.);
#4485=ORIENTED_EDGE('',*,*,#4488,.T.);
#4486=ORIENTED_EDGE('',*,*,#4489,.T.);
#4487=EDGE_CURVE('',#405,#407,#4490,.F.);
#4488=EDGE_CURVE('',#407,#409,#4491,.T.);
#4489=EDGE_CURVE('',#409,#405,#4492,.T.);
#4490=LINE('',#404,#4493);
#4491=LINE('',#406,#4494);
#4492=LINE('',#408,#4495);
#4493=VECTOR('',#4496,1.0);
#4494=VECTOR('',#4497,1.0);
#4495=VECTOR('',#4498,1.0);
#4496=DIRECTION('',(0,0,1));
#4497=DIRECTION('',(0.04673437397938369,0.006153008483180231,-0.998888401562137));
#4498=DIRECTION('',(-0.9914440063796945,-0.13053268638076884,0));
#4499=FACE_SURFACE('',(#4504),#4500,.T.);
#4500=PLANE('',#4501);
#4501=AXIS2_PLACEMENT_3D('',#408,#4502,#4503);
#4502=DIRECTION('',(-0.13053268638076887,0.9914440063796945,0));
#4503=DIRECTION('',(-0.04673437397938369,-0.006153008483180231,0.998888401562137));
#4504=FACE_BOUND('',#4505,.T.);
#4505=EDGE_LOOP('',(#4506,#4507,#4508));
#4506=ORIENTED_EDGE('',*,*,#4509,.T.);
#4507=ORIENTED_EDGE('',*,*,#4510,.T.);
#4508=ORIENTED_EDGE('',*,*,#4511,.T.);
#4509=EDGE_CURVE('',#409,#407,#4512,.F.);
#4510=EDGE_CURVE('',#407,#411,#4513,.T.);
#4511=EDGE_CURVE('',#411,#409,#4514,.T.);
#4512=LINE('',#408,#4515);
#4513=LINE('',#406,#4516);
#4514=LINE('',#410,#4517);
#4515=VECTOR('',#4518,1.0);
#4516=VECTOR('',#4519,1.0);
#4517=VECTOR('',#4520,1.0);
#4518=DIRECTION('',(-0.04673437397938369,-0.006153008483180231,0.998888401562137));
#4519=DIRECTION('',(0.9914440063796945,0.13053268638076884,0));
#4520=DIRECTION('',(0,0,-1));
#4521=FACE_SURFACE('',(#4526),#4522,.T.);
#4522=PLANE('',#4523);
#4523=AXIS2_PLACEMENT_3D('',#408,#4524,#4525);
#4524=DIRECTION('',(-0.38266958771036086,0.9238852670335113,0));
#4525=DIRECTION('',(0,0,1));
#4526=FACE_BOUND('',#4527,.T.);
#4527=EDGE_LOOP('',(#4528,#4529,#4530));
#4528=ORIENTED_EDGE('',*,*,#4531,.T.);
#4529=ORIENTED_EDGE('',*,*,#4532,.T.);
#4530=ORIENTED_EDGE('',*,*,#4533,.T.);
#4531=EDGE_CURVE('',#409,#411,#4534,.F.);
#4532=EDGE_CURVE('',#411,#413,#4535,.T.);
#4533=EDGE_CURVE('',#413,#409,#4536,.T.);
#4534=LINE('',#408,#4537);
#4535=LINE('',#410,#4538);
#4536=LINE('',#412,#4539);
#4537=VECTOR('',#4540,1.0);
#4538=VECTOR('',#4541,1.0);
#4539=VECTOR('',#4542,1.0);
#4540=DIRECTION('',(0,0,1));
#4541=DIRECTION('',(0.04354971160798402,0.018038116615326307,-0.9988884066640444));
#4542=DIRECTION('',(-0.9238852670335114,-0.38266958771036086,0));
#4543=FACE_SURFACE('',(#4548),#4544,.T.);
#4544=PLANE('',#4545);
#4545=AXIS2_PLACEMENT_3D('',#412,#4546,#4547);
#4546=DIRECTION('',(-0.38266958771036086,0.9238852670335113,0));
#4547=DIRECTION('',(-0.04354971160798402,-0.018038116615326307,0.9988884066640444));
#4548=FACE_BOUND('',#4549,.T.);
#4549=EDGE_LOOP('',(#4550,#4551,#4552));
#4550=ORIENTED_EDGE('',*,*,#4553,.T.);
#4551=ORIENTED_EDGE('',*,*,#4554,.T.);
#4552=ORIENTED_EDGE('',*,*,#4555,.T.);
#4553=EDGE_CURVE('',#413,#411,#4556,.F.);
#4554=EDGE_CURVE('',#411,#415,#4557,.T.);
#4555=EDGE_CURVE('',#415,#413,#4558,.T.);
#4556=LINE('',#412,#4559);
#4557=LINE('',#410,#4560);
#4558=LINE('',#414,#4561);
#4559=VECTOR('',#4562,1.0);
#4560=VECTOR('',#4563,1.0);
#4561=VECTOR('',#4564,1.0);
#4562=DIRECTION('',(-0.04354971160798402,-0.018038116615326307,0.9988884066640444));
#4563=DIRECTION('',(0.9238852670335114,0.38266958771036086,0));
#4564=DIRECTION('',(0,0,-1));
#4565=FACE_SURFACE('',(#4570),#4566,.T.);
#4566=PLANE('',#4567);
#4567=AXIS2_PLACEMENT_3D('',#412,#4568,#4569);
#4568=DIRECTION('',(-0.6087607202674205,0.7933538841270593,0));
#4569=DIRECTION('',(0,0,1));
#4570=FACE_BOUND('',#4571,.T.);
#4571=EDGE_LOOP('',(#4572,#4573,#4574));
#4572=ORIENTED_EDGE('',*,*,#4575,.T.);
#4573=ORIENTED_EDGE('',*,*,#4576,.T.);
#4574=ORIENTED_EDGE('',*,*,#4577,.T.);
#4575=EDGE_CURVE('',#413,#415,#4578,.F.);
#4576=EDGE_CURVE('',#415,#417,#4579,.T.);
#4577=EDGE_CURVE('',#417,#413,#4580,.T.);
#4578=LINE('',#412,#4581);
#4579=LINE('',#414,#4582);
#4580=LINE('',#416,#4583);
#4581=VECTOR('',#4584,1.0);
#4582=VECTOR('',#4585,1.0);
#4583=VECTOR('',#4586,1.0);
#4584=DIRECTION('',(0,0,1));
#4585=DIRECTION('',(0.03739699572210851,0.028695671007747107,-0.9988883937539648));
#4586=DIRECTION('',(-0.7933538841270593,-0.6087607202674205,0));
#4587=FACE_SURFACE('',(#4592),#4588,.T.);
#4588=PLANE('',#4589);
#4589=AXIS2_PLACEMENT_3D('',#416,#4590,#4591);
#4590=DIRECTION('',(-0.6087607202674205,0.7933538841270593,0));
#4591=DIRECTION('',(-0.03739699572210851,-0.028695671007747107,0.9988883937539648));
#4592=FACE_BOUND('',#4593,.T.);
#4593=EDGE_LOOP('',(#4594,#4595,#4596));
#4594=ORIENTED_EDGE('',*,*,#4597,.T.);
#4595=ORIENTED_EDGE('',*,*,#4598,.T.);
#4596=ORIENTED_EDGE('',*,*,#4599,.T.);
#4597=EDGE_CURVE('',#417,#415,#4600,.F.);
#4598=EDGE_CURVE('',#415,#419,#4601,.T.);
#4599=EDGE_CURVE('',#419,#417,#4602,.T.);
#4600=LINE('',#416,#4603);
#4601=LINE('',#414,#4604);
#4602=LINE('',#418,#4605);
#4603=VECTOR('',#4606,1.0);
#4604=VECTOR('',#4607,1.0);
#4605=VECTOR('',#4608,1.0);
#4606=DIRECTION('',(-0.03739699572210851,-0.028695671007747107,0.9988883937539648));
#4607=DIRECTION('',(0.7933538841270593,0.6087607202674205,0));
#4608=DIRECTION('',(0,0,-1));
#4609=FACE_SURFACE('',(#4614),#4610,.T.);
#4610=PLANE('',#4611);
#4611=AXIS2_PLACEMENT_3D('',#416,#4612,#4613);
#4612=DIRECTION('',(-0.7933584928515107,0.6087547140025935,0));
#4613=DIRECTION('',(0,0,1));
#4614=FACE_BOUND('',#4615,.T.);
#4615=EDGE_LOOP('',(#4616,#4617,#4618));
#4616=ORIENTED_EDGE('',*,*,#4619,.T.);
#4617=ORIENTED_EDGE('',*,*,#4620,.T.);
#4618=ORIENTED_EDGE('',*,*,#4621,.T.);
#4619=EDGE_CURVE('',#417,#419,#4622,.F.);
#4620=EDGE_CURVE('',#419,#421,#4623,.T.);
#4621=EDGE_CURVE('',#421,#417,#4624,.T.);
#4622=LINE('',#416,#4625);
#4623=LINE('',#418,#4626);
#4624=LINE('',#420,#4627);
#4625=VECTOR('',#4628,1.0);
#4626=VECTOR('',#4629,1.0);
#4627=VECTOR('',#4630,1.0);
#4628=DIRECTION('',(0,0,1));
#4629=DIRECTION('',(0.028695670378646395,0.03739758112636094,-0.9988883718551425));
#4630=DIRECTION('',(-0.6087547140025935,-0.7933584928515107,0));
#4631=FACE_SURFACE('',(#4636),#4632,.T.);
#4632=PLANE('',#4633);
#4633=AXIS2_PLACEMENT_3D('',#420,#4634,#4635);
#4634=DIRECTION('',(-0.7933584928515107,0.6087547140025935,0));
#4635=DIRECTION('',(-0.028695670378646395,-0.03739758112636094,0.9988883718551425));
#4636=FACE_BOUND('',#4637,.T.);
#4637=EDGE_LOOP('',(#4638,#4639,#4640));
#4638=ORIENTED_EDGE('',*,*,#4641,.T.);
#4639=ORIENTED_EDGE('',*,*,#4642,.T.);
#4640=ORIENTED_EDGE('',*,*,#4643,.T.);
#4641=EDGE_CURVE('',#421,#419,#4644,.F.);
#4642=EDGE_CURVE('',#419,#423,#4645,.T.);
#4643=EDGE_CURVE('',#423,#421,#4646,.T.);
#4644=LINE('',#420,#4647);
#4645=LINE('',#418,#4648);
#4646=LINE('',#422,#4649);
#4647=VECTOR('',#4650,1.0);
#4648=VECTOR('',#4651,1.0);
#4649=VECTOR('',#4652,1.0);
#4650=DIRECTION('',(-0.028695670378646395,-0.03739758112636094,0.9988883718551425));
#4651=DIRECTION('',(0.6087547140025935,0.7933584928515107,0));
#4652=DIRECTION('',(0,0,-1));
#4653=FACE_SURFACE('',(#4658),#4654,.T.);
#4654=PLANE('',#4655);
#4655=AXIS2_PLACEMENT_3D('',#420,#4656,#4657);
#4656=DIRECTION('',(-0.9238799595497634,0.3826824014013807,0));
#4657=DIRECTION('',(0,0,1));
#4658=FACE_BOUND('',#4659,.T.);
#4659=EDGE_LOOP('',(#4660,#4661,#4662));
#4660=ORIENTED_EDGE('',*,*,#4663,.T.);
#4661=ORIENTED_EDGE('',*,*,#4664,.T.);
#4662=ORIENTED_EDGE('',*,*,#4665,.T.);
#4663=EDGE_CURVE('',#421,#423,#4666,.F.);
#4664=EDGE_CURVE('',#423,#329,#4667,.T.);
#4665=EDGE_CURVE('',#329,#421,#4668,.T.);
#4666=LINE('',#420,#4669);
#4667=LINE('',#422,#4670);
#4668=LINE('',#328,#4671);
#4669=VECTOR('',#4672,1.0);
#4670=VECTOR('',#4673,1.0);
#4671=VECTOR('',#4674,1.0);
#4672=DIRECTION('',(0,0,1));
#4673=DIRECTION('',(0.01803870287897181,0.04354941859130538,-0.9988884088519616));
#4674=DIRECTION('',(-0.3826824014013807,-0.9238799595497634,0));
#4675=FACE_SURFACE('',(#4680),#4676,.T.);
#4676=PLANE('',#4677);
#4677=AXIS2_PLACEMENT_3D('',#328,#4678,#4679);
#4678=DIRECTION('',(-0.9238799595497634,0.3826824014013807,0));
#4679=DIRECTION('',(-0.01803870287897181,-0.04354941859130538,0.9988884088519616));
#4680=FACE_BOUND('',#4681,.T.);
#4681=EDGE_LOOP('',(#4682,#4683,#4684));
#4682=ORIENTED_EDGE('',*,*,#4685,.T.);
#4683=ORIENTED_EDGE('',*,*,#4686,.T.);
#4684=ORIENTED_EDGE('',*,*,#4687,.T.);
#4685=EDGE_CURVE('',#329,#423,#4688,.F.);
#4686=EDGE_CURVE('',#423,#331,#4689,.T.);
#4687=EDGE_CURVE('',#331,#329,#4690,.T.);
#4688=LINE('',#328,#4691);
#4689=LINE('',#422,#4692);
#4690=LINE('',#330,#4693);
#4691=VECTOR('',#4694,1.0);
#4692=VECTOR('',#4695,1.0);
#4693=VECTOR('',#4696,1.0);
#4694=DIRECTION('',(-0.01803870287897181,-0.04354941859130538,0.9988884088519616));
#4695=DIRECTION('',(0.3826824014013807,0.9238799595497634,0));
#4696=DIRECTION('',(0,0,-1));
#4697=FACE_SURFACE('',(#4702),#4698,.T.);
#4698=PLANE('',#4699);
#4699=AXIS2_PLACEMENT_3D('',#424,#4700,#4701);
#4700=DIRECTION('',(-1,0,0));
#4701=DIRECTION('',(0,0,1));
#4702=FACE_BOUND('',#4703,.T.);
#4703=EDGE_LOOP('',(#4704,#4705,#4706));
#4704=ORIENTED_EDGE('',*,*,#4707,.T.);
#4705=ORIENTED_EDGE('',*,*,#4708,.T.);
#4706=ORIENTED_EDGE('',*,*,#4709,.T.);
#4707=EDGE_CURVE('',#425,#427,#4710,.F.);
#4708=EDGE_CURVE('',#427,#429,#4711,.T.);
#4709=EDGE_CURVE('',#429,#425,#4712,.T.);
#4710=LINE('',#424,#4713);
#4711=LINE('',#426,#4714);
#4712=LINE('',#428,#4715);
#4713=VECTOR('',#4716,1.0);
#4714=VECTOR('',#4717,1.0);
#4715=VECTOR('',#4718,1.0);
#4716=DIRECTION('',(0,0,1));
#4717=DIRECTION('',(0,0.9578193398057404,-0.2873710359345487));
#4718=DIRECTION('',(0,-1,0));
#4719=FACE_SURFACE('',(#4724),#4720,.T.);
#4720=PLANE('',#4721);
#4721=AXIS2_PLACEMENT_3D('',#428,#4722,#4723);
#4722=DIRECTION('',(-1,0,0));
#4723=DIRECTION('',(0,-0.9578193398057404,0.2873710359345487));
#4724=FACE_BOUND('',#4725,.T.);
#4725=EDGE_LOOP('',(#4726,#4727,#4728));
#4726=ORIENTED_EDGE('',*,*,#4729,.T.);
#4727=ORIENTED_EDGE('',*,*,#4730,.T.);
#4728=ORIENTED_EDGE('',*,*,#4731,.T.);
#4729=EDGE_CURVE('',#429,#427,#4732,.F.);
#4730=EDGE_CURVE('',#427,#431,#4733,.T.);
#4731=EDGE_CURVE('',#431,#429,#4734,.T.);
#4732=LINE('',#428,#4735);
#4733=LINE('',#426,#4736);
#4734=LINE('',#430,#4737);
#4735=VECTOR('',#4738,1.0);
#4736=VECTOR('',#4739,1.0);
#4737=VECTOR('',#4740,1.0);
#4738=DIRECTION('',(0,-0.9578193398057404,0.2873710359345487));
#4739=DIRECTION('',(0,1,0));
#4740=DIRECTION('',(0,0,-1));
#4741=FACE_SURFACE('',(#4746),#4742,.T.);
#4742=PLANE('',#4743);
#4743=AXIS2_PLACEMENT_3D('',#432,#4744,#4745);
#4744=DIRECTION('',(0,0,1));
#4745=DIRECTION('',(1,0,0));
#4746=FACE_BOUND('',#4747,.T.);
#4747=EDGE_LOOP('',(#4748,#4749,#4750));
#4748=ORIENTED_EDGE('',*,*,#4751,.T.);
#4749=ORIENTED_EDGE('',*,*,#4752,.T.);
#4750=ORIENTED_EDGE('',*,*,#4753,.T.);
#4751=EDGE_CURVE('',#433,#425,#4754,.F.);
#4752=EDGE_CURVE('',#425,#435,#4755,.T.);
#4753=EDGE_CURVE('',#435,#433,#4756,.T.);
#4754=LINE('',#432,#4757);
#4755=LINE('',#424,#4758);
#4756=LINE('',#434,#4759);
#4757=VECTOR('',#4760,1.0);
#4758=VECTOR('',#4761,1.0);
#4759=VECTOR('',#4762,1.0);
#4760=DIRECTION('',(1,0,0));
#4761=DIRECTION('',(-0.6606467448867377,0.7506969285074754,0));
#4762=DIRECTION('',(0,-1,0));
#4763=FACE_SURFACE('',(#4768),#4764,.T.);
#4764=PLANE('',#4765);
#4765=AXIS2_PLACEMENT_3D('',#434,#4766,#4767);
#4766=DIRECTION('',(-0,0,1));
#4767=DIRECTION('',(0.6606467448867377,-0.7506969285074754,0));
#4768=FACE_BOUND('',#4769,.T.);
#4769=EDGE_LOOP('',(#4770,#4771,#4772));
#4770=ORIENTED_EDGE('',*,*,#4773,.T.);
#4771=ORIENTED_EDGE('',*,*,#4774,.T.);
#4772=ORIENTED_EDGE('',*,*,#4775,.T.);
#4773=EDGE_CURVE('',#435,#425,#4776,.F.);
#4774=EDGE_CURVE('',#425,#429,#4777,.T.);
#4775=EDGE_CURVE('',#429,#435,#4778,.T.);
#4776=LINE('',#434,#4779);
#4777=LINE('',#424,#4780);
#4778=LINE('',#428,#4781);
#4779=VECTOR('',#4782,1.0);
#4780=VECTOR('',#4783,1.0);
#4781=VECTOR('',#4784,1.0);
#4782=DIRECTION('',(0.6606467448867377,-0.7506969285074754,0));
#4783=DIRECTION('',(0,1,0));
#4784=DIRECTION('',(-1,0,0));
#4785=FACE_SURFACE('',(#4790),#4786,.T.);
#4786=PLANE('',#4787);
#4787=AXIS2_PLACEMENT_3D('',#436,#4788,#4789);
#4788=DIRECTION('',(1,-0,0));
#4789=DIRECTION('',(0,0,-1));
#4790=FACE_BOUND('',#4791,.T.);
#4791=EDGE_LOOP('',(#4792,#4793,#4794));
#4792=ORIENTED_EDGE('',*,*,#4795,.T.);
#4793=ORIENTED_EDGE('',*,*,#4796,.T.);
#4794=ORIENTED_EDGE('',*,*,#4797,.T.);
#4795=EDGE_CURVE('',#437,#433,#4798,.F.);
#4796=EDGE_CURVE('',#433,#439,#4799,.T.);
#4797=EDGE_CURVE('',#439,#437,#4800,.T.);
#4798=LINE('',#436,#4801);
#4799=LINE('',#432,#4802);
#4800=LINE('',#438,#4803);
#4801=VECTOR('',#4804,1.0);
#4802=VECTOR('',#4805,1.0);
#4803=VECTOR('',#4806,1.0);
#4804=DIRECTION('',(0,0,-1));
#4805=DIRECTION('',(0,0.9578193398057404,0.2873710359345487));
#4806=DIRECTION('',(0,-1,0));
#4807=FACE_SURFACE('',(#4812),#4808,.T.);
#4808=PLANE('',#4809);
#4809=AXIS2_PLACEMENT_3D('',#438,#4810,#4811);
#4810=DIRECTION('',(1,0,0));
#4811=DIRECTION('',(0,-0.9578193398057404,-0.2873710359345487));
#4812=FACE_BOUND('',#4813,.T.);
#4813=EDGE_LOOP('',(#4814,#4815,#4816));
#4814=ORIENTED_EDGE('',*,*,#4817,.T.);
#4815=ORIENTED_EDGE('',*,*,#4818,.T.);
#4816=ORIENTED_EDGE('',*,*,#4819,.T.);
#4817=EDGE_CURVE('',#439,#433,#4820,.F.);
#4818=EDGE_CURVE('',#433,#435,#4821,.T.);
#4819=EDGE_CURVE('',#435,#439,#4822,.T.);
#4820=LINE('',#438,#4823);
#4821=LINE('',#432,#4824);
#4822=LINE('',#434,#4825);
#4823=VECTOR('',#4826,1.0);
#4824=VECTOR('',#4827,1.0);
#4825=VECTOR('',#4828,1.0);
#4826=DIRECTION('',(0,-0.9578193398057404,-0.2873710359345487));
#4827=DIRECTION('',(0,1,0));
#4828=DIRECTION('',(0,0,1));
#4829=FACE_SURFACE('',(#4834),#4830,.T.);
#4830=PLANE('',#4831);
#4831=AXIS2_PLACEMENT_3D('',#426,#4832,#4833);
#4832=DIRECTION('',(0,0,-1));
#4833=DIRECTION('',(-1,0,0));
#4834=FACE_BOUND('',#4835,.T.);
#4835=EDGE_LOOP('',(#4836,#4837,#4838));
#4836=ORIENTED_EDGE('',*,*,#4839,.T.);
#4837=ORIENTED_EDGE('',*,*,#4840,.T.);
#4838=ORIENTED_EDGE('',*,*,#4841,.T.);
#4839=EDGE_CURVE('',#427,#437,#4842,.F.);
#4840=EDGE_CURVE('',#437,#431,#4843,.T.);
#4841=EDGE_CURVE('',#431,#427,#4844,.T.);
#4842=LINE('',#426,#4845);
#4843=LINE('',#436,#4846);
#4844=LINE('',#430,#4847);
#4845=VECTOR('',#4848,1.0);
#4846=VECTOR('',#4849,1.0);
#4847=VECTOR('',#4850,1.0);
#4848=DIRECTION('',(-1,0,0));
#4849=DIRECTION('',(0.6606467448867377,0.7506969285074754,0));
#4850=DIRECTION('',(0,-1,0));
#4851=FACE_SURFACE('',(#4856),#4852,.T.);
#4852=PLANE('',#4853);
#4853=AXIS2_PLACEMENT_3D('',#430,#4854,#4855);
#4854=DIRECTION('',(-0,0,-1));
#4855=DIRECTION('',(-0.6606467448867377,-0.7506969285074754,0));
#4856=FACE_BOUND('',#4857,.T.);
#4857=EDGE_LOOP('',(#4858,#4859,#4860));
#4858=ORIENTED_EDGE('',*,*,#4861,.T.);
#4859=ORIENTED_EDGE('',*,*,#4862,.T.);
#4860=ORIENTED_EDGE('',*,*,#4863,.T.);
#4861=EDGE_CURVE('',#431,#437,#4864,.F.);
#4862=EDGE_CURVE('',#437,#439,#4865,.T.);
#4863=EDGE_CURVE('',#439,#431,#4866,.T.);
#4864=LINE('',#430,#4867);
#4865=LINE('',#436,#4868);
#4866=LINE('',#438,#4869);
#4867=VECTOR('',#4870,1.0);
#4868=VECTOR('',#4871,1.0);
#4869=VECTOR('',#4872,1.0);
#4870=DIRECTION('',(-0.6606467448867377,-0.7506969285074754,0));
#4871=DIRECTION('',(0,1,0));
#4872=DIRECTION('',(1,0,0));
#4873=FACE_SURFACE('',(#4878),#4874,.T.);
#4874=PLANE('',#4875);
#4875=AXIS2_PLACEMENT_3D('',#440,#4876,#4877);
#4876=DIRECTION('',(-1,0,0));
#4877=DIRECTION('',(0,-1,0));
#4878=FACE_BOUND('',#4879,.T.);
#4879=EDGE_LOOP('',(#4880,#4881,#4882));
#4880=ORIENTED_EDGE('',*,*,#4883,.T.);
#4881=ORIENTED_EDGE('',*,*,#4884,.T.);
#4882=ORIENTED_EDGE('',*,*,#4885,.T.);
#4883=EDGE_CURVE('',#441,#443,#4886,.F.);
#4884=EDGE_CURVE('',#443,#445,#4887,.T.);
#4885=EDGE_CURVE('',#445,#441,#4888,.T.);
#4886=LINE('',#440,#4889);
#4887=LINE('',#442,#4890);
#4888=LINE('',#444,#4891);
#4889=VECTOR('',#4892,1.0);
#4890=VECTOR('',#4893,1.0);
#4891=VECTOR('',#4894,1.0);
#4892=DIRECTION('',(0,-1,0));
#4893=DIRECTION('',(0,0.982976025978498,0.18373386283295529));
#4894=DIRECTION('',(0,0,-1));
#4895=FACE_SURFACE('',(#4900),#4896,.T.);
#4896=PLANE('',#4897);
#4897=AXIS2_PLACEMENT_3D('',#444,#4898,#4899);
#4898=DIRECTION('',(-1,-0,0));
#4899=DIRECTION('',(0,-0.982976025978498,-0.18373386283295529));
#4900=FACE_BOUND('',#4901,.T.);
#4901=EDGE_LOOP('',(#4902,#4903,#4904));
#4902=ORIENTED_EDGE('',*,*,#4905,.T.);
#4903=ORIENTED_EDGE('',*,*,#4906,.T.);
#4904=ORIENTED_EDGE('',*,*,#4907,.T.);
#4905=EDGE_CURVE('',#445,#443,#4908,.F.);
#4906=EDGE_CURVE('',#443,#447,#4909,.T.);
#4907=EDGE_CURVE('',#447,#445,#4910,.T.);
#4908=LINE('',#444,#4911);
#4909=LINE('',#442,#4912);
#4910=LINE('',#446,#4913);
#4911=VECTOR('',#4914,1.0);
#4912=VECTOR('',#4915,1.0);
#4913=VECTOR('',#4916,1.0);
#4914=DIRECTION('',(0,-0.982976025978498,-0.18373386283295529));
#4915=DIRECTION('',(0,0,1));
#4916=DIRECTION('',(0,1,0));
#4917=FACE_SURFACE('',(#4922),#4918,.T.);
#4918=PLANE('',#4919);
#4919=AXIS2_PLACEMENT_3D('',#442,#4920,#4921);
#4920=DIRECTION('',(0,1,-0));
#4921=DIRECTION('',(-1,0,0));
#4922=FACE_BOUND('',#4923,.T.);
#4923=EDGE_LOOP('',(#4924,#4925,#4926));
#4924=ORIENTED_EDGE('',*,*,#4927,.T.);
#4925=ORIENTED_EDGE('',*,*,#4928,.T.);
#4926=ORIENTED_EDGE('',*,*,#4929,.T.);
#4927=EDGE_CURVE('',#443,#449,#4930,.F.);
#4928=EDGE_CURVE('',#449,#447,#4931,.T.);
#4929=EDGE_CURVE('',#447,#443,#4932,.T.);
#4930=LINE('',#442,#4933);
#4931=LINE('',#448,#4934);
#4932=LINE('',#446,#4935);
#4933=VECTOR('',#4936,1.0);
#4934=VECTOR('',#4937,1.0);
#4935=VECTOR('',#4938,1.0);
#4936=DIRECTION('',(-1,0,0));
#4937=DIRECTION('',(0.9932139671479431,0,0.11630139922737212));
#4938=DIRECTION('',(0,0,-1));
#4939=FACE_SURFACE('',(#4944),#4940,.T.);
#4940=PLANE('',#4941);
#4941=AXIS2_PLACEMENT_3D('',#446,#4942,#4943);
#4942=DIRECTION('',(0,1,0));
#4943=DIRECTION('',(-0.9932139671479431,0,-0.11630139922737212));
#4944=FACE_BOUND('',#4945,.T.);
#4945=EDGE_LOOP('',(#4946,#4947,#4948));
#4946=ORIENTED_EDGE('',*,*,#4949,.T.);
#4947=ORIENTED_EDGE('',*,*,#4950,.T.);
#4948=ORIENTED_EDGE('',*,*,#4951,.T.);
#4949=EDGE_CURVE('',#447,#449,#4952,.F.);
#4950=EDGE_CURVE('',#449,#451,#4953,.T.);
#4951=EDGE_CURVE('',#451,#447,#4954,.T.);
#4952=LINE('',#446,#4955);
#4953=LINE('',#448,#4956);
#4954=LINE('',#450,#4957);
#4955=VECTOR('',#4958,1.0);
#4956=VECTOR('',#4959,1.0);
#4957=VECTOR('',#4960,1.0);
#4958=DIRECTION('',(-0.9932139671479431,0,-0.11630139922737212));
#4959=DIRECTION('',(0,0,1));
#4960=DIRECTION('',(1,0,0));
#4961=FACE_SURFACE('',(#4966),#4962,.T.);
#4962=PLANE('',#4963);
#4963=AXIS2_PLACEMENT_3D('',#436,#4964,#4965);
#4964=DIRECTION('',(0,-1,-0));
#4965=DIRECTION('',(-0.9979987716895733,0,-0.0632333116806559));
#4966=FACE_BOUND('',#4967,.T.);
#4967=EDGE_LOOP('',(#4968,#4969,#4970));
#4968=ORIENTED_EDGE('',*,*,#4971,.T.);
#4969=ORIENTED_EDGE('',*,*,#4972,.T.);
#4970=ORIENTED_EDGE('',*,*,#4973,.T.);
#4971=EDGE_CURVE('',#437,#453,#4974,.F.);
#4972=EDGE_CURVE('',#453,#433,#4975,.T.);
#4973=EDGE_CURVE('',#433,#437,#4976,.T.);
#4974=LINE('',#436,#4977);
#4975=LINE('',#452,#4978);
#4976=LINE('',#432,#4979);
#4977=VECTOR('',#4980,1.0);
#4978=VECTOR('',#4981,1.0);
#4979=VECTOR('',#4982,1.0);
#4980=DIRECTION('',(-0.9979987716895733,0,-0.0632333116806559));
#4981=DIRECTION('',(0.999942045007166,0,0.010765994003656245));
#4982=DIRECTION('',(0,0,1));
#4983=FACE_SURFACE('',(#4988),#4984,.T.);
#4984=PLANE('',#4985);
#4985=AXIS2_PLACEMENT_3D('',#432,#4986,#4987);
#4986=DIRECTION('',(0,-1,-0));
#4987=DIRECTION('',(-0.999942045007166,0,-0.010765994003656245));
#4988=FACE_BOUND('',#4989,.T.);
#4989=EDGE_LOOP('',(#4990,#4991,#4992));
#4990=ORIENTED_EDGE('',*,*,#4993,.T.);
#4991=ORIENTED_EDGE('',*,*,#4994,.T.);
#4992=ORIENTED_EDGE('',*,*,#4995,.T.);
#4993=EDGE_CURVE('',#433,#453,#4996,.F.);
#4994=EDGE_CURVE('',#453,#441,#4997,.T.);
#4995=EDGE_CURVE('',#441,#433,#4998,.T.);
#4996=LINE('',#432,#4999);
#4997=LINE('',#452,#5000);
#4998=LINE('',#440,#5001);
#4999=VECTOR('',#5002,1.0);
#5000=VECTOR('',#5003,1.0);
#5001=VECTOR('',#5004,1.0);
#5002=DIRECTION('',(-0.999942045007166,0,-0.010765994003656245));
#5003=DIRECTION('',(1,0,0));
#5004=DIRECTION('',(-0.9997654633762553,0,0.021656828947509754));
#5005=FACE_SURFACE('',(#5010),#5006,.T.);
#5006=PLANE('',#5007);
#5007=AXIS2_PLACEMENT_3D('',#432,#5008,#5009);
#5008=DIRECTION('',(0,-1,0));
#5009=DIRECTION('',(0.9997654633762553,0,-0.021656828947509754));
#5010=FACE_BOUND('',#5011,.T.);
#5011=EDGE_LOOP('',(#5012,#5013,#5014));
#5012=ORIENTED_EDGE('',*,*,#5015,.T.);
#5013=ORIENTED_EDGE('',*,*,#5016,.T.);
#5014=ORIENTED_EDGE('',*,*,#5017,.T.);
#5015=EDGE_CURVE('',#433,#441,#5018,.F.);
#5016=EDGE_CURVE('',#441,#425,#5019,.T.);
#5017=EDGE_CURVE('',#425,#433,#5020,.T.);
#5018=LINE('',#432,#5021);
#5019=LINE('',#440,#5022);
#5020=LINE('',#424,#5023);
#5021=VECTOR('',#5024,1.0);
#5022=VECTOR('',#5025,1.0);
#5023=VECTOR('',#5026,1.0);
#5024=DIRECTION('',(0.9997654633762553,0,-0.021656828947509754));
#5025=DIRECTION('',(-0.9995070266697836,0,0.03139591753283265));
#5026=DIRECTION('',(-1,0,0));
#5027=FACE_SURFACE('',(#5032),#5028,.T.);
#5028=PLANE('',#5029);
#5029=AXIS2_PLACEMENT_3D('',#424,#5030,#5031);
#5030=DIRECTION('',(0,-1,0));
#5031=DIRECTION('',(0.9995070266697836,0,-0.03139591753283265));
#5032=FACE_BOUND('',#5033,.T.);
#5033=EDGE_LOOP('',(#5034,#5035,#5036));
#5034=ORIENTED_EDGE('',*,*,#5037,.T.);
#5035=ORIENTED_EDGE('',*,*,#5038,.T.);
#5036=ORIENTED_EDGE('',*,*,#5039,.T.);
#5037=EDGE_CURVE('',#425,#441,#5040,.F.);
#5038=EDGE_CURVE('',#441,#427,#5041,.T.);
#5039=EDGE_CURVE('',#427,#425,#5042,.T.);
#5040=LINE('',#424,#5043);
#5041=LINE('',#440,#5044);
#5042=LINE('',#426,#5045);
#5043=VECTOR('',#5046,1.0);
#5044=VECTOR('',#5047,1.0);
#5045=VECTOR('',#5048,1.0);
#5046=DIRECTION('',(0.9995070266697836,0,-0.03139591753283265));
#5047=DIRECTION('',(-0.9833406309411318,0,0.18177239487968702));
#5048=DIRECTION('',(0,0,-1));
#5049=FACE_SURFACE('',(#5054),#5050,.T.);
#5050=PLANE('',#5051);
#5051=AXIS2_PLACEMENT_3D('',#426,#5052,#5053);
#5052=DIRECTION('',(0,-1,0));
#5053=DIRECTION('',(0.9833406309411318,0,-0.18177239487968702));
#5054=FACE_BOUND('',#5055,.T.);
#5055=EDGE_LOOP('',(#5056,#5057,#5058));
#5056=ORIENTED_EDGE('',*,*,#5059,.T.);
#5057=ORIENTED_EDGE('',*,*,#5060,.T.);
#5058=ORIENTED_EDGE('',*,*,#5061,.T.);
#5059=EDGE_CURVE('',#427,#441,#5062,.F.);
#5060=EDGE_CURVE('',#441,#445,#5063,.T.);
#5061=EDGE_CURVE('',#445,#427,#5064,.T.);
#5062=LINE('',#426,#5065);
#5063=LINE('',#440,#5066);
#5064=LINE('',#444,#5067);
#5065=VECTOR('',#5068,1.0);
#5066=VECTOR('',#5069,1.0);
#5067=VECTOR('',#5070,1.0);
#5068=DIRECTION('',(0.9833406309411318,0,-0.18177239487968702));
#5069=DIRECTION('',(0,0,1));
#5070=DIRECTION('',(-0.9505939762706329,0,-0.31043693768298136));
#5071=FACE_SURFACE('',(#5076),#5072,.T.);
#5072=PLANE('',#5073);
#5073=AXIS2_PLACEMENT_3D('',#426,#5074,#5075);
#5074=DIRECTION('',(0,-1,0));
#5075=DIRECTION('',(0.9505939762706329,0,0.31043693768298136));
#5076=FACE_BOUND('',#5077,.T.);
#5077=EDGE_LOOP('',(#5078,#5079,#5080));
#5078=ORIENTED_EDGE('',*,*,#5081,.T.);
#5079=ORIENTED_EDGE('',*,*,#5082,.T.);
#5080=ORIENTED_EDGE('',*,*,#5083,.T.);
#5081=EDGE_CURVE('',#427,#445,#5084,.F.);
#5082=EDGE_CURVE('',#445,#437,#5085,.T.);
#5083=EDGE_CURVE('',#437,#427,#5086,.T.);
#5084=LINE('',#426,#5087);
#5085=LINE('',#444,#5088);
#5086=LINE('',#436,#5089);
#5087=VECTOR('',#5090,1.0);
#5088=VECTOR('',#5091,1.0);
#5089=VECTOR('',#5092,1.0);
#5090=DIRECTION('',(0.9505939762706329,0,0.31043693768298136));
#5091=DIRECTION('',(-0.9755658546315623,0,-0.219707221722431));
#5092=DIRECTION('',(1,0,0));
#5093=FACE_SURFACE('',(#5098),#5094,.T.);
#5094=PLANE('',#5095);
#5095=AXIS2_PLACEMENT_3D('',#436,#5096,#5097);
#5096=DIRECTION('',(0,-1,0));
#5097=DIRECTION('',(0.9755658546315623,0,0.219707221722431));
#5098=FACE_BOUND('',#5099,.T.);
#5099=EDGE_LOOP('',(#5100,#5101,#5102));
#5100=ORIENTED_EDGE('',*,*,#5103,.T.);
#5101=ORIENTED_EDGE('',*,*,#5104,.T.);
#5102=ORIENTED_EDGE('',*,*,#5105,.T.);
#5103=EDGE_CURVE('',#437,#445,#5106,.F.);
#5104=EDGE_CURVE('',#445,#455,#5107,.T.);
#5105=EDGE_CURVE('',#455,#437,#5108,.T.);
#5106=LINE('',#436,#5109);
#5107=LINE('',#444,#5110);
#5108=LINE('',#454,#5111);
#5109=VECTOR('',#5112,1.0);
#5110=VECTOR('',#5113,1.0);
#5111=VECTOR('',#5114,1.0);
#5112=DIRECTION('',(0.9755658546315623,0,0.219707221722431));
#5113=DIRECTION('',(-1,0,0));
#5114=DIRECTION('',(0.9937934152580087,0,-0.11124139422815177));
#5115=FACE_SURFACE('',(#5120),#5116,.T.);
#5116=PLANE('',#5117);
#5117=AXIS2_PLACEMENT_3D('',#436,#5118,#5119);
#5118=DIRECTION('',(-0,-1,0));
#5119=DIRECTION('',(-0.9937934152580087,0,0.11124139422815177));
#5120=FACE_BOUND('',#5121,.T.);
#5121=EDGE_LOOP('',(#5122,#5123,#5124));
#5122=ORIENTED_EDGE('',*,*,#5125,.T.);
#5123=ORIENTED_EDGE('',*,*,#5126,.T.);
#5124=ORIENTED_EDGE('',*,*,#5127,.T.);
#5125=EDGE_CURVE('',#437,#455,#5128,.F.);
#5126=EDGE_CURVE('',#455,#453,#5129,.T.);
#5127=EDGE_CURVE('',#453,#437,#5130,.T.);
#5128=LINE('',#436,#5131);
#5129=LINE('',#454,#5132);
#5130=LINE('',#452,#5133);
#5131=VECTOR('',#5134,1.0);
#5132=VECTOR('',#5135,1.0);
#5133=VECTOR('',#5136,1.0);
#5134=DIRECTION('',(-0.9937934152580087,0,0.11124139422815177));
#5135=DIRECTION('',(0,0,-1));
#5136=DIRECTION('',(0.9979987716895733,0,0.0632333116806559));
#5137=FACE_SURFACE('',(#5142),#5138,.T.);
#5138=PLANE('',#5139);
#5139=AXIS2_PLACEMENT_3D('',#448,#5140,#5141);
#5140=DIRECTION('',(1,0,0));
#5141=DIRECTION('',(0,1,0));
#5142=FACE_BOUND('',#5143,.T.);
#5143=EDGE_LOOP('',(#5144,#5145,#5146));
#5144=ORIENTED_EDGE('',*,*,#5147,.T.);
#5145=ORIENTED_EDGE('',*,*,#5148,.T.);
#5146=ORIENTED_EDGE('',*,*,#5149,.T.);
#5147=EDGE_CURVE('',#449,#453,#5150,.F.);
#5148=EDGE_CURVE('',#453,#451,#5151,.T.);
#5149=EDGE_CURVE('',#451,#449,#5152,.T.);
#5150=LINE('',#448,#5153);
#5151=LINE('',#452,#5154);
#5152=LINE('',#450,#5155);
#5153=VECTOR('',#5156,1.0);
#5154=VECTOR('',#5157,1.0);
#5155=VECTOR('',#5158,1.0);
#5156=DIRECTION('',(0,1,0));
#5157=DIRECTION('',(0,-0.982976025978498,0.18373386283295529));
#5158=DIRECTION('',(0,0,-1));
#5159=FACE_SURFACE('',(#5164),#5160,.T.);
#5160=PLANE('',#5161);
#5161=AXIS2_PLACEMENT_3D('',#450,#5162,#5163);
#5162=DIRECTION('',(1,-0,0));
#5163=DIRECTION('',(0,0.982976025978498,-0.18373386283295529));
#5164=FACE_BOUND('',#5165,.T.);
#5165=EDGE_LOOP('',(#5166,#5167,#5168));
#5166=ORIENTED_EDGE('',*,*,#5169,.T.);
#5167=ORIENTED_EDGE('',*,*,#5170,.T.);
#5168=ORIENTED_EDGE('',*,*,#5171,.T.);
#5169=EDGE_CURVE('',#451,#453,#5172,.F.);
#5170=EDGE_CURVE('',#453,#455,#5173,.T.);
#5171=EDGE_CURVE('',#455,#451,#5174,.T.);
#5172=LINE('',#450,#5175);
#5173=LINE('',#452,#5176);
#5174=LINE('',#454,#5177);
#5175=VECTOR('',#5178,1.0);
#5176=VECTOR('',#5179,1.0);
#5177=VECTOR('',#5180,1.0);
#5178=DIRECTION('',(0,0.982976025978498,-0.18373386283295529));
#5179=DIRECTION('',(0,0,1));
#5180=DIRECTION('',(0,-1,0));
#5181=FACE_SURFACE('',(#5186),#5182,.T.);
#5182=PLANE('',#5183);
#5183=AXIS2_PLACEMENT_3D('',#456,#5184,#5185);
#5184=DIRECTION('',(-1,0,0));
#5185=DIRECTION('',(0,-1,0));
#5186=FACE_BOUND('',#5187,.T.);
#5187=EDGE_LOOP('',(#5188,#5189,#5190));
#5188=ORIENTED_EDGE('',*,*,#5191,.T.);
#5189=ORIENTED_EDGE('',*,*,#5192,.T.);
#5190=ORIENTED_EDGE('',*,*,#5193,.T.);
#5191=EDGE_CURVE('',#457,#459,#5194,.F.);
#5192=EDGE_CURVE('',#459,#461,#5195,.T.);
#5193=EDGE_CURVE('',#461,#457,#5196,.T.);
#5194=LINE('',#456,#5197);
#5195=LINE('',#458,#5198);
#5196=LINE('',#460,#5199);
#5197=VECTOR('',#5200,1.0);
#5198=VECTOR('',#5201,1.0);
#5199=VECTOR('',#5202,1.0);
#5200=DIRECTION('',(0,-1,0));
#5201=DIRECTION('',(0,0.9847160445056389,0.1741674817328672));
#5202=DIRECTION('',(0,0,-1));
#5203=FACE_SURFACE('',(#5208),#5204,.T.);
#5204=PLANE('',#5205);
#5205=AXIS2_PLACEMENT_3D('',#460,#5206,#5207);
#5206=DIRECTION('',(-1,-0,0));
#5207=DIRECTION('',(0,-0.9847160445056389,-0.1741674817328672));
#5208=FACE_BOUND('',#5209,.T.);
#5209=EDGE_LOOP('',(#5210,#5211,#5212));
#5210=ORIENTED_EDGE('',*,*,#5213,.T.);
#5211=ORIENTED_EDGE('',*,*,#5214,.T.);
#5212=ORIENTED_EDGE('',*,*,#5215,.T.);
#5213=EDGE_CURVE('',#461,#459,#5216,.F.);
#5214=EDGE_CURVE('',#459,#463,#5217,.T.);
#5215=EDGE_CURVE('',#463,#461,#5218,.T.);
#5216=LINE('',#460,#5219);
#5217=LINE('',#458,#5220);
#5218=LINE('',#462,#5221);
#5219=VECTOR('',#5222,1.0);
#5220=VECTOR('',#5223,1.0);
#5221=VECTOR('',#5224,1.0);
#5222=DIRECTION('',(0,-0.9847160445056389,-0.1741674817328672));
#5223=DIRECTION('',(0,0,1));
#5224=DIRECTION('',(0,1,0));
#5225=FACE_SURFACE('',(#5230),#5226,.T.);
#5226=PLANE('',#5227);
#5227=AXIS2_PLACEMENT_3D('',#434,#5228,#5229);
#5228=DIRECTION('',(0,1,-0));
#5229=DIRECTION('',(-0.9985502317084793,0,-0.053827825099499654));
#5230=FACE_BOUND('',#5231,.T.);
#5231=EDGE_LOOP('',(#5232,#5233,#5234));
#5232=ORIENTED_EDGE('',*,*,#5235,.T.);
#5233=ORIENTED_EDGE('',*,*,#5236,.T.);
#5234=ORIENTED_EDGE('',*,*,#5237,.T.);
#5235=EDGE_CURVE('',#435,#457,#5238,.F.);
#5236=EDGE_CURVE('',#457,#439,#5239,.T.);
#5237=EDGE_CURVE('',#439,#435,#5240,.T.);
#5238=LINE('',#434,#5241);
#5239=LINE('',#456,#5242);
#5240=LINE('',#438,#5243);
#5241=VECTOR('',#5244,1.0);
#5242=VECTOR('',#5245,1.0);
#5243=VECTOR('',#5246,1.0);
#5244=DIRECTION('',(-0.9985502317084793,0,-0.053827825099499654));
#5245=DIRECTION('',(0.9951688217090555,0,0.09817849203471095));
#5246=DIRECTION('',(0,0,-1));
#5247=FACE_SURFACE('',(#5252),#5248,.T.);
#5248=PLANE('',#5249);
#5249=AXIS2_PLACEMENT_3D('',#438,#5250,#5251);
#5250=DIRECTION('',(0,1,0));
#5251=DIRECTION('',(-0.9951688217090555,0,-0.09817849203471095));
#5252=FACE_BOUND('',#5253,.T.);
#5253=EDGE_LOOP('',(#5254,#5255,#5256));
#5254=ORIENTED_EDGE('',*,*,#5257,.T.);
#5255=ORIENTED_EDGE('',*,*,#5258,.T.);
#5256=ORIENTED_EDGE('',*,*,#5259,.T.);
#5257=EDGE_CURVE('',#439,#457,#5260,.F.);
#5258=EDGE_CURVE('',#457,#461,#5261,.T.);
#5259=EDGE_CURVE('',#461,#439,#5262,.T.);
#5260=LINE('',#438,#5263);
#5261=LINE('',#456,#5264);
#5262=LINE('',#460,#5265);
#5263=VECTOR('',#5266,1.0);
#5264=VECTOR('',#5267,1.0);
#5265=VECTOR('',#5268,1.0);
#5266=DIRECTION('',(-0.9951688217090555,0,-0.09817849203471095));
#5267=DIRECTION('',(0,0,1));
#5268=DIRECTION('',(0.9954952200007327,0,-0.09481174481936858));
#5269=FACE_SURFACE('',(#5274),#5270,.T.);
#5270=PLANE('',#5271);
#5271=AXIS2_PLACEMENT_3D('',#438,#5272,#5273);
#5272=DIRECTION('',(0,1,-0));
#5273=DIRECTION('',(-0.9954952200007327,0,0.09481174481936858));
#5274=FACE_BOUND('',#5275,.T.);
#5275=EDGE_LOOP('',(#5276,#5277,#5278));
#5276=ORIENTED_EDGE('',*,*,#5279,.T.);
#5277=ORIENTED_EDGE('',*,*,#5280,.T.);
#5278=ORIENTED_EDGE('',*,*,#5281,.T.);
#5279=EDGE_CURVE('',#439,#461,#5282,.F.);
#5280=EDGE_CURVE('',#461,#465,#5283,.T.);
#5281=EDGE_CURVE('',#465,#439,#5284,.T.);
#5282=LINE('',#438,#5285);
#5283=LINE('',#460,#5286);
#5284=LINE('',#464,#5287);
#5285=VECTOR('',#5288,1.0);
#5286=VECTOR('',#5289,1.0);
#5287=VECTOR('',#5290,1.0);
#5288=DIRECTION('',(-0.9954952200007327,0,0.09481174481936858));
#5289=DIRECTION('',(1,0,0));
#5290=DIRECTION('',(-0.9864220392593095,0,-0.1642302056976893));
#5291=FACE_SURFACE('',(#5296),#5292,.T.);
#5292=PLANE('',#5293);
#5293=AXIS2_PLACEMENT_3D('',#456,#5294,#5295);
#5294=DIRECTION('',(0,1,0));
#5295=DIRECTION('',(0.9985502317084793,0,0.053827825099499654));
#5296=FACE_BOUND('',#5297,.T.);
#5297=EDGE_LOOP('',(#5298,#5299,#5300));
#5298=ORIENTED_EDGE('',*,*,#5301,.T.);
#5299=ORIENTED_EDGE('',*,*,#5302,.T.);
#5300=ORIENTED_EDGE('',*,*,#5303,.T.);
#5301=EDGE_CURVE('',#457,#435,#5304,.F.);
#5302=EDGE_CURVE('',#435,#467,#5305,.T.);
#5303=EDGE_CURVE('',#467,#457,#5306,.T.);
#5304=LINE('',#456,#5307);
#5305=LINE('',#434,#5308);
#5306=LINE('',#466,#5309);
#5307=VECTOR('',#5310,1.0);
#5308=VECTOR('',#5311,1.0);
#5309=VECTOR('',#5312,1.0);
#5310=DIRECTION('',(0.9985502317084793,0,0.053827825099499654));
#5311=DIRECTION('',(0.9955893988089417,0,-0.09381763682405402));
#5312=DIRECTION('',(-1,0,0));
#5313=FACE_SURFACE('',(#5318),#5314,.T.);
#5314=PLANE('',#5315);
#5315=AXIS2_PLACEMENT_3D('',#466,#5316,#5317);
#5316=DIRECTION('',(0,1,0));
#5317=DIRECTION('',(-0.9955893988089417,0,0.09381763682405402));
#5318=FACE_BOUND('',#5319,.T.);
#5319=EDGE_LOOP('',(#5320,#5321,#5322));
#5320=ORIENTED_EDGE('',*,*,#5323,.T.);
#5321=ORIENTED_EDGE('',*,*,#5324,.T.);
#5322=ORIENTED_EDGE('',*,*,#5325,.T.);
#5323=EDGE_CURVE('',#467,#435,#5326,.F.);
#5324=EDGE_CURVE('',#435,#429,#5327,.T.);
#5325=EDGE_CURVE('',#429,#467,#5328,.T.);
#5326=LINE('',#466,#5329);
#5327=LINE('',#434,#5330);
#5328=LINE('',#428,#5331);
#5329=VECTOR('',#5332,1.0);
#5330=VECTOR('',#5333,1.0);
#5331=VECTOR('',#5334,1.0);
#5332=DIRECTION('',(-0.9955893988089417,0,0.09381763682405402));
#5333=DIRECTION('',(1,0,0));
#5334=DIRECTION('',(0.9926049025326564,0,-0.1213898985424057));
#5335=FACE_SURFACE('',(#5340),#5336,.T.);
#5336=PLANE('',#5337);
#5337=AXIS2_PLACEMENT_3D('',#466,#5338,#5339);
#5338=DIRECTION('',(0,1,0));
#5339=DIRECTION('',(-0.9926049025326564,0,0.1213898985424057));
#5340=FACE_BOUND('',#5341,.T.);
#5341=EDGE_LOOP('',(#5342,#5343,#5344));
#5342=ORIENTED_EDGE('',*,*,#5345,.T.);
#5343=ORIENTED_EDGE('',*,*,#5346,.T.);
#5344=ORIENTED_EDGE('',*,*,#5347,.T.);
#5345=EDGE_CURVE('',#467,#429,#5348,.F.);
#5346=EDGE_CURVE('',#429,#431,#5349,.T.);
#5347=EDGE_CURVE('',#431,#467,#5350,.T.);
#5348=LINE('',#466,#5351);
#5349=LINE('',#428,#5352);
#5350=LINE('',#430,#5353);
#5351=VECTOR('',#5354,1.0);
#5352=VECTOR('',#5355,1.0);
#5353=VECTOR('',#5356,1.0);
#5354=DIRECTION('',(-0.9926049025326564,0,0.1213898985424057));
#5355=DIRECTION('',(0,0,1));
#5356=DIRECTION('',(0.975856826098968,0,-0.21841120611371728));
#5357=FACE_SURFACE('',(#5362),#5358,.T.);
#5358=PLANE('',#5359);
#5359=AXIS2_PLACEMENT_3D('',#466,#5360,#5361);
#5360=DIRECTION('',(0,1,-0));
#5361=DIRECTION('',(-0.975856826098968,0,0.21841120611371728));
#5362=FACE_BOUND('',#5363,.T.);
#5363=EDGE_LOOP('',(#5364,#5365,#5366));
#5364=ORIENTED_EDGE('',*,*,#5367,.T.);
#5365=ORIENTED_EDGE('',*,*,#5368,.T.);
#5366=ORIENTED_EDGE('',*,*,#5369,.T.);
#5367=EDGE_CURVE('',#467,#431,#5370,.F.);
#5368=EDGE_CURVE('',#431,#465,#5371,.T.);
#5369=EDGE_CURVE('',#465,#467,#5372,.T.);
#5370=LINE('',#466,#5373);
#5371=LINE('',#430,#5374);
#5372=LINE('',#464,#5375);
#5373=VECTOR('',#5376,1.0);
#5374=VECTOR('',#5377,1.0);
#5375=VECTOR('',#5378,1.0);
#5376=DIRECTION('',(-0.975856826098968,0,0.21841120611371728));
#5377=DIRECTION('',(0.9774439074370922,0,0.21119518889905892));
#5378=DIRECTION('',(0,0,-1));
#5379=FACE_SURFACE('',(#5384),#5380,.T.);
#5380=PLANE('',#5381);
#5381=AXIS2_PLACEMENT_3D('',#464,#5382,#5383);
#5382=DIRECTION('',(0,1,0));
#5383=DIRECTION('',(-0.9774439074370922,0,-0.21119518889905892));
#5384=FACE_BOUND('',#5385,.T.);
#5385=EDGE_LOOP('',(#5386,#5387,#5388));
#5386=ORIENTED_EDGE('',*,*,#5389,.T.);
#5387=ORIENTED_EDGE('',*,*,#5390,.T.);
#5388=ORIENTED_EDGE('',*,*,#5391,.T.);
#5389=EDGE_CURVE('',#465,#431,#5392,.F.);
#5390=EDGE_CURVE('',#431,#439,#5393,.T.);
#5391=EDGE_CURVE('',#439,#465,#5394,.T.);
#5392=LINE('',#464,#5395);
#5393=LINE('',#430,#5396);
#5394=LINE('',#438,#5397);
#5395=VECTOR('',#5398,1.0);
#5396=VECTOR('',#5399,1.0);
#5397=VECTOR('',#5400,1.0);
#5398=DIRECTION('',(-0.9774439074370922,0,-0.21119518889905892));
#5399=DIRECTION('',(-1,0,0));
#5400=DIRECTION('',(0.9864220392593095,0,0.1642302056976893));
#5401=FACE_SURFACE('',(#5406),#5402,.T.);
#5402=PLANE('',#5403);
#5403=AXIS2_PLACEMENT_3D('',#468,#5404,#5405);
#5404=DIRECTION('',(1,0,0));
#5405=DIRECTION('',(0,1,0));
#5406=FACE_BOUND('',#5407,.T.);
#5407=EDGE_LOOP('',(#5408,#5409,#5410));
#5408=ORIENTED_EDGE('',*,*,#5411,.T.);
#5409=ORIENTED_EDGE('',*,*,#5412,.T.);
#5410=ORIENTED_EDGE('',*,*,#5413,.T.);
#5411=EDGE_CURVE('',#469,#467,#5414,.F.);
#5412=EDGE_CURVE('',#467,#471,#5415,.T.);
#5413=EDGE_CURVE('',#471,#469,#5416,.T.);
#5414=LINE('',#468,#5417);
#5415=LINE('',#466,#5418);
#5416=LINE('',#470,#5419);
#5417=VECTOR('',#5420,1.0);
#5418=VECTOR('',#5421,1.0);
#5419=VECTOR('',#5422,1.0);
#5420=DIRECTION('',(0,1,0));
#5421=DIRECTION('',(0,-0.9847160445056389,0.1741674817328672));
#5422=DIRECTION('',(0,0,-1));
#5423=FACE_SURFACE('',(#5428),#5424,.T.);
#5424=PLANE('',#5425);
#5425=AXIS2_PLACEMENT_3D('',#470,#5426,#5427);
#5426=DIRECTION('',(1,-0,0));
#5427=DIRECTION('',(0,0.9847160445056389,-0.1741674817328672));
#5428=FACE_BOUND('',#5429,.T.);
#5429=EDGE_LOOP('',(#5430,#5431,#5432));
#5430=ORIENTED_EDGE('',*,*,#5433,.T.);
#5431=ORIENTED_EDGE('',*,*,#5434,.T.);
#5432=ORIENTED_EDGE('',*,*,#5435,.T.);
#5433=EDGE_CURVE('',#471,#467,#5436,.F.);
#5434=EDGE_CURVE('',#467,#465,#5437,.T.);
#5435=EDGE_CURVE('',#465,#471,#5438,.T.);
#5436=LINE('',#470,#5439);
#5437=LINE('',#466,#5440);
#5438=LINE('',#464,#5441);
#5439=VECTOR('',#5442,1.0);
#5440=VECTOR('',#5443,1.0);
#5441=VECTOR('',#5444,1.0);
#5442=DIRECTION('',(0,0.9847160445056389,-0.1741674817328672));
#5443=DIRECTION('',(0,0,1));
#5444=DIRECTION('',(0,-1,0));
#5445=FACE_SURFACE('',(#5450),#5446,.T.);
#5446=PLANE('',#5447);
#5447=AXIS2_PLACEMENT_3D('',#458,#5448,#5449);
#5448=DIRECTION('',(0,-1,0));
#5449=DIRECTION('',(1,0,0));
#5450=FACE_BOUND('',#5451,.T.);
#5451=EDGE_LOOP('',(#5452,#5453,#5454));
#5452=ORIENTED_EDGE('',*,*,#5455,.T.);
#5453=ORIENTED_EDGE('',*,*,#5456,.T.);
#5454=ORIENTED_EDGE('',*,*,#5457,.T.);
#5455=EDGE_CURVE('',#459,#469,#5458,.F.);
#5456=EDGE_CURVE('',#469,#463,#5459,.T.);
#5457=EDGE_CURVE('',#463,#459,#5460,.T.);
#5458=LINE('',#458,#5461);
#5459=LINE('',#468,#5462);
#5460=LINE('',#462,#5463);
#5461=VECTOR('',#5464,1.0);
#5462=VECTOR('',#5465,1.0);
#5463=VECTOR('',#5466,1.0);
#5464=DIRECTION('',(1,0,0));
#5465=DIRECTION('',(-0.9924793633163366,0,0.12241206391201508));
#5466=DIRECTION('',(0,0,-1));
#5467=FACE_SURFACE('',(#5472),#5468,.T.);
#5468=PLANE('',#5469);
#5469=AXIS2_PLACEMENT_3D('',#462,#5470,#5471);
#5470=DIRECTION('',(0,-1,0));
#5471=DIRECTION('',(0.9924793633163366,0,-0.12241206391201508));
#5472=FACE_BOUND('',#5473,.T.);
#5473=EDGE_LOOP('',(#5474,#5475,#5476));
#5474=ORIENTED_EDGE('',*,*,#5477,.T.);
#5475=ORIENTED_EDGE('',*,*,#5478,.T.);
#5476=ORIENTED_EDGE('',*,*,#5479,.T.);
#5477=EDGE_CURVE('',#463,#469,#5480,.F.);
#5478=EDGE_CURVE('',#469,#471,#5481,.T.);
#5479=EDGE_CURVE('',#471,#463,#5482,.T.);
#5480=LINE('',#462,#5483);
#5481=LINE('',#468,#5484);
#5482=LINE('',#470,#5485);
#5483=VECTOR('',#5486,1.0);
#5484=VECTOR('',#5487,1.0);
#5485=VECTOR('',#5488,1.0);
#5486=DIRECTION('',(0.9924793633163366,0,-0.12241206391201508));
#5487=DIRECTION('',(0,0,1));
#5488=DIRECTION('',(-1,0,0));
#5489=FACE_SURFACE('',(#5494),#5490,.T.);
#5490=PLANE('',#5491);
#5491=AXIS2_PLACEMENT_3D('',#470,#5492,#5493);
#5492=DIRECTION('',(0,0,1));
#5493=DIRECTION('',(-0.9995538912918752,0.02986667713807505,0));
#5494=FACE_BOUND('',#5495,.T.);
#5495=EDGE_LOOP('',(#5496,#5497,#5498));
#5496=ORIENTED_EDGE('',*,*,#5499,.T.);
#5497=ORIENTED_EDGE('',*,*,#5500,.T.);
#5498=ORIENTED_EDGE('',*,*,#5501,.T.);
#5499=EDGE_CURVE('',#471,#319,#5502,.F.);
#5500=EDGE_CURVE('',#319,#463,#5503,.T.);
#5501=EDGE_CURVE('',#463,#471,#5504,.T.);
#5502=LINE('',#470,#5505);
#5503=LINE('',#318,#5506);
#5504=LINE('',#462,#5507);
#5505=VECTOR('',#5508,1.0);
#5506=VECTOR('',#5509,1.0);
#5507=VECTOR('',#5510,1.0);
#5508=DIRECTION('',(-0.9995538912918752,0.02986667713807505,0));
#5509=DIRECTION('',(-0.9014749774992303,-0.43283121992615353,0));
#5510=DIRECTION('',(1,0,0));
#5511=FACE_SURFACE('',(#5516),#5512,.T.);
#5512=PLANE('',#5513);
#5513=AXIS2_PLACEMENT_3D('',#462,#5514,#5515);
#5514=DIRECTION('',(0,0,1));
#5515=DIRECTION('',(0.9014749774992303,0.43283121992615353,0));
#5516=FACE_BOUND('',#5517,.T.);
#5517=EDGE_LOOP('',(#5518,#5519,#5520));
#5518=ORIENTED_EDGE('',*,*,#5521,.T.);
#5519=ORIENTED_EDGE('',*,*,#5522,.T.);
#5520=ORIENTED_EDGE('',*,*,#5523,.T.);
#5521=EDGE_CURVE('',#463,#319,#5524,.F.);
#5522=EDGE_CURVE('',#319,#315,#5525,.T.);
#5523=EDGE_CURVE('',#315,#463,#5526,.T.);
#5524=LINE('',#462,#5527);
#5525=LINE('',#318,#5528);
#5526=LINE('',#314,#5529);
#5527=VECTOR('',#5530,1.0);
#5528=VECTOR('',#5531,1.0);
#5529=VECTOR('',#5532,1.0);
#5530=DIRECTION('',(0.9014749774992303,0.43283121992615353,0));
#5531=DIRECTION('',(-0.9238764732382256,-0.38269081802010646,0));
#5532=DIRECTION('',(-0.8991248583818099,-0.4376922309567426,0));
#5533=FACE_SURFACE('',(#5538),#5534,.T.);
#5534=PLANE('',#5535);
#5535=AXIS2_PLACEMENT_3D('',#462,#5536,#5537);
#5536=DIRECTION('',(0,0,1));
#5537=DIRECTION('',(0.8991248583818099,0.4376922309567426,0));
#5538=FACE_BOUND('',#5539,.T.);
#5539=EDGE_LOOP('',(#5540,#5541,#5542));
#5540=ORIENTED_EDGE('',*,*,#5543,.T.);
#5541=ORIENTED_EDGE('',*,*,#5544,.T.);
#5542=ORIENTED_EDGE('',*,*,#5545,.T.);
#5543=EDGE_CURVE('',#463,#315,#5546,.F.);
#5544=EDGE_CURVE('',#315,#311,#5547,.T.);
#5545=EDGE_CURVE('',#311,#463,#5548,.T.);
#5546=LINE('',#462,#5549);
#5547=LINE('',#314,#5550);
#5548=LINE('',#310,#5551);
#5549=VECTOR('',#5552,1.0);
#5550=VECTOR('',#5553,1.0);
#5551=VECTOR('',#5554,1.0);
#5552=DIRECTION('',(0.8991248583818099,0.4376922309567426,0));
#5553=DIRECTION('',(-0.9914456157770744,-0.13052046183038843,0));
#5554=DIRECTION('',(-0.8835727883980077,-0.46829384749596004,0));
#5555=FACE_SURFACE('',(#5560),#5556,.T.);
#5556=PLANE('',#5557);
#5557=AXIS2_PLACEMENT_3D('',#464,#5558,#5559);
#5558=DIRECTION('',(0,0,1));
#5559=DIRECTION('',(-0.4328318718110735,-0.9014746645050666,0));
#5560=FACE_BOUND('',#5561,.T.);
#5561=EDGE_LOOP('',(#5562,#5563,#5564));
#5562=ORIENTED_EDGE('',*,*,#5565,.T.);
#5563=ORIENTED_EDGE('',*,*,#5566,.T.);
#5564=ORIENTED_EDGE('',*,*,#5567,.T.);
#5565=EDGE_CURVE('',#465,#231,#5568,.F.);
#5566=EDGE_CURVE('',#231,#471,#5569,.T.);
#5567=EDGE_CURVE('',#471,#465,#5570,.T.);
#5568=LINE('',#464,#5571);
#5569=LINE('',#230,#5572);
#5570=LINE('',#470,#5573);
#5571=VECTOR('',#5574,1.0);
#5572=VECTOR('',#5575,1.0);
#5573=VECTOR('',#5576,1.0);
#5574=DIRECTION('',(-0.4328318718110735,-0.9014746645050666,0));
#5575=DIRECTION('',(0.04399514034877462,-0.9990317450540256,0));
#5576=DIRECTION('',(0,1,0));
#5577=FACE_SURFACE('',(#5582),#5578,.T.);
#5578=PLANE('',#5579);
#5579=AXIS2_PLACEMENT_3D('',#470,#5580,#5581);
#5580=DIRECTION('',(0,0,1));
#5581=DIRECTION('',(-0.04399514034877462,0.9990317450540256,0));
#5582=FACE_BOUND('',#5583,.T.);
#5583=EDGE_LOOP('',(#5584,#5585,#5586));
#5584=ORIENTED_EDGE('',*,*,#5587,.T.);
#5585=ORIENTED_EDGE('',*,*,#5588,.T.);
#5586=ORIENTED_EDGE('',*,*,#5589,.T.);
#5587=EDGE_CURVE('',#471,#231,#5590,.F.);
#5588=EDGE_CURVE('',#231,#55,#5591,.T.);
#5589=EDGE_CURVE('',#55,#471,#5592,.T.);
#5590=LINE('',#470,#5593);
#5591=LINE('',#230,#5594);
#5592=LINE('',#54,#5595);
#5593=VECTOR('',#5596,1.0);
#5594=VECTOR('',#5597,1.0);
#5595=VECTOR('',#5598,1.0);
#5596=DIRECTION('',(-0.04399514034877462,0.9990317450540256,0));
#5597=DIRECTION('',(0,-1,0));
#5598=DIRECTION('',(0.4328310026315662,-0.9014750818303039,0));
#5599=FACE_SURFACE('',(#5604),#5600,.T.);
#5600=PLANE('',#5601);
#5601=AXIS2_PLACEMENT_3D('',#470,#5602,#5603);
#5602=DIRECTION('',(0,0,1));
#5603=DIRECTION('',(-0.4328310026315662,0.9014750818303039,0));
#5604=FACE_BOUND('',#5605,.T.);
#5605=EDGE_LOOP('',(#5606,#5607,#5608));
#5606=ORIENTED_EDGE('',*,*,#5609,.T.);
#5607=ORIENTED_EDGE('',*,*,#5610,.T.);
#5608=ORIENTED_EDGE('',*,*,#5611,.T.);
#5609=EDGE_CURVE('',#471,#55,#5612,.F.);
#5610=EDGE_CURVE('',#55,#51,#5613,.T.);
#5611=EDGE_CURVE('',#51,#471,#5614,.T.);
#5612=LINE('',#470,#5615);
#5613=LINE('',#54,#5616);
#5614=LINE('',#50,#5617);
#5615=VECTOR('',#5618,1.0);
#5616=VECTOR('',#5619,1.0);
#5617=VECTOR('',#5620,1.0);
#5618=DIRECTION('',(-0.4328310026315662,0.9014750818303039,0));
#5619=DIRECTION('',(0.382688619542775,-0.9238773838948788,0));
#5620=DIRECTION('',(0.4376922309567426,-0.8991248583818099,0));
#5621=FACE_SURFACE('',(#5626),#5622,.T.);
#5622=PLANE('',#5623);
#5623=AXIS2_PLACEMENT_3D('',#460,#5624,#5625);
#5624=DIRECTION('',(-0,0,1));
#5625=DIRECTION('',(0.9995538958463767,-0.029866524711301867,0));
#5626=FACE_BOUND('',#5627,.T.);
#5627=EDGE_LOOP('',(#5628,#5629,#5630));
#5628=ORIENTED_EDGE('',*,*,#5631,.T.);
#5629=ORIENTED_EDGE('',*,*,#5632,.T.);
#5630=ORIENTED_EDGE('',*,*,#5633,.T.);
#5631=EDGE_CURVE('',#461,#175,#5634,.F.);
#5632=EDGE_CURVE('',#175,#465,#5635,.T.);
#5633=EDGE_CURVE('',#465,#461,#5636,.T.);
#5634=LINE('',#460,#5637);
#5635=LINE('',#174,#5638);
#5636=LINE('',#464,#5639);
#5637=VECTOR('',#5640,1.0);
#5638=VECTOR('',#5641,1.0);
#5639=VECTOR('',#5642,1.0);
#5640=DIRECTION('',(0.9995538958463767,-0.029866524711301867,0));
#5641=DIRECTION('',(0.9014759510072874,0.4328291923559533,0));
#5642=DIRECTION('',(-1,0,0));
#5643=FACE_SURFACE('',(#5648),#5644,.T.);
#5644=PLANE('',#5645);
#5645=AXIS2_PLACEMENT_3D('',#464,#5646,#5647);
#5646=DIRECTION('',(0,0,1));
#5647=DIRECTION('',(-0.9014759510072874,-0.4328291923559533,0));
#5648=FACE_BOUND('',#5649,.T.);
#5649=EDGE_LOOP('',(#5650,#5651,#5652));
#5650=ORIENTED_EDGE('',*,*,#5653,.T.);
#5651=ORIENTED_EDGE('',*,*,#5654,.T.);
#5652=ORIENTED_EDGE('',*,*,#5655,.T.);
#5653=EDGE_CURVE('',#465,#175,#5656,.F.);
#5654=EDGE_CURVE('',#175,#171,#5657,.T.);
#5655=EDGE_CURVE('',#171,#465,#5658,.T.);
#5656=LINE('',#464,#5659);
#5657=LINE('',#174,#5660);
#5658=LINE('',#170,#5661);
#5659=VECTOR('',#5662,1.0);
#5660=VECTOR('',#5663,1.0);
#5661=VECTOR('',#5664,1.0);
#5662=DIRECTION('',(-0.9014759510072874,-0.4328291923559533,0));
#5663=DIRECTION('',(0.9238843564535347,0.3826717861306707,0));
#5664=DIRECTION('',(0.8991250927085047,0.4376917495931617,0));
#5665=FACE_SURFACE('',(#5670),#5666,.T.);
#5666=PLANE('',#5667);
#5667=AXIS2_PLACEMENT_3D('',#464,#5668,#5669);
#5668=DIRECTION('',(0,0,1));
#5669=DIRECTION('',(-0.8991250927085047,-0.4376917495931617,0));
#5670=FACE_BOUND('',#5671,.T.);
#5671=EDGE_LOOP('',(#5672,#5673,#5674));
#5672=ORIENTED_EDGE('',*,*,#5675,.T.);
#5673=ORIENTED_EDGE('',*,*,#5676,.T.);
#5674=ORIENTED_EDGE('',*,*,#5677,.T.);
#5675=EDGE_CURVE('',#465,#171,#5678,.F.);
#5676=EDGE_CURVE('',#171,#167,#5679,.T.);
#5677=EDGE_CURVE('',#167,#465,#5680,.T.);
#5678=LINE('',#464,#5681);
#5679=LINE('',#170,#5682);
#5680=LINE('',#166,#5683);
#5681=VECTOR('',#5684,1.0);
#5682=VECTOR('',#5685,1.0);
#5683=VECTOR('',#5686,1.0);
#5684=DIRECTION('',(-0.8991250927085047,-0.4376917495931617,0));
#5685=DIRECTION('',(0.9914442182772633,0.13053107693030977,0));
#5686=DIRECTION('',(0.8835733462551171,0.4682927949344671,0));
#5687=FACE_SURFACE('',(#5692),#5688,.T.);
#5688=PLANE('',#5689);
#5689=AXIS2_PLACEMENT_3D('',#462,#5690,#5691);
#5690=DIRECTION('',(0,0,1));
#5691=DIRECTION('',(0.043995083852273346,0.9990317475420045,0));
#5692=FACE_BOUND('',#5693,.T.);
#5693=EDGE_LOOP('',(#5694,#5695,#5696));
#5694=ORIENTED_EDGE('',*,*,#5697,.T.);
#5695=ORIENTED_EDGE('',*,*,#5698,.T.);
#5696=ORIENTED_EDGE('',*,*,#5699,.T.);
#5697=EDGE_CURVE('',#463,#391,#5700,.F.);
#5698=EDGE_CURVE('',#391,#461,#5701,.T.);
#5699=EDGE_CURVE('',#461,#463,#5702,.T.);
#5700=LINE('',#462,#5703);
#5701=LINE('',#390,#5704);
#5702=LINE('',#460,#5705);
#5703=VECTOR('',#5706,1.0);
#5704=VECTOR('',#5707,1.0);
#5705=VECTOR('',#5708,1.0);
#5706=DIRECTION('',(0.043995083852273346,0.9990317475420045,0));
#5707=DIRECTION('',(-0.4328314192421714,0.9014748818002682,0));
#5708=DIRECTION('',(0,-1,0));
#5709=FACE_SURFACE('',(#5714),#5710,.T.);
#5710=PLANE('',#5711);
#5711=AXIS2_PLACEMENT_3D('',#460,#5712,#5713);
#5712=DIRECTION('',(0,0,1));
#5713=DIRECTION('',(0.4328314192421714,-0.9014748818002682,0));
#5714=FACE_BOUND('',#5715,.T.);
#5715=EDGE_LOOP('',(#5716,#5717,#5718));
#5716=ORIENTED_EDGE('',*,*,#5719,.T.);
#5717=ORIENTED_EDGE('',*,*,#5720,.T.);
#5718=ORIENTED_EDGE('',*,*,#5721,.T.);
#5719=EDGE_CURVE('',#461,#391,#5722,.F.);
#5720=EDGE_CURVE('',#391,#387,#5723,.T.);
#5721=EDGE_CURVE('',#387,#461,#5724,.T.);
#5722=LINE('',#460,#5725);
#5723=LINE('',#390,#5726);
#5724=LINE('',#386,#5727);
#5725=VECTOR('',#5728,1.0);
#5726=VECTOR('',#5729,1.0);
#5727=VECTOR('',#5730,1.0);
#5728=DIRECTION('',(0.4328314192421714,-0.9014748818002682,0));
#5729=DIRECTION('',(-0.3826877089799008,0.9238777610678345,0));
#5730=DIRECTION('',(-0.43769271232125684,0.8991246240543419,0));
#5731=FACE_SURFACE('',(#5736),#5732,.T.);
#5732=PLANE('',#5733);
#5733=AXIS2_PLACEMENT_3D('',#460,#5734,#5735);
#5734=DIRECTION('',(0,0,1));
#5735=DIRECTION('',(0.43769271232125684,-0.8991246240543419,0));
#5736=FACE_BOUND('',#5737,.T.);
#5737=EDGE_LOOP('',(#5738,#5739,#5740));
#5738=ORIENTED_EDGE('',*,*,#5741,.T.);
#5739=ORIENTED_EDGE('',*,*,#5742,.T.);
#5740=ORIENTED_EDGE('',*,*,#5743,.T.);
#5741=EDGE_CURVE('',#461,#387,#5744,.F.);
#5742=EDGE_CURVE('',#387,#383,#5745,.T.);
#5743=EDGE_CURVE('',#383,#461,#5746,.T.);
#5744=LINE('',#460,#5747);
#5745=LINE('',#386,#5748);
#5746=LINE('',#382,#5749);
#5747=VECTOR('',#5750,1.0);
#5748=VECTOR('',#5751,1.0);
#5749=VECTOR('',#5752,1.0);
#5750=DIRECTION('',(0.43769271232125684,-0.8991246240543419,0));
#5751=DIRECTION('',(-0.13052818353007217,0.9914445992108384,0));
#5752=DIRECTION('',(-0.4682933212154628,0.8835730673266311,0));
#5753=FACE_SURFACE('',(#5758),#5754,.T.);
#5754=PLANE('',#5755);
#5755=AXIS2_PLACEMENT_3D('',#450,#5756,#5757);
#5756=DIRECTION('',(-0,0,1));
#5757=DIRECTION('',(0.9979813746904783,-0.06350728911631388,0));
#5758=FACE_BOUND('',#5759,.T.);
#5759=EDGE_LOOP('',(#5760,#5761,#5762));
#5760=ORIENTED_EDGE('',*,*,#5763,.T.);
#5761=ORIENTED_EDGE('',*,*,#5764,.T.);
#5762=ORIENTED_EDGE('',*,*,#5765,.T.);
#5763=EDGE_CURVE('',#451,#99,#5766,.F.);
#5764=EDGE_CURVE('',#99,#447,#5767,.T.);
#5765=EDGE_CURVE('',#447,#451,#5768,.T.);
#5766=LINE('',#450,#5769);
#5767=LINE('',#98,#5770);
#5768=LINE('',#446,#5771);
#5769=VECTOR('',#5772,1.0);
#5770=VECTOR('',#5773,1.0);
#5771=VECTOR('',#5774,1.0);
#5772=DIRECTION('',(0.9979813746904783,-0.06350728911631388,0));
#5773=DIRECTION('',(-0.4376922309567426,0.8991248583818099,0));
#5774=DIRECTION('',(-1,0,0));
#5775=FACE_SURFACE('',(#5780),#5776,.T.);
#5776=PLANE('',#5777);
#5777=AXIS2_PLACEMENT_3D('',#446,#5778,#5779);
#5778=DIRECTION('',(0,0,1));
#5779=DIRECTION('',(0.4376922309567426,-0.8991248583818099,0));
#5780=FACE_BOUND('',#5781,.T.);
#5781=EDGE_LOOP('',(#5782,#5783,#5784));
#5782=ORIENTED_EDGE('',*,*,#5785,.T.);
#5783=ORIENTED_EDGE('',*,*,#5786,.T.);
#5784=ORIENTED_EDGE('',*,*,#5787,.T.);
#5785=EDGE_CURVE('',#447,#99,#5788,.F.);
#5786=EDGE_CURVE('',#99,#95,#5789,.T.);
#5787=EDGE_CURVE('',#95,#447,#5790,.T.);
#5788=LINE('',#446,#5791);
#5789=LINE('',#98,#5792);
#5790=LINE('',#94,#5793);
#5791=VECTOR('',#5794,1.0);
#5792=VECTOR('',#5795,1.0);
#5793=VECTOR('',#5796,1.0);
#5794=DIRECTION('',(0.4376922309567426,-0.8991248583818099,0));
#5795=DIRECTION('',(-0.13053268638076884,0.9914440063796945,0));
#5796=DIRECTION('',(-0.4682927949344671,0.8835733462551171,0));
#5797=FACE_SURFACE('',(#5802),#5798,.T.);
#5798=PLANE('',#5799);
#5799=AXIS2_PLACEMENT_3D('',#446,#5800,#5801);
#5800=DIRECTION('',(0,0,1));
#5801=DIRECTION('',(0.4682927949344671,-0.8835733462551171,0));
#5802=FACE_BOUND('',#5803,.T.);
#5803=EDGE_LOOP('',(#5804,#5805,#5806));
#5804=ORIENTED_EDGE('',*,*,#5807,.T.);
#5805=ORIENTED_EDGE('',*,*,#5808,.T.);
#5806=ORIENTED_EDGE('',*,*,#5809,.T.);
#5807=EDGE_CURVE('',#447,#95,#5810,.F.);
#5808=EDGE_CURVE('',#95,#91,#5811,.T.);
#5809=EDGE_CURVE('',#91,#447,#5812,.T.);
#5810=LINE('',#446,#5813);
#5811=LINE('',#94,#5814);
#5812=LINE('',#90,#5815);
#5813=VECTOR('',#5816,1.0);
#5814=VECTOR('',#5817,1.0);
#5815=VECTOR('',#5818,1.0);
#5816=DIRECTION('',(0.4682927949344671,-0.8835733462551171,0));
#5817=DIRECTION('',(0.13053268638076884,0.9914440063796945,0));
#5818=DIRECTION('',(-0.5279408799874071,0.8492811237971335,0));
#5819=FACE_SURFACE('',(#5824),#5820,.T.);
#5820=PLANE('',#5821);
#5821=AXIS2_PLACEMENT_3D('',#454,#5822,#5823);
#5822=DIRECTION('',(0,0,1));
#5823=DIRECTION('',(-0.0992447601271718,-0.9950630520661995,0));
#5824=FACE_BOUND('',#5825,.T.);
#5825=EDGE_LOOP('',(#5826,#5827,#5828));
#5826=ORIENTED_EDGE('',*,*,#5829,.T.);
#5827=ORIENTED_EDGE('',*,*,#5830,.T.);
#5828=ORIENTED_EDGE('',*,*,#5831,.T.);
#5829=EDGE_CURVE('',#455,#267,#5832,.F.);
#5830=EDGE_CURVE('',#267,#451,#5833,.T.);
#5831=EDGE_CURVE('',#451,#455,#5834,.T.);
#5832=LINE('',#454,#5835);
#5833=LINE('',#266,#5836);
#5834=LINE('',#450,#5837);
#5835=VECTOR('',#5838,1.0);
#5836=VECTOR('',#5839,1.0);
#5837=VECTOR('',#5840,1.0);
#5838=DIRECTION('',(-0.0992447601271718,-0.9950630520661995,0));
#5839=DIRECTION('',(0.8991249755452538,0.43769199027483546,0));
#5840=DIRECTION('',(0,1,0));
#5841=FACE_SURFACE('',(#5846),#5842,.T.);
#5842=PLANE('',#5843);
#5843=AXIS2_PLACEMENT_3D('',#450,#5844,#5845);
#5844=DIRECTION('',(0,0,1));
#5845=DIRECTION('',(-0.8991249755452538,-0.43769199027483546,0));
#5846=FACE_BOUND('',#5847,.T.);
#5847=EDGE_LOOP('',(#5848,#5849,#5850));
#5848=ORIENTED_EDGE('',*,*,#5851,.T.);
#5849=ORIENTED_EDGE('',*,*,#5852,.T.);
#5850=ORIENTED_EDGE('',*,*,#5853,.T.);
#5851=EDGE_CURVE('',#451,#267,#5854,.F.);
#5852=EDGE_CURVE('',#267,#263,#5855,.T.);
#5853=EDGE_CURVE('',#263,#451,#5856,.T.);
#5854=LINE('',#450,#5857);
#5855=LINE('',#266,#5858);
#5856=LINE('',#262,#5859);
#5857=VECTOR('',#5860,1.0);
#5858=VECTOR('',#5861,1.0);
#5859=VECTOR('',#5862,1.0);
#5860=DIRECTION('',(-0.8991249755452538,-0.43769199027483546,0));
#5861=DIRECTION('',(0.9914457217071666,0.1305196571729924,0));
#5862=DIRECTION('',(0.8835727883980077,0.46829384749596004,0));
#5863=FACE_SURFACE('',(#5868),#5864,.T.);
#5864=PLANE('',#5865);
#5865=AXIS2_PLACEMENT_3D('',#450,#5866,#5867);
#5866=DIRECTION('',(0,0,1));
#5867=DIRECTION('',(-0.8835727883980077,-0.46829384749596004,0));
#5868=FACE_BOUND('',#5869,.T.);
#5869=EDGE_LOOP('',(#5870,#5871,#5872));
#5870=ORIENTED_EDGE('',*,*,#5873,.T.);
#5871=ORIENTED_EDGE('',*,*,#5874,.T.);
#5872=ORIENTED_EDGE('',*,*,#5875,.T.);
#5873=EDGE_CURVE('',#451,#263,#5876,.F.);
#5874=EDGE_CURVE('',#263,#259,#5877,.T.);
#5875=EDGE_CURVE('',#259,#451,#5878,.T.);
#5876=LINE('',#450,#5879);
#5877=LINE('',#262,#5880);
#5878=LINE('',#258,#5881);
#5879=VECTOR('',#5882,1.0);
#5880=VECTOR('',#5883,1.0);
#5881=VECTOR('',#5884,1.0);
#5882=DIRECTION('',(-0.8835727883980077,-0.46829384749596004,0));
#5883=DIRECTION('',(0.9914456157770744,-0.13052046183038843,0));
#5884=DIRECTION('',(0.8492811237971335,0.5279408799874071,0));
#5885=FACE_SURFACE('',(#5890),#5886,.T.);
#5886=PLANE('',#5887);
#5887=AXIS2_PLACEMENT_3D('',#444,#5888,#5889);
#5888=DIRECTION('',(0,0,1));
#5889=DIRECTION('',(-0.9979813693890645,0.06350737242500064,0));
#5890=FACE_BOUND('',#5891,.T.);
#5891=EDGE_LOOP('',(#5892,#5893,#5894));
#5892=ORIENTED_EDGE('',*,*,#5895,.T.);
#5893=ORIENTED_EDGE('',*,*,#5896,.T.);
#5894=ORIENTED_EDGE('',*,*,#5897,.T.);
#5895=EDGE_CURVE('',#445,#339,#5898,.F.);
#5896=EDGE_CURVE('',#339,#455,#5899,.T.);
#5897=EDGE_CURVE('',#455,#445,#5900,.T.);
#5898=LINE('',#444,#5901);
#5899=LINE('',#338,#5902);
#5900=LINE('',#454,#5903);
#5901=VECTOR('',#5904,1.0);
#5902=VECTOR('',#5905,1.0);
#5903=VECTOR('',#5906,1.0);
#5904=DIRECTION('',(-0.9979813693890645,0.06350737242500064,0));
#5905=DIRECTION('',(0.4376922440113011,-0.8991248520268761,0));
#5906=DIRECTION('',(1,0,0));
#5907=FACE_SURFACE('',(#5912),#5908,.T.);
#5908=PLANE('',#5909);
#5909=AXIS2_PLACEMENT_3D('',#454,#5910,#5911);
#5910=DIRECTION('',(0,0,1));
#5911=DIRECTION('',(-0.4376922440113011,0.8991248520268761,0));
#5912=FACE_BOUND('',#5913,.T.);
#5913=EDGE_LOOP('',(#5914,#5915,#5916));
#5914=ORIENTED_EDGE('',*,*,#5917,.T.);
#5915=ORIENTED_EDGE('',*,*,#5918,.T.);
#5916=ORIENTED_EDGE('',*,*,#5919,.T.);
#5917=EDGE_CURVE('',#455,#339,#5920,.F.);
#5918=EDGE_CURVE('',#339,#335,#5921,.T.);
#5919=EDGE_CURVE('',#335,#455,#5922,.T.);
#5920=LINE('',#454,#5923);
#5921=LINE('',#338,#5924);
#5922=LINE('',#334,#5925);
#5923=VECTOR('',#5926,1.0);
#5924=VECTOR('',#5927,1.0);
#5925=VECTOR('',#5928,1.0);
#5926=DIRECTION('',(-0.4376922440113011,0.8991248520268761,0));
#5927=DIRECTION('',(0.13052496473531194,-0.991445022974469,0));
#5928=DIRECTION('',(0.46829384749596004,-0.8835727883980077,0));
#5929=FACE_SURFACE('',(#5934),#5930,.T.);
#5930=PLANE('',#5931);
#5931=AXIS2_PLACEMENT_3D('',#454,#5932,#5933);
#5932=DIRECTION('',(0,0,1));
#5933=DIRECTION('',(-0.46829384749596004,0.8835727883980077,0));
#5934=FACE_BOUND('',#5935,.T.);
#5935=EDGE_LOOP('',(#5936,#5937,#5938));
#5936=ORIENTED_EDGE('',*,*,#5939,.T.);
#5937=ORIENTED_EDGE('',*,*,#5940,.T.);
#5938=ORIENTED_EDGE('',*,*,#5941,.T.);
#5939=EDGE_CURVE('',#455,#335,#5942,.F.);
#5940=EDGE_CURVE('',#335,#331,#5943,.T.);
#5941=EDGE_CURVE('',#331,#455,#5944,.T.);
#5942=LINE('',#454,#5945);
#5943=LINE('',#334,#5946);
#5944=LINE('',#330,#5947);
#5945=VECTOR('',#5948,1.0);
#5946=VECTOR('',#5949,1.0);
#5947=VECTOR('',#5950,1.0);
#5948=DIRECTION('',(-0.46829384749596004,0.8835727883980077,0));
#5949=DIRECTION('',(-0.13052818353007217,-0.9914445992108384,0));
#5950=DIRECTION('',(0.5279407505518197,-0.8492812042585077,0));
#5951=FACE_SURFACE('',(#5956),#5952,.T.);
#5952=PLANE('',#5953);
#5953=AXIS2_PLACEMENT_3D('',#446,#5954,#5955);
#5954=DIRECTION('',(-0,0,1));
#5955=DIRECTION('',(0.8991246240543419,-0.43769271232125684,0));
#5956=FACE_BOUND('',#5957,.T.);
#5957=EDGE_LOOP('',(#5958,#5959,#5960));
#5958=ORIENTED_EDGE('',*,*,#5961,.T.);
#5959=ORIENTED_EDGE('',*,*,#5962,.T.);
#5960=ORIENTED_EDGE('',*,*,#5963,.T.);
#5961=EDGE_CURVE('',#447,#67,#5964,.F.);
#5962=EDGE_CURVE('',#67,#445,#5965,.T.);
#5963=EDGE_CURVE('',#445,#447,#5966,.T.);
#5964=LINE('',#446,#5967);
#5965=LINE('',#66,#5968);
#5966=LINE('',#444,#5969);
#5967=VECTOR('',#5970,1.0);
#5968=VECTOR('',#5971,1.0);
#5969=VECTOR('',#5972,1.0);
#5970=DIRECTION('',(0.8991246240543419,-0.43769271232125684,0));
#5971=DIRECTION('',(-0.09924455960399936,0.9950630720657904,0));
#5972=DIRECTION('',(0,-1,0));
#5973=FACE_SURFACE('',(#5978),#5974,.T.);
#5974=PLANE('',#5975);
#5975=AXIS2_PLACEMENT_3D('',#444,#5976,#5977);
#5976=DIRECTION('',(-0,0,1));
#5977=DIRECTION('',(0.09924455960399936,-0.9950630720657904,0));
#5978=FACE_BOUND('',#5979,.T.);
#5979=EDGE_LOOP('',(#5980,#5981,#5982));
#5980=ORIENTED_EDGE('',*,*,#5983,.T.);
#5981=ORIENTED_EDGE('',*,*,#5984,.T.);
#5982=ORIENTED_EDGE('',*,*,#5985,.T.);
#5983=EDGE_CURVE('',#445,#67,#5986,.F.);
#5984=EDGE_CURVE('',#67,#219,#5987,.T.);
#5985=EDGE_CURVE('',#219,#445,#5988,.T.);
#5986=LINE('',#444,#5989);
#5987=LINE('',#66,#5990);
#5988=LINE('',#218,#5991);
#5989=VECTOR('',#5992,1.0);
#5990=VECTOR('',#5993,1.0);
#5991=VECTOR('',#5994,1.0);
#5992=DIRECTION('',(0.09924455960399936,-0.9950630720657904,0));
#5993=DIRECTION('',(0,1,0));
#5994=DIRECTION('',(-0.8991236613232358,-0.4376946899937205,0));
#5995=FACE_SURFACE('',(#6000),#5996,.T.);
#5996=PLANE('',#5997);
#5997=AXIS2_PLACEMENT_3D('',#444,#5998,#5999);
#5998=DIRECTION('',(0,0,1));
#5999=DIRECTION('',(0.8991236613232358,0.4376946899937205,0));
#6000=FACE_BOUND('',#6001,.T.);
#6001=EDGE_LOOP('',(#6002,#6003,#6004));
#6002=ORIENTED_EDGE('',*,*,#6005,.T.);
#6003=ORIENTED_EDGE('',*,*,#6006,.T.);
#6004=ORIENTED_EDGE('',*,*,#6007,.T.);
#6005=EDGE_CURVE('',#445,#219,#6008,.F.);
#6006=EDGE_CURVE('',#219,#215,#6009,.T.);
#6007=EDGE_CURVE('',#215,#445,#6010,.T.);
#6008=LINE('',#444,#6011);
#6009=LINE('',#218,#6012);
#6010=LINE('',#214,#6013);
#6011=VECTOR('',#6014,1.0);
#6012=VECTOR('',#6015,1.0);
#6013=VECTOR('',#6016,1.0);
#6014=DIRECTION('',(0.8991236613232358,0.4376946899937205,0));
#6015=DIRECTION('',(-0.9914437944742878,-0.13053429587057355,0));
#6016=DIRECTION('',(-0.8835722305403488,-0.4682949000554594,0));
#6017=FACE_SURFACE('',(#6022),#6018,.T.);
#6018=PLANE('',#6019);
#6019=AXIS2_PLACEMENT_3D('',#330,#6020,#6021);
#6020=DIRECTION('',(0,0,1));
#6021=DIRECTION('',(-0.3826824014013807,-0.9238799595497634,0));
#6022=FACE_BOUND('',#6023,.T.);
#6023=EDGE_LOOP('',(#6024,#6025,#6026));
#6024=ORIENTED_EDGE('',*,*,#6027,.T.);
#6025=ORIENTED_EDGE('',*,*,#6028,.T.);
#6026=ORIENTED_EDGE('',*,*,#6029,.T.);
#6027=EDGE_CURVE('',#331,#423,#6030,.F.);
#6028=EDGE_CURVE('',#423,#455,#6031,.T.);
#6029=EDGE_CURVE('',#455,#331,#6032,.T.);
#6030=LINE('',#330,#6033);
#6031=LINE('',#422,#6034);
#6032=LINE('',#454,#6035);
#6033=VECTOR('',#6036,1.0);
#6034=VECTOR('',#6037,1.0);
#6035=VECTOR('',#6038,1.0);
#6036=DIRECTION('',(-0.3826824014013807,-0.9238799595497634,0));
#6037=DIRECTION('',(0.6126304630394471,-0.790369480531778,0));
#6038=DIRECTION('',(-0.5279407505518197,0.8492812042585077,0));
#6039=FACE_SURFACE('',(#6044),#6040,.T.);
#6040=PLANE('',#6041);
#6041=AXIS2_PLACEMENT_3D('',#454,#6042,#6043);
#6042=DIRECTION('',(0,0,1));
#6043=DIRECTION('',(-0.6126304630394471,0.790369480531778,0));
#6044=FACE_BOUND('',#6045,.T.);
#6045=EDGE_LOOP('',(#6046,#6047,#6048));
#6046=ORIENTED_EDGE('',*,*,#6049,.T.);
#6047=ORIENTED_EDGE('',*,*,#6050,.T.);
#6048=ORIENTED_EDGE('',*,*,#6051,.T.);
#6049=EDGE_CURVE('',#455,#423,#6052,.F.);
#6050=EDGE_CURVE('',#423,#419,#6053,.T.);
#6051=EDGE_CURVE('',#419,#455,#6054,.T.);
#6052=LINE('',#454,#6055);
#6053=LINE('',#422,#6056);
#6054=LINE('',#418,#6057);
#6055=VECTOR('',#6058,1.0);
#6056=VECTOR('',#6059,1.0);
#6057=VECTOR('',#6060,1.0);
#6058=DIRECTION('',(-0.6126304630394471,0.790369480531778,0));
#6059=DIRECTION('',(-0.6087547140025935,-0.7933584928515107,0));
#6060=DIRECTION('',(0.7071063771787434,-0.707107185194121,0));
#6061=FACE_SURFACE('',(#6066),#6062,.T.);
#6062=PLANE('',#6063);
#6063=AXIS2_PLACEMENT_3D('',#454,#6064,#6065);
#6064=DIRECTION('',(0,0,1));
#6065=DIRECTION('',(-0.7071063771787434,0.707107185194121,0));
#6066=FACE_BOUND('',#6067,.T.);
#6067=EDGE_LOOP('',(#6068,#6069,#6070));
#6068=ORIENTED_EDGE('',*,*,#6071,.T.);
#6069=ORIENTED_EDGE('',*,*,#6072,.T.);
#6070=ORIENTED_EDGE('',*,*,#6073,.T.);
#6071=EDGE_CURVE('',#455,#419,#6074,.F.);
#6072=EDGE_CURVE('',#419,#415,#6075,.T.);
#6073=EDGE_CURVE('',#415,#455,#6076,.T.);
#6074=LINE('',#454,#6077);
#6075=LINE('',#418,#6078);
#6076=LINE('',#414,#6079);
#6077=VECTOR('',#6080,1.0);
#6078=VECTOR('',#6081,1.0);
#6079=VECTOR('',#6082,1.0);
#6080=DIRECTION('',(-0.7071063771787434,0.707107185194121,0));
#6081=DIRECTION('',(-0.7933538841270593,-0.6087607202674205,0));
#6082=DIRECTION('',(0.7903682113446631,-0.6126321004451513,0));
#6083=FACE_SURFACE('',(#6088),#6084,.T.);
#6084=PLANE('',#6085);
#6085=AXIS2_PLACEMENT_3D('',#414,#6086,#6087);
#6086=DIRECTION('',(0,0,1));
#6087=DIRECTION('',(-0.9238852670335114,-0.38266958771036086,0));
#6088=FACE_BOUND('',#6089,.T.);
#6089=EDGE_LOOP('',(#6090,#6091,#6092));
#6090=ORIENTED_EDGE('',*,*,#6093,.T.);
#6091=ORIENTED_EDGE('',*,*,#6094,.T.);
#6092=ORIENTED_EDGE('',*,*,#6095,.T.);
#6093=EDGE_CURVE('',#415,#411,#6096,.F.);
#6094=EDGE_CURVE('',#411,#455,#6097,.T.);
#6095=EDGE_CURVE('',#455,#415,#6098,.T.);
#6096=LINE('',#414,#6099);
#6097=LINE('',#410,#6100);
#6098=LINE('',#454,#6101);
#6099=VECTOR('',#6102,1.0);
#6100=VECTOR('',#6103,1.0);
#6101=VECTOR('',#6104,1.0);
#6102=DIRECTION('',(-0.9238852670335114,-0.38266958771036086,0));
#6103=DIRECTION('',(0.8492798007716195,-0.5279430082890749,0));
#6104=DIRECTION('',(-0.7903682113446631,0.6126321004451513,0));
#6105=FACE_SURFACE('',(#6110),#6106,.T.);
#6106=PLANE('',#6107);
#6107=AXIS2_PLACEMENT_3D('',#454,#6108,#6109);
#6108=DIRECTION('',(0,0,1));
#6109=DIRECTION('',(-0.8492798007716195,0.5279430082890749,0));
#6110=FACE_BOUND('',#6111,.T.);
#6111=EDGE_LOOP('',(#6112,#6113,#6114));
#6112=ORIENTED_EDGE('',*,*,#6115,.T.);
#6113=ORIENTED_EDGE('',*,*,#6116,.T.);
#6114=ORIENTED_EDGE('',*,*,#6117,.T.);
#6115=EDGE_CURVE('',#455,#411,#6118,.F.);
#6116=EDGE_CURVE('',#411,#407,#6119,.T.);
#6117=EDGE_CURVE('',#407,#455,#6120,.T.);
#6118=LINE('',#454,#6121);
#6119=LINE('',#410,#6122);
#6120=LINE('',#406,#6123);
#6121=VECTOR('',#6124,1.0);
#6122=VECTOR('',#6125,1.0);
#6123=VECTOR('',#6126,1.0);
#6124=DIRECTION('',(-0.8492798007716195,0.5279430082890749,0));
#6125=DIRECTION('',(-0.9914440063796945,-0.13053268638076884,0));
#6126=DIRECTION('',(0.8835722305403488,-0.4682949000554594,0));
#6127=FACE_SURFACE('',(#6132),#6128,.T.);
#6128=PLANE('',#6129);
#6129=AXIS2_PLACEMENT_3D('',#454,#6130,#6131);
#6130=DIRECTION('',(0,0,1));
#6131=DIRECTION('',(-0.8835722305403488,0.4682949000554594,0));
#6132=FACE_BOUND('',#6133,.T.);
#6133=EDGE_LOOP('',(#6134,#6135,#6136));
#6134=ORIENTED_EDGE('',*,*,#6137,.T.);
#6135=ORIENTED_EDGE('',*,*,#6138,.T.);
#6136=ORIENTED_EDGE('',*,*,#6139,.T.);
#6137=EDGE_CURVE('',#455,#407,#6140,.F.);
#6138=EDGE_CURVE('',#407,#403,#6141,.T.);
#6139=EDGE_CURVE('',#403,#455,#6142,.T.);
#6140=LINE('',#454,#6143);
#6141=LINE('',#406,#6144);
#6142=LINE('',#402,#6145);
#6143=VECTOR('',#6146,1.0);
#6144=VECTOR('',#6147,1.0);
#6145=VECTOR('',#6148,1.0);
#6146=DIRECTION('',(-0.8835722305403488,0.4682949000554594,0));
#6147=DIRECTION('',(-0.9914441123294586,0.13053188165062118,0));
#6148=DIRECTION('',(0.8991240128169479,-0.43769396794558285,0));
#6149=FACE_SURFACE('',(#6154),#6150,.T.);
#6150=PLANE('',#6151);
#6151=AXIS2_PLACEMENT_3D('',#398,#6152,#6153);
#6152=DIRECTION('',(0,0,1));
#6153=DIRECTION('',(0,-1,0));
#6154=FACE_BOUND('',#6155,.T.);
#6155=EDGE_LOOP('',(#6156,#6157,#6158));
#6156=ORIENTED_EDGE('',*,*,#6159,.T.);
#6157=ORIENTED_EDGE('',*,*,#6160,.T.);
#6158=ORIENTED_EDGE('',*,*,#6161,.T.);
#6159=EDGE_CURVE('',#399,#271,#6162,.F.);
#6160=EDGE_CURVE('',#271,#403,#6163,.T.);
#6161=EDGE_CURVE('',#403,#399,#6164,.T.);
#6162=LINE('',#398,#6165);
#6163=LINE('',#270,#6166);
#6164=LINE('',#402,#6167);
#6165=VECTOR('',#6168,1.0);
#6166=VECTOR('',#6169,1.0);
#6167=VECTOR('',#6170,1.0);
#6168=DIRECTION('',(0,-1,0));
#6169=DIRECTION('',(0.00957424135164835,0.9999541659008879,0));
#6170=DIRECTION('',(-0.9238843564535347,0.3826717861306707,0));
#6171=FACE_SURFACE('',(#6176),#6172,.T.);
#6172=PLANE('',#6173);
#6173=AXIS2_PLACEMENT_3D('',#402,#6174,#6175);
#6174=DIRECTION('',(0,0,1));
#6175=DIRECTION('',(-0.00957424135164835,-0.9999541659008879,0));
#6176=FACE_BOUND('',#6177,.T.);
#6177=EDGE_LOOP('',(#6178,#6179,#6180));
#6178=ORIENTED_EDGE('',*,*,#6181,.T.);
#6179=ORIENTED_EDGE('',*,*,#6182,.T.);
#6180=ORIENTED_EDGE('',*,*,#6183,.T.);
#6181=EDGE_CURVE('',#403,#271,#6184,.F.);
#6182=EDGE_CURVE('',#271,#267,#6185,.T.);
#6183=EDGE_CURVE('',#267,#403,#6186,.T.);
#6184=LINE('',#402,#6187);
#6185=LINE('',#270,#6188);
#6186=LINE('',#266,#6189);
#6187=VECTOR('',#6190,1.0);
#6188=VECTOR('',#6191,1.0);
#6189=VECTOR('',#6192,1.0);
#6190=DIRECTION('',(-0.00957424135164835,-0.9999541659008879,0));
#6191=DIRECTION('',(0.9238755625658776,0.3826930165205307,0));
#6192=DIRECTION('',(0,1,0));
#6193=FACE_SURFACE('',(#6198),#6194,.T.);
#6194=PLANE('',#6195);
#6195=AXIS2_PLACEMENT_3D('',#402,#6196,#6197);
#6196=DIRECTION('',(0,0,1));
#6197=DIRECTION('',(0,-1,0));
#6198=FACE_BOUND('',#6199,.T.);
#6199=EDGE_LOOP('',(#6200,#6201,#6202));
#6200=ORIENTED_EDGE('',*,*,#6203,.T.);
#6201=ORIENTED_EDGE('',*,*,#6204,.T.);
#6202=ORIENTED_EDGE('',*,*,#6205,.T.);
#6203=EDGE_CURVE('',#403,#267,#6206,.F.);
#6204=EDGE_CURVE('',#267,#455,#6207,.T.);
#6205=EDGE_CURVE('',#455,#403,#6208,.T.);
#6206=LINE('',#402,#6209);
#6207=LINE('',#266,#6210);
#6208=LINE('',#454,#6211);
#6209=VECTOR('',#6212,1.0);
#6210=VECTOR('',#6213,1.0);
#6211=VECTOR('',#6214,1.0);
#6212=DIRECTION('',(0,-1,0));
#6213=DIRECTION('',(0.0992447601271718,0.9950630520661995,0));
#6214=DIRECTION('',(-0.8991240128169479,0.43769396794558285,0));
#6215=FACE_SURFACE('',(#6220),#6216,.T.);
#6216=PLANE('',#6217);
#6217=AXIS2_PLACEMENT_3D('',#270,#6218,#6219);
#6218=DIRECTION('',(0,-0,1));
#6219=DIRECTION('',(0,1,0));
#6220=FACE_BOUND('',#6221,.T.);
#6221=EDGE_LOOP('',(#6222,#6223,#6224));
#6222=ORIENTED_EDGE('',*,*,#6225,.T.);
#6223=ORIENTED_EDGE('',*,*,#6226,.T.);
#6224=ORIENTED_EDGE('',*,*,#6227,.T.);
#6225=EDGE_CURVE('',#271,#399,#6228,.F.);
#6226=EDGE_CURVE('',#399,#275,#6229,.T.);
#6227=EDGE_CURVE('',#275,#271,#6230,.T.);
#6228=LINE('',#270,#6231);
#6229=LINE('',#398,#6232);
#6230=LINE('',#274,#6233);
#6231=VECTOR('',#6234,1.0);
#6232=VECTOR('',#6235,1.0);
#6233=VECTOR('',#6236,1.0);
#6234=DIRECTION('',(0,1,0));
#6235=DIRECTION('',(-0.008138132185653044,-0.999966884853958,0));
#6236=DIRECTION('',(0.7933538841270593,0.6087607202674205,0));
#6237=FACE_SURFACE('',(#6242),#6238,.T.);
#6238=PLANE('',#6239);
#6239=AXIS2_PLACEMENT_3D('',#274,#6240,#6241);
#6240=DIRECTION('',(0,0,1));
#6241=DIRECTION('',(0.008138132185653044,0.999966884853958,0));
#6242=FACE_BOUND('',#6243,.T.);
#6243=EDGE_LOOP('',(#6244,#6245,#6246));
#6244=ORIENTED_EDGE('',*,*,#6247,.T.);
#6245=ORIENTED_EDGE('',*,*,#6248,.T.);
#6246=ORIENTED_EDGE('',*,*,#6249,.T.);
#6247=EDGE_CURVE('',#275,#399,#6250,.F.);
#6248=EDGE_CURVE('',#399,#395,#6251,.T.);
#6249=EDGE_CURVE('',#395,#275,#6252,.T.);
#6250=LINE('',#274,#6253);
#6251=LINE('',#398,#6254);
#6252=LINE('',#394,#6255);
#6253=VECTOR('',#6256,1.0);
#6254=VECTOR('',#6257,1.0);
#6255=VECTOR('',#6258,1.0);
#6256=DIRECTION('',(0.008138132185653044,0.999966884853958,0));
#6257=DIRECTION('',(-0.7933538841270593,0.6087607202674205,0));
#6258=DIRECTION('',(0,-1,0));
#6259=FACE_SURFACE('',(#6264),#6260,.T.);
#6260=PLANE('',#6261);
#6261=AXIS2_PLACEMENT_3D('',#274,#6262,#6263);
#6262=DIRECTION('',(0,-0,1));
#6263=DIRECTION('',(0,1,0));
#6264=FACE_BOUND('',#6265,.T.);
#6265=EDGE_LOOP('',(#6266,#6267,#6268));
#6266=ORIENTED_EDGE('',*,*,#6269,.T.);
#6267=ORIENTED_EDGE('',*,*,#6270,.T.);
#6268=ORIENTED_EDGE('',*,*,#6271,.T.);
#6269=EDGE_CURVE('',#275,#395,#6272,.F.);
#6270=EDGE_CURVE('',#395,#279,#6273,.T.);
#6271=EDGE_CURVE('',#279,#275,#6274,.T.);
#6272=LINE('',#274,#6275);
#6273=LINE('',#394,#6276);
#6274=LINE('',#278,#6277);
#6275=VECTOR('',#6278,1.0);
#6276=VECTOR('',#6279,1.0);
#6277=VECTOR('',#6280,1.0);
#6278=DIRECTION('',(0,1,0));
#6279=DIRECTION('',(-0.006156141113736193,-0.9999810507837574,0));
#6280=DIRECTION('',(0.608766726615877,0.7933492752661906,0));
#6281=FACE_SURFACE('',(#6286),#6282,.T.);
#6282=PLANE('',#6283);
#6283=AXIS2_PLACEMENT_3D('',#278,#6284,#6285);
#6284=DIRECTION('',(0,0,1));
#6285=DIRECTION('',(0.006156141113736193,0.9999810507837574,0));
#6286=FACE_BOUND('',#6287,.T.);
#6287=EDGE_LOOP('',(#6288,#6289,#6290));
#6288=ORIENTED_EDGE('',*,*,#6291,.T.);
#6289=ORIENTED_EDGE('',*,*,#6292,.T.);
#6290=ORIENTED_EDGE('',*,*,#6293,.T.);
#6291=EDGE_CURVE('',#279,#395,#6294,.F.);
#6292=EDGE_CURVE('',#395,#391,#6295,.T.);
#6293=EDGE_CURVE('',#391,#279,#6296,.T.);
#6294=LINE('',#278,#6297);
#6295=LINE('',#394,#6298);
#6296=LINE('',#390,#6299);
#6297=VECTOR('',#6300,1.0);
#6298=VECTOR('',#6301,1.0);
#6299=VECTOR('',#6302,1.0);
#6300=DIRECTION('',(0.006156141113736193,0.9999810507837574,0));
#6301=DIRECTION('',(-0.6087547140025935,0.7933584928515107,0));
#6302=DIRECTION('',(0,-1,0));
#6303=FACE_SURFACE('',(#6308),#6304,.T.);
#6304=PLANE('',#6305);
#6305=AXIS2_PLACEMENT_3D('',#278,#6306,#6307);
#6306=DIRECTION('',(0,-0,1));
#6307=DIRECTION('',(0,1,0));
#6308=FACE_BOUND('',#6309,.T.);
#6309=EDGE_LOOP('',(#6310,#6311,#6312));
#6310=ORIENTED_EDGE('',*,*,#6313,.T.);
#6311=ORIENTED_EDGE('',*,*,#6314,.T.);
#6312=ORIENTED_EDGE('',*,*,#6315,.T.);
#6313=EDGE_CURVE('',#279,#391,#6316,.F.);
#6314=EDGE_CURVE('',#391,#463,#6317,.T.);
#6315=EDGE_CURVE('',#463,#279,#6318,.T.);
#6316=LINE('',#278,#6319);
#6317=LINE('',#390,#6320);
#6318=LINE('',#462,#6321);
#6319=VECTOR('',#6322,1.0);
#6320=VECTOR('',#6323,1.0);
#6321=VECTOR('',#6324,1.0);
#6322=DIRECTION('',(0,1,0));
#6323=DIRECTION('',(-0.043995083852273346,-0.9990317475420045,0));
#6324=DIRECTION('',(0.43283055006315385,0.9014752991247335,0));
#6325=FACE_SURFACE('',(#6330),#6326,.T.);
#6326=PLANE('',#6327);
#6327=AXIS2_PLACEMENT_3D('',#382,#6328,#6329);
#6328=DIRECTION('',(0,-0,1));
#6329=DIRECTION('',(0.13052496473531194,0.991445022974469,0));
#6330=FACE_BOUND('',#6331,.T.);
#6331=EDGE_LOOP('',(#6332,#6333,#6334));
#6332=ORIENTED_EDGE('',*,*,#6335,.T.);
#6333=ORIENTED_EDGE('',*,*,#6336,.T.);
#6334=ORIENTED_EDGE('',*,*,#6337,.T.);
#6335=EDGE_CURVE('',#383,#379,#6338,.F.);
#6336=EDGE_CURVE('',#379,#461,#6339,.T.);
#6337=EDGE_CURVE('',#461,#383,#6340,.T.);
#6338=LINE('',#382,#6341);
#6339=LINE('',#378,#6342);
#6340=LINE('',#460,#6343);
#6341=VECTOR('',#6344,1.0);
#6342=VECTOR('',#6345,1.0);
#6343=VECTOR('',#6346,1.0);
#6344=DIRECTION('',(0.13052496473531194,0.991445022974469,0));
#6345=DIRECTION('',(-0.5279415415005301,0.8492807125786174,0));
#6346=DIRECTION('',(0.4682933212154628,-0.8835730673266311,0));
#6347=FACE_SURFACE('',(#6352),#6348,.T.);
#6348=PLANE('',#6349);
#6349=AXIS2_PLACEMENT_3D('',#460,#6350,#6351);
#6350=DIRECTION('',(0,0,1));
#6351=DIRECTION('',(0.5279415415005301,-0.8492807125786174,0));
#6352=FACE_BOUND('',#6353,.T.);
#6353=EDGE_LOOP('',(#6354,#6355,#6356));
#6354=ORIENTED_EDGE('',*,*,#6357,.T.);
#6355=ORIENTED_EDGE('',*,*,#6358,.T.);
#6356=ORIENTED_EDGE('',*,*,#6359,.T.);
#6357=EDGE_CURVE('',#461,#379,#6360,.F.);
#6358=EDGE_CURVE('',#379,#375,#6361,.T.);
#6359=EDGE_CURVE('',#375,#461,#6362,.T.);
#6360=LINE('',#460,#6363);
#6361=LINE('',#378,#6364);
#6362=LINE('',#374,#6365);
#6363=VECTOR('',#6366,1.0);
#6364=VECTOR('',#6367,1.0);
#6365=VECTOR('',#6368,1.0);
#6366=DIRECTION('',(0.5279415415005301,-0.8492807125786174,0));
#6367=DIRECTION('',(0.3826877089799008,0.9238777610678345,0));
#6368=DIRECTION('',(-0.6126319897155699,0.7903682971736289,0));
#6369=FACE_SURFACE('',(#6374),#6370,.T.);
#6370=PLANE('',#6371);
#6371=AXIS2_PLACEMENT_3D('',#460,#6372,#6373);
#6372=DIRECTION('',(0,0,1));
#6373=DIRECTION('',(0.6126319897155699,-0.7903682971736289,0));
#6374=FACE_BOUND('',#6375,.T.);
#6375=EDGE_LOOP('',(#6376,#6377,#6378));
#6376=ORIENTED_EDGE('',*,*,#6379,.T.);
#6377=ORIENTED_EDGE('',*,*,#6380,.T.);
#6378=ORIENTED_EDGE('',*,*,#6381,.T.);
#6379=EDGE_CURVE('',#461,#375,#6382,.F.);
#6380=EDGE_CURVE('',#375,#371,#6383,.T.);
#6381=EDGE_CURVE('',#371,#461,#6384,.T.);
#6382=LINE('',#460,#6385);
#6383=LINE('',#374,#6386);
#6384=LINE('',#370,#6387);
#6385=VECTOR('',#6388,1.0);
#6386=VECTOR('',#6389,1.0);
#6387=VECTOR('',#6390,1.0);
#6388=DIRECTION('',(0.6126319897155699,-0.7903682971736289,0));
#6389=DIRECTION('',(0.6087547140025935,0.7933584928515107,0));
#6390=DIRECTION('',(-0.7071079932113452,0.7071055691596724,0));
#6391=FACE_SURFACE('',(#6396),#6392,.T.);
#6392=PLANE('',#6393);
#6393=AXIS2_PLACEMENT_3D('',#370,#6394,#6395);
#6394=DIRECTION('',(0,-0,1));
#6395=DIRECTION('',(0.7933538841270593,0.6087607202674205,0));
#6396=FACE_BOUND('',#6397,.T.);
#6397=EDGE_LOOP('',(#6398,#6399,#6400));
#6398=ORIENTED_EDGE('',*,*,#6401,.T.);
#6399=ORIENTED_EDGE('',*,*,#6402,.T.);
#6400=ORIENTED_EDGE('',*,*,#6403,.T.);
#6401=EDGE_CURVE('',#371,#367,#6404,.F.);
#6402=EDGE_CURVE('',#367,#461,#6405,.T.);
#6403=EDGE_CURVE('',#461,#371,#6406,.T.);
#6404=LINE('',#370,#6407);
#6405=LINE('',#366,#6408);
#6406=LINE('',#460,#6409);
#6407=VECTOR('',#6410,1.0);
#6408=VECTOR('',#6411,1.0);
#6409=VECTOR('',#6412,1.0);
#6410=DIRECTION('',(0.7933538841270593,0.6087607202674205,0));
#6411=DIRECTION('',(-0.7903697380223641,0.6126301308444269,0));
#6412=DIRECTION('',(0.7071079932113452,-0.7071055691596724,0));
#6413=FACE_SURFACE('',(#6418),#6414,.T.);
#6414=PLANE('',#6415);
#6415=AXIS2_PLACEMENT_3D('',#460,#6416,#6417);
#6416=DIRECTION('',(0,0,1));
#6417=DIRECTION('',(0.7903697380223641,-0.6126301308444269,0));
#6418=FACE_BOUND('',#6419,.T.);
#6419=EDGE_LOOP('',(#6420,#6421,#6422));
#6420=ORIENTED_EDGE('',*,*,#6423,.T.);
#6421=ORIENTED_EDGE('',*,*,#6424,.T.);
#6422=ORIENTED_EDGE('',*,*,#6425,.T.);
#6423=EDGE_CURVE('',#461,#367,#6426,.F.);
#6424=EDGE_CURVE('',#367,#363,#6427,.T.);
#6425=EDGE_CURVE('',#363,#461,#6428,.T.);
#6426=LINE('',#460,#6429);
#6427=LINE('',#366,#6430);
#6428=LINE('',#362,#6431);
#6429=VECTOR('',#6432,1.0);
#6430=VECTOR('',#6433,1.0);
#6431=VECTOR('',#6434,1.0);
#6432=DIRECTION('',(0.7903697380223641,-0.6126301308444269,0));
#6433=DIRECTION('',(0.9238843564535347,0.3826717861306707,0));
#6434=DIRECTION('',(-0.8492809181880687,0.5279412107438015,0));
#6435=FACE_SURFACE('',(#6440),#6436,.T.);
#6436=PLANE('',#6437);
#6437=AXIS2_PLACEMENT_3D('',#460,#6438,#6439);
#6438=DIRECTION('',(0,0,1));
#6439=DIRECTION('',(0.8492809181880687,-0.5279412107438015,0));
#6440=FACE_BOUND('',#6441,.T.);
#6441=EDGE_LOOP('',(#6442,#6443,#6444));
#6442=ORIENTED_EDGE('',*,*,#6445,.T.);
#6443=ORIENTED_EDGE('',*,*,#6446,.T.);
#6444=ORIENTED_EDGE('',*,*,#6447,.T.);
#6445=EDGE_CURVE('',#461,#363,#6448,.F.);
#6446=EDGE_CURVE('',#363,#359,#6449,.T.);
#6447=EDGE_CURVE('',#359,#461,#6450,.T.);
#6448=LINE('',#460,#6451);
#6449=LINE('',#362,#6452);
#6450=LINE('',#358,#6453);
#6451=VECTOR('',#6454,1.0);
#6452=VECTOR('',#6455,1.0);
#6453=VECTOR('',#6456,1.0);
#6454=DIRECTION('',(0.8492809181880687,-0.5279412107438015,0));
#6455=DIRECTION('',(0.9914441123294586,0.13053188165062118,0));
#6456=DIRECTION('',(-0.8835733462551171,0.4682927949344671,0));
#6457=FACE_SURFACE('',(#6462),#6458,.T.);
#6458=PLANE('',#6459);
#6459=AXIS2_PLACEMENT_3D('',#358,#6460,#6461);
#6460=DIRECTION('',(-0,-0,1));
#6461=DIRECTION('',(0.9914440063796945,-0.13053268638076884,0));
#6462=FACE_BOUND('',#6463,.T.);
#6463=EDGE_LOOP('',(#6464,#6465,#6466));
#6464=ORIENTED_EDGE('',*,*,#6467,.T.);
#6465=ORIENTED_EDGE('',*,*,#6468,.T.);
#6466=ORIENTED_EDGE('',*,*,#6469,.T.);
#6467=EDGE_CURVE('',#359,#355,#6470,.F.);
#6468=EDGE_CURVE('',#355,#461,#6471,.T.);
#6469=EDGE_CURVE('',#461,#359,#6472,.T.);
#6470=LINE('',#358,#6473);
#6471=LINE('',#354,#6474);
#6472=LINE('',#460,#6475);
#6473=VECTOR('',#6476,1.0);
#6474=VECTOR('',#6477,1.0);
#6475=VECTOR('',#6478,1.0);
#6476=DIRECTION('',(0.9914440063796945,-0.13053268638076884,0));
#6477=DIRECTION('',(-0.8991248583818099,0.4376922309567426,0));
#6478=DIRECTION('',(0.8835733462551171,-0.4682927949344671,0));
#6479=FACE_SURFACE('',(#6484),#6480,.T.);
#6480=PLANE('',#6481);
#6481=AXIS2_PLACEMENT_3D('',#460,#6482,#6483);
#6482=DIRECTION('',(0,0,1));
#6483=DIRECTION('',(0.8991248583818099,-0.4376922309567426,0));
#6484=FACE_BOUND('',#6485,.T.);
#6485=EDGE_LOOP('',(#6486,#6487,#6488));
#6486=ORIENTED_EDGE('',*,*,#6489,.T.);
#6487=ORIENTED_EDGE('',*,*,#6490,.T.);
#6488=ORIENTED_EDGE('',*,*,#6491,.T.);
#6489=EDGE_CURVE('',#461,#355,#6492,.F.);
#6490=EDGE_CURVE('',#355,#351,#6493,.T.);
#6491=EDGE_CURVE('',#351,#461,#6494,.T.);
#6492=LINE('',#460,#6495);
#6493=LINE('',#354,#6496);
#6494=LINE('',#350,#6497);
#6495=VECTOR('',#6498,1.0);
#6496=VECTOR('',#6499,1.0);
#6497=VECTOR('',#6500,1.0);
#6498=DIRECTION('',(0.8991248583818099,-0.4376922309567426,0));
#6499=DIRECTION('',(0.9238852670335114,-0.38266958771036086,0));
#6500=DIRECTION('',(-0.9014758466769859,0.4328294096500508,0));
#6501=FACE_SURFACE('',(#6506),#6502,.T.);
#6502=PLANE('',#6503);
#6503=AXIS2_PLACEMENT_3D('',#460,#6504,#6505);
#6504=DIRECTION('',(0,0,1));
#6505=DIRECTION('',(0.9014758466769859,-0.4328294096500508,0));
#6506=FACE_BOUND('',#6507,.T.);
#6507=EDGE_LOOP('',(#6508,#6509,#6510));
#6508=ORIENTED_EDGE('',*,*,#6511,.T.);
#6509=ORIENTED_EDGE('',*,*,#6512,.T.);
#6510=ORIENTED_EDGE('',*,*,#6513,.T.);
#6511=EDGE_CURVE('',#461,#351,#6514,.F.);
#6512=EDGE_CURVE('',#351,#175,#6515,.T.);
#6513=EDGE_CURVE('',#175,#461,#6516,.T.);
#6514=LINE('',#460,#6517);
#6515=LINE('',#350,#6518);
#6516=LINE('',#174,#6519);
#6517=VECTOR('',#6520,1.0);
#6518=VECTOR('',#6521,1.0);
#6519=VECTOR('',#6522,1.0);
#6520=DIRECTION('',(0.9014758466769859,-0.4328294096500508,0));
#6521=DIRECTION('',(1,0,0));
#6522=DIRECTION('',(-0.9995538958463767,0.029866524711301867,0));
#6523=FACE_SURFACE('',(#6528),#6524,.T.);
#6524=PLANE('',#6525);
#6525=AXIS2_PLACEMENT_3D('',#174,#6526,#6527);
#6526=DIRECTION('',(0,0,1));
#6527=DIRECTION('',(-1,0,0));
#6528=FACE_BOUND('',#6529,.T.);
#6529=EDGE_LOOP('',(#6530,#6531,#6532));
#6530=ORIENTED_EDGE('',*,*,#6533,.T.);
#6531=ORIENTED_EDGE('',*,*,#6534,.T.);
#6532=ORIENTED_EDGE('',*,*,#6535,.T.);
#6533=EDGE_CURVE('',#175,#351,#6536,.F.);
#6534=EDGE_CURVE('',#351,#179,#6537,.T.);
#6535=EDGE_CURVE('',#179,#175,#6538,.T.);
#6536=LINE('',#174,#6539);
#6537=LINE('',#350,#6540);
#6538=LINE('',#178,#6541);
#6539=VECTOR('',#6542,1.0);
#6540=VECTOR('',#6543,1.0);
#6541=VECTOR('',#6544,1.0);
#6542=DIRECTION('',(-1,0,0));
#6543=DIRECTION('',(0.9999918609721008,-0.004034599057493862,0));
#6544=DIRECTION('',(0.7933492752661906,0.608766726615877,0));
#6545=FACE_SURFACE('',(#6550),#6546,.T.);
#6546=PLANE('',#6547);
#6547=AXIS2_PLACEMENT_3D('',#178,#6548,#6549);
#6548=DIRECTION('',(0,0,1));
#6549=DIRECTION('',(-0.9999918609721008,0.004034599057493862,0));
#6550=FACE_BOUND('',#6551,.T.);
#6551=EDGE_LOOP('',(#6552,#6553,#6554));
#6552=ORIENTED_EDGE('',*,*,#6555,.T.);
#6553=ORIENTED_EDGE('',*,*,#6556,.T.);
#6554=ORIENTED_EDGE('',*,*,#6557,.T.);
#6555=EDGE_CURVE('',#179,#351,#6558,.F.);
#6556=EDGE_CURVE('',#351,#347,#6559,.T.);
#6557=EDGE_CURVE('',#347,#179,#6560,.T.);
#6558=LINE('',#178,#6561);
#6559=LINE('',#350,#6562);
#6560=LINE('',#346,#6563);
#6561=VECTOR('',#6564,1.0);
#6562=VECTOR('',#6565,1.0);
#6563=VECTOR('',#6566,1.0);
#6564=DIRECTION('',(-0.9999918609721008,0.004034599057493862,0));
#6565=DIRECTION('',(0.7933538841270593,-0.6087607202674205,0));
#6566=DIRECTION('',(1,0,0));
#6567=FACE_SURFACE('',(#6572),#6568,.T.);
#6568=PLANE('',#6569);
#6569=AXIS2_PLACEMENT_3D('',#178,#6570,#6571);
#6570=DIRECTION('',(0,0,1));
#6571=DIRECTION('',(-1,0,0));
#6572=FACE_BOUND('',#6573,.T.);
#6573=EDGE_LOOP('',(#6574,#6575,#6576));
#6574=ORIENTED_EDGE('',*,*,#6577,.T.);
#6575=ORIENTED_EDGE('',*,*,#6578,.T.);
#6576=ORIENTED_EDGE('',*,*,#6579,.T.);
#6577=EDGE_CURVE('',#179,#347,#6580,.F.);
#6578=EDGE_CURVE('',#347,#183,#6581,.T.);
#6579=EDGE_CURVE('',#183,#179,#6582,.T.);
#6580=LINE('',#178,#6583);
#6581=LINE('',#346,#6584);
#6582=LINE('',#182,#6585);
#6583=VECTOR('',#6586,1.0);
#6584=VECTOR('',#6587,1.0);
#6585=VECTOR('',#6588,1.0);
#6586=DIRECTION('',(-1,0,0));
#6587=DIRECTION('',(0.9999859157996922,-0.005307372443207828,0));
#6588=DIRECTION('',(0.6087547140025935,0.7933584928515107,0));
#6589=FACE_SURFACE('',(#6594),#6590,.T.);
#6590=PLANE('',#6591);
#6591=AXIS2_PLACEMENT_3D('',#182,#6592,#6593);
#6592=DIRECTION('',(0,0,1));
#6593=DIRECTION('',(-0.9999859157996922,0.005307372443207828,0));
#6594=FACE_BOUND('',#6595,.T.);
#6595=EDGE_LOOP('',(#6596,#6597,#6598));
#6596=ORIENTED_EDGE('',*,*,#6599,.T.);
#6597=ORIENTED_EDGE('',*,*,#6600,.T.);
#6598=ORIENTED_EDGE('',*,*,#6601,.T.);
#6599=EDGE_CURVE('',#183,#347,#6602,.F.);
#6600=EDGE_CURVE('',#347,#343,#6603,.T.);
#6601=EDGE_CURVE('',#343,#183,#6604,.T.);
#6602=LINE('',#182,#6605);
#6603=LINE('',#346,#6606);
#6604=LINE('',#342,#6607);
#6605=VECTOR('',#6608,1.0);
#6606=VECTOR('',#6609,1.0);
#6607=VECTOR('',#6610,1.0);
#6608=DIRECTION('',(-0.9999859157996922,0.005307372443207828,0));
#6609=DIRECTION('',(0.6087547140025935,-0.7933584928515107,0));
#6610=DIRECTION('',(1,0,0));
#6611=FACE_SURFACE('',(#6616),#6612,.T.);
#6612=PLANE('',#6613);
#6613=AXIS2_PLACEMENT_3D('',#182,#6614,#6615);
#6614=DIRECTION('',(0,0,1));
#6615=DIRECTION('',(-1,0,0));
#6616=FACE_BOUND('',#6617,.T.);
#6617=EDGE_LOOP('',(#6618,#6619,#6620));
#6618=ORIENTED_EDGE('',*,*,#6621,.T.);
#6619=ORIENTED_EDGE('',*,*,#6622,.T.);
#6620=ORIENTED_EDGE('',*,*,#6623,.T.);
#6621=EDGE_CURVE('',#183,#343,#6624,.F.);
#6622=EDGE_CURVE('',#343,#187,#6625,.T.);
#6623=EDGE_CURVE('',#187,#183,#6626,.T.);
#6624=LINE('',#182,#6627);
#6625=LINE('',#342,#6628);
#6626=LINE('',#186,#6629);
#6627=VECTOR('',#6630,1.0);
#6628=VECTOR('',#6631,1.0);
#6629=VECTOR('',#6632,1.0);
#6630=DIRECTION('',(-1,0,0));
#6631=DIRECTION('',(0.9999806452921436,-0.006221659031817882,0));
#6632=DIRECTION('',(0.3826930165205307,0.9238755625658776,0));
#6633=FACE_SURFACE('',(#6638),#6634,.T.);
#6634=PLANE('',#6635);
#6635=AXIS2_PLACEMENT_3D('',#186,#6636,#6637);
#6636=DIRECTION('',(0,0,1));
#6637=DIRECTION('',(-0.9999806452921436,0.006221659031817882,0));
#6638=FACE_BOUND('',#6639,.T.);
#6639=EDGE_LOOP('',(#6640,#6641,#6642));
#6640=ORIENTED_EDGE('',*,*,#6643,.T.);
#6641=ORIENTED_EDGE('',*,*,#6644,.T.);
#6642=ORIENTED_EDGE('',*,*,#6645,.T.);
#6643=EDGE_CURVE('',#187,#343,#6646,.F.);
#6644=EDGE_CURVE('',#343,#339,#6647,.T.);
#6645=EDGE_CURVE('',#339,#187,#6648,.T.);
#6646=LINE('',#186,#6649);
#6647=LINE('',#342,#6650);
#6648=LINE('',#338,#6651);
#6649=VECTOR('',#6652,1.0);
#6650=VECTOR('',#6653,1.0);
#6651=VECTOR('',#6654,1.0);
#6652=DIRECTION('',(-0.9999806452921436,0.006221659031817882,0));
#6653=DIRECTION('',(0.3826824014013807,-0.9238799595497634,0));
#6654=DIRECTION('',(1,0,0));
#6655=FACE_SURFACE('',(#6660),#6656,.T.);
#6656=PLANE('',#6657);
#6657=AXIS2_PLACEMENT_3D('',#186,#6658,#6659);
#6658=DIRECTION('',(0,0,1));
#6659=DIRECTION('',(-1,0,0));
#6660=FACE_BOUND('',#6661,.T.);
#6661=EDGE_LOOP('',(#6662,#6663,#6664));
#6662=ORIENTED_EDGE('',*,*,#6665,.T.);
#6663=ORIENTED_EDGE('',*,*,#6666,.T.);
#6664=ORIENTED_EDGE('',*,*,#6667,.T.);
#6665=EDGE_CURVE('',#187,#339,#6668,.F.);
#6666=EDGE_CURVE('',#339,#445,#6669,.T.);
#6667=EDGE_CURVE('',#445,#187,#6670,.T.);
#6668=LINE('',#186,#6671);
#6669=LINE('',#338,#6672);
#6670=LINE('',#444,#6673);
#6671=VECTOR('',#6674,1.0);
#6672=VECTOR('',#6675,1.0);
#6673=VECTOR('',#6676,1.0);
#6674=DIRECTION('',(-1,0,0));
#6675=DIRECTION('',(0.9979813693890645,-0.06350737242500064,0));
#6676=DIRECTION('',(0.4376917495931617,0.8991250927085047,0));
#6677=FACE_SURFACE('',(#6682),#6678,.T.);
#6678=PLANE('',#6679);
#6679=AXIS2_PLACEMENT_3D('',#242,#6680,#6681);
#6680=DIRECTION('',(-0,0,1));
#6681=DIRECTION('',(0.13052657411302013,-0.9914448110965726,0));
#6682=FACE_BOUND('',#6683,.T.);
#6683=EDGE_LOOP('',(#6684,#6685,#6686));
#6684=ORIENTED_EDGE('',*,*,#6687,.T.);
#6685=ORIENTED_EDGE('',*,*,#6688,.T.);
#6686=ORIENTED_EDGE('',*,*,#6689,.T.);
#6687=EDGE_CURVE('',#243,#239,#6690,.F.);
#6688=EDGE_CURVE('',#239,#451,#6691,.T.);
#6689=EDGE_CURVE('',#451,#243,#6692,.T.);
#6690=LINE('',#242,#6693);
#6691=LINE('',#238,#6694);
#6692=LINE('',#450,#6695);
#6693=VECTOR('',#6696,1.0);
#6694=VECTOR('',#6697,1.0);
#6695=VECTOR('',#6698,1.0);
#6696=DIRECTION('',(0.13052657411302013,-0.9914448110965726,0));
#6697=DIRECTION('',(0.46829384749596004,0.8835727883980077,0));
#6698=DIRECTION('',(-0.5279414120637566,-0.8492807930408687,0));
#6699=FACE_SURFACE('',(#6704),#6700,.T.);
#6700=PLANE('',#6701);
#6701=AXIS2_PLACEMENT_3D('',#450,#6702,#6703);
#6702=DIRECTION('',(0,0,1));
#6703=DIRECTION('',(-0.46829384749596004,-0.8835727883980077,0));
#6704=FACE_BOUND('',#6705,.T.);
#6705=EDGE_LOOP('',(#6706,#6707,#6708));
#6706=ORIENTED_EDGE('',*,*,#6709,.T.);
#6707=ORIENTED_EDGE('',*,*,#6710,.T.);
#6708=ORIENTED_EDGE('',*,*,#6711,.T.);
#6709=EDGE_CURVE('',#451,#239,#6712,.F.);
#6710=EDGE_CURVE('',#239,#235,#6713,.T.);
#6711=EDGE_CURVE('',#235,#451,#6714,.T.);
#6712=LINE('',#450,#6715);
#6713=LINE('',#238,#6716);
#6714=LINE('',#234,#6717);
#6715=VECTOR('',#6718,1.0);
#6716=VECTOR('',#6719,1.0);
#6717=VECTOR('',#6720,1.0);
#6718=DIRECTION('',(-0.46829384749596004,-0.8835727883980077,0));
#6719=DIRECTION('',(-0.13052657411302013,-0.9914448110965726,0));
#6720=DIRECTION('',(0.437692725375168,0.8991246176997145,0));
#6721=FACE_SURFACE('',(#6726),#6722,.T.);
#6722=PLANE('',#6723);
#6723=AXIS2_PLACEMENT_3D('',#450,#6724,#6725);
#6724=DIRECTION('',(0,0,1));
#6725=DIRECTION('',(-0.437692725375168,-0.8991246176997145,0));
#6726=FACE_BOUND('',#6727,.T.);
#6727=EDGE_LOOP('',(#6728,#6729,#6730));
#6728=ORIENTED_EDGE('',*,*,#6731,.T.);
#6729=ORIENTED_EDGE('',*,*,#6732,.T.);
#6730=ORIENTED_EDGE('',*,*,#6733,.T.);
#6731=EDGE_CURVE('',#451,#235,#6734,.F.);
#6732=EDGE_CURVE('',#235,#99,#6735,.T.);
#6733=EDGE_CURVE('',#99,#451,#6736,.T.);
#6734=LINE('',#450,#6737);
#6735=LINE('',#234,#6738);
#6736=LINE('',#98,#6739);
#6737=VECTOR('',#6740,1.0);
#6738=VECTOR('',#6741,1.0);
#6739=VECTOR('',#6742,1.0);
#6740=DIRECTION('',(-0.437692725375168,-0.8991246176997145,0));
#6741=DIRECTION('',(1,0,0));
#6742=DIRECTION('',(-0.9979813746904783,0.06350728911631388,0));
#6743=FACE_SURFACE('',(#6748),#6744,.T.);
#6744=PLANE('',#6745);
#6745=AXIS2_PLACEMENT_3D('',#98,#6746,#6747);
#6746=DIRECTION('',(0,0,1));
#6747=DIRECTION('',(-1,0,0));
#6748=FACE_BOUND('',#6749,.T.);
#6749=EDGE_LOOP('',(#6750,#6751,#6752));
#6750=ORIENTED_EDGE('',*,*,#6753,.T.);
#6751=ORIENTED_EDGE('',*,*,#6754,.T.);
#6752=ORIENTED_EDGE('',*,*,#6755,.T.);
#6753=EDGE_CURVE('',#99,#235,#6756,.F.);
#6754=EDGE_CURVE('',#235,#103,#6757,.T.);
#6755=EDGE_CURVE('',#103,#99,#6758,.T.);
#6756=LINE('',#98,#6759);
#6757=LINE('',#234,#6760);
#6758=LINE('',#102,#6761);
#6759=VECTOR('',#6762,1.0);
#6760=VECTOR('',#6763,1.0);
#6761=VECTOR('',#6764,1.0);
#6762=DIRECTION('',(-1,0,0));
#6763=DIRECTION('',(0.9999806447743249,-0.0062217422580372285,0));
#6764=DIRECTION('',(-0.382688619542775,0.9238773838948788,0));
#6765=FACE_SURFACE('',(#6770),#6766,.T.);
#6766=PLANE('',#6767);
#6767=AXIS2_PLACEMENT_3D('',#102,#6768,#6769);
#6768=DIRECTION('',(0,0,1));
#6769=DIRECTION('',(-0.9999806447743249,0.0062217422580372285,0));
#6770=FACE_BOUND('',#6771,.T.);
#6771=EDGE_LOOP('',(#6772,#6773,#6774));
#6772=ORIENTED_EDGE('',*,*,#6775,.T.);
#6773=ORIENTED_EDGE('',*,*,#6776,.T.);
#6774=ORIENTED_EDGE('',*,*,#6777,.T.);
#6775=EDGE_CURVE('',#103,#235,#6778,.F.);
#6776=EDGE_CURVE('',#235,#327,#6779,.T.);
#6777=EDGE_CURVE('',#327,#103,#6780,.T.);
#6778=LINE('',#102,#6781);
#6779=LINE('',#234,#6782);
#6780=LINE('',#326,#6783);
#6781=VECTOR('',#6784,1.0);
#6782=VECTOR('',#6785,1.0);
#6783=VECTOR('',#6786,1.0);
#6784=DIRECTION('',(-0.9999806447743249,0.0062217422580372285,0));
#6785=DIRECTION('',(-0.38267800450373696,-0.9238817807863935,0));
#6786=DIRECTION('',(1,0,0));
#6787=FACE_SURFACE('',(#6792),#6788,.T.);
#6788=PLANE('',#6789);
#6789=AXIS2_PLACEMENT_3D('',#102,#6790,#6791);
#6790=DIRECTION('',(0,0,1));
#6791=DIRECTION('',(-1,0,0));
#6792=FACE_BOUND('',#6793,.T.);
#6793=EDGE_LOOP('',(#6794,#6795,#6796));
#6794=ORIENTED_EDGE('',*,*,#6797,.T.);
#6795=ORIENTED_EDGE('',*,*,#6798,.T.);
#6796=ORIENTED_EDGE('',*,*,#6799,.T.);
#6797=EDGE_CURVE('',#103,#327,#6800,.F.);
#6798=EDGE_CURVE('',#327,#107,#6801,.T.);
#6799=EDGE_CURVE('',#107,#103,#6802,.T.);
#6800=LINE('',#102,#6803);
#6801=LINE('',#326,#6804);
#6802=LINE('',#106,#6805);
#6803=VECTOR('',#6806,1.0);
#6804=VECTOR('',#6807,1.0);
#6805=VECTOR('',#6808,1.0);
#6806=DIRECTION('',(-1,0,0));
#6807=DIRECTION('',(0.9999859166827647,-0.00530720605693479,0));
#6808=DIRECTION('',(-0.608766726615877,0.7933492752661906,0));
#6809=FACE_SURFACE('',(#6814),#6810,.T.);
#6810=PLANE('',#6811);
#6811=AXIS2_PLACEMENT_3D('',#106,#6812,#6813);
#6812=DIRECTION('',(0,0,1));
#6813=DIRECTION('',(-0.9999859166827647,0.00530720605693479,0));
#6814=FACE_BOUND('',#6815,.T.);
#6815=EDGE_LOOP('',(#6816,#6817,#6818));
#6816=ORIENTED_EDGE('',*,*,#6819,.T.);
#6817=ORIENTED_EDGE('',*,*,#6820,.T.);
#6818=ORIENTED_EDGE('',*,*,#6821,.T.);
#6819=EDGE_CURVE('',#107,#327,#6822,.F.);
#6820=EDGE_CURVE('',#327,#323,#6823,.T.);
#6821=EDGE_CURVE('',#323,#107,#6824,.T.);
#6822=LINE('',#106,#6825);
#6823=LINE('',#326,#6826);
#6824=LINE('',#322,#6827);
#6825=VECTOR('',#6828,1.0);
#6826=VECTOR('',#6829,1.0);
#6827=VECTOR('',#6830,1.0);
#6828=DIRECTION('',(-0.9999859166827647,0.00530720605693479,0));
#6829=DIRECTION('',(-0.608766726615877,-0.7933492752661906,0));
#6830=DIRECTION('',(1,0,0));
#6831=FACE_SURFACE('',(#6836),#6832,.T.);
#6832=PLANE('',#6833);
#6833=AXIS2_PLACEMENT_3D('',#106,#6834,#6835);
#6834=DIRECTION('',(0,0,1));
#6835=DIRECTION('',(-1,0,0));
#6836=FACE_BOUND('',#6837,.T.);
#6837=EDGE_LOOP('',(#6838,#6839,#6840));
#6838=ORIENTED_EDGE('',*,*,#6841,.T.);
#6839=ORIENTED_EDGE('',*,*,#6842,.T.);
#6840=ORIENTED_EDGE('',*,*,#6843,.T.);
#6841=EDGE_CURVE('',#107,#323,#6844,.F.);
#6842=EDGE_CURVE('',#323,#111,#6845,.T.);
#6843=EDGE_CURVE('',#111,#107,#6846,.T.);
#6844=LINE('',#106,#6847);
#6845=LINE('',#322,#6848);
#6846=LINE('',#110,#6849);
#6847=VECTOR('',#6850,1.0);
#6848=VECTOR('',#6851,1.0);
#6849=VECTOR('',#6852,1.0);
#6850=DIRECTION('',(-1,0,0));
#6851=DIRECTION('',(0.9999918609707591,-0.0040345993900343805,0));
#6852=DIRECTION('',(-0.7933492752661906,0.608766726615877,0));
#6853=FACE_SURFACE('',(#6858),#6854,.T.);
#6854=PLANE('',#6855);
#6855=AXIS2_PLACEMENT_3D('',#110,#6856,#6857);
#6856=DIRECTION('',(0,0,1));
#6857=DIRECTION('',(-0.9999918609707591,0.0040345993900343805,0));
#6858=FACE_BOUND('',#6859,.T.);
#6859=EDGE_LOOP('',(#6860,#6861,#6862));
#6860=ORIENTED_EDGE('',*,*,#6863,.T.);
#6861=ORIENTED_EDGE('',*,*,#6864,.T.);
#6862=ORIENTED_EDGE('',*,*,#6865,.T.);
#6863=EDGE_CURVE('',#111,#323,#6866,.F.);
#6864=EDGE_CURVE('',#323,#319,#6867,.T.);
#6865=EDGE_CURVE('',#319,#111,#6868,.T.);
#6866=LINE('',#110,#6869);
#6867=LINE('',#322,#6870);
#6868=LINE('',#318,#6871);
#6869=VECTOR('',#6872,1.0);
#6870=VECTOR('',#6873,1.0);
#6871=VECTOR('',#6874,1.0);
#6872=DIRECTION('',(-0.9999918609707591,0.0040345993900343805,0));
#6873=DIRECTION('',(-0.7933538841270593,-0.6087607202674205,0));
#6874=DIRECTION('',(1,0,0));
#6875=FACE_SURFACE('',(#6880),#6876,.T.);
#6876=PLANE('',#6877);
#6877=AXIS2_PLACEMENT_3D('',#110,#6878,#6879);
#6878=DIRECTION('',(0,0,1));
#6879=DIRECTION('',(-1,0,0));
#6880=FACE_BOUND('',#6881,.T.);
#6881=EDGE_LOOP('',(#6882,#6883,#6884));
#6882=ORIENTED_EDGE('',*,*,#6885,.T.);
#6883=ORIENTED_EDGE('',*,*,#6886,.T.);
#6884=ORIENTED_EDGE('',*,*,#6887,.T.);
#6885=EDGE_CURVE('',#111,#319,#6888,.F.);
#6886=EDGE_CURVE('',#319,#471,#6889,.T.);
#6887=EDGE_CURVE('',#471,#111,#6890,.T.);
#6888=LINE('',#110,#6891);
#6889=LINE('',#318,#6892);
#6890=LINE('',#470,#6893);
#6891=VECTOR('',#6894,1.0);
#6892=VECTOR('',#6895,1.0);
#6893=VECTOR('',#6896,1.0);
#6894=DIRECTION('',(-1,0,0));
#6895=DIRECTION('',(0.9995538912918752,-0.02986667713807505,0));
#6896=DIRECTION('',(-0.9014750818303039,0.4328310026315662,0));
#6897=FACE_SURFACE('',(#6902),#6898,.T.);
#6898=PLANE('',#6899);
#6899=AXIS2_PLACEMENT_3D('',#310,#6900,#6901);
#6900=DIRECTION('',(0,0,1));
#6901=DIRECTION('',(-0.9914457217071666,0.1305196571729924,0));
#6902=FACE_BOUND('',#6903,.T.);
#6903=EDGE_LOOP('',(#6904,#6905,#6906));
#6904=ORIENTED_EDGE('',*,*,#6907,.T.);
#6905=ORIENTED_EDGE('',*,*,#6908,.T.);
#6906=ORIENTED_EDGE('',*,*,#6909,.T.);
#6907=EDGE_CURVE('',#311,#307,#6910,.F.);
#6908=EDGE_CURVE('',#307,#463,#6911,.T.);
#6909=EDGE_CURVE('',#463,#311,#6912,.T.);
#6910=LINE('',#310,#6913);
#6911=LINE('',#306,#6914);
#6912=LINE('',#462,#6915);
#6913=VECTOR('',#6916,1.0);
#6914=VECTOR('',#6917,1.0);
#6915=VECTOR('',#6918,1.0);
#6916=DIRECTION('',(-0.9914457217071666,0.1305196571729924,0));
#6917=DIRECTION('',(-0.8492809181880687,-0.5279412107438015,0));
#6918=DIRECTION('',(0.8835727883980077,0.46829384749596004,0));
#6919=FACE_SURFACE('',(#6924),#6920,.T.);
#6920=PLANE('',#6921);
#6921=AXIS2_PLACEMENT_3D('',#462,#6922,#6923);
#6922=DIRECTION('',(0,0,1));
#6923=DIRECTION('',(0.8492809181880687,0.5279412107438015,0));
#6924=FACE_BOUND('',#6925,.T.);
#6925=EDGE_LOOP('',(#6926,#6927,#6928));
#6926=ORIENTED_EDGE('',*,*,#6929,.T.);
#6927=ORIENTED_EDGE('',*,*,#6930,.T.);
#6928=ORIENTED_EDGE('',*,*,#6931,.T.);
#6929=EDGE_CURVE('',#463,#307,#6932,.F.);
#6930=EDGE_CURVE('',#307,#303,#6933,.T.);
#6931=EDGE_CURVE('',#303,#463,#6934,.T.);
#6932=LINE('',#462,#6935);
#6933=LINE('',#306,#6936);
#6934=LINE('',#302,#6937);
#6935=VECTOR('',#6938,1.0);
#6936=VECTOR('',#6939,1.0);
#6937=VECTOR('',#6940,1.0);
#6938=DIRECTION('',(0.8492809181880687,0.5279412107438015,0));
#6939=DIRECTION('',(-0.9238755625658776,0.3826930165205307,0));
#6940=DIRECTION('',(-0.7903682113446631,-0.6126321004451513,0));
#6941=FACE_SURFACE('',(#6946),#6942,.T.);
#6942=PLANE('',#6943);
#6943=AXIS2_PLACEMENT_3D('',#462,#6944,#6945);
#6944=DIRECTION('',(0,0,1));
#6945=DIRECTION('',(0.7903682113446631,0.6126321004451513,0));
#6946=FACE_BOUND('',#6947,.T.);
#6947=EDGE_LOOP('',(#6948,#6949,#6950));
#6948=ORIENTED_EDGE('',*,*,#6951,.T.);
#6949=ORIENTED_EDGE('',*,*,#6952,.T.);
#6950=ORIENTED_EDGE('',*,*,#6953,.T.);
#6951=EDGE_CURVE('',#463,#303,#6954,.F.);
#6952=EDGE_CURVE('',#303,#299,#6955,.T.);
#6953=EDGE_CURVE('',#299,#463,#6956,.T.);
#6954=LINE('',#462,#6957);
#6955=LINE('',#302,#6958);
#6956=LINE('',#298,#6959);
#6957=VECTOR('',#6960,1.0);
#6958=VECTOR('',#6961,1.0);
#6959=VECTOR('',#6962,1.0);
#6960=DIRECTION('',(0.7903682113446631,0.6126321004451513,0));
#6961=DIRECTION('',(-0.7933538841270593,0.6087607202674205,0));
#6962=DIRECTION('',(-0.7071063771787434,-0.707107185194121,0));
#6963=FACE_SURFACE('',(#6968),#6964,.T.);
#6964=PLANE('',#6965);
#6965=AXIS2_PLACEMENT_3D('',#298,#6966,#6967);
#6966=DIRECTION('',(0,0,1));
#6967=DIRECTION('',(-0.608766726615877,0.7933492752661906,0));
#6968=FACE_BOUND('',#6969,.T.);
#6969=EDGE_LOOP('',(#6970,#6971,#6972));
#6970=ORIENTED_EDGE('',*,*,#6973,.T.);
#6971=ORIENTED_EDGE('',*,*,#6974,.T.);
#6972=ORIENTED_EDGE('',*,*,#6975,.T.);
#6973=EDGE_CURVE('',#299,#295,#6976,.F.);
#6974=EDGE_CURVE('',#295,#463,#6977,.T.);
#6975=EDGE_CURVE('',#463,#299,#6978,.T.);
#6976=LINE('',#298,#6979);
#6977=LINE('',#294,#6980);
#6978=LINE('',#462,#6981);
#6979=VECTOR('',#6982,1.0);
#6980=VECTOR('',#6983,1.0);
#6981=VECTOR('',#6984,1.0);
#6982=DIRECTION('',(-0.608766726615877,0.7933492752661906,0));
#6983=DIRECTION('',(-0.6126319897155699,-0.7903682971736289,0));
#6984=DIRECTION('',(0.7071063771787434,0.707107185194121,0));
#6985=FACE_SURFACE('',(#6990),#6986,.T.);
#6986=PLANE('',#6987);
#6987=AXIS2_PLACEMENT_3D('',#462,#6988,#6989);
#6988=DIRECTION('',(0,0,1));
#6989=DIRECTION('',(0.6126319897155699,0.7903682971736289,0));
#6990=FACE_BOUND('',#6991,.T.);
#6991=EDGE_LOOP('',(#6992,#6993,#6994));
#6992=ORIENTED_EDGE('',*,*,#6995,.T.);
#6993=ORIENTED_EDGE('',*,*,#6996,.T.);
#6994=ORIENTED_EDGE('',*,*,#6997,.T.);
#6995=EDGE_CURVE('',#463,#295,#6998,.F.);
#6996=EDGE_CURVE('',#295,#291,#6999,.T.);
#6997=EDGE_CURVE('',#291,#463,#7000,.T.);
#6998=LINE('',#462,#7001);
#6999=LINE('',#294,#7002);
#7000=LINE('',#290,#7003);
#7001=VECTOR('',#7004,1.0);
#7002=VECTOR('',#7005,1.0);
#7003=VECTOR('',#7006,1.0);
#7004=DIRECTION('',(0.6126319897155699,0.7903682971736289,0));
#7005=DIRECTION('',(-0.3826833120422005,0.9238795823506503,0));
#7006=DIRECTION('',(-0.5279408799874071,-0.8492811237971335,0));
#7007=FACE_SURFACE('',(#7012),#7008,.T.);
#7008=PLANE('',#7009);
#7009=AXIS2_PLACEMENT_3D('',#462,#7010,#7011);
#7010=DIRECTION('',(0,0,1));
#7011=DIRECTION('',(0.5279408799874071,0.8492811237971335,0));
#7012=FACE_BOUND('',#7013,.T.);
#7013=EDGE_LOOP('',(#7014,#7015,#7016));
#7014=ORIENTED_EDGE('',*,*,#7017,.T.);
#7015=ORIENTED_EDGE('',*,*,#7018,.T.);
#7016=ORIENTED_EDGE('',*,*,#7019,.T.);
#7017=EDGE_CURVE('',#463,#291,#7020,.F.);
#7018=EDGE_CURVE('',#291,#287,#7021,.T.);
#7019=EDGE_CURVE('',#287,#463,#7022,.T.);
#7020=LINE('',#462,#7023);
#7021=LINE('',#290,#7024);
#7022=LINE('',#286,#7025);
#7023=VECTOR('',#7026,1.0);
#7024=VECTOR('',#7027,1.0);
#7025=VECTOR('',#7028,1.0);
#7026=DIRECTION('',(0.5279408799874071,0.8492811237971335,0));
#7027=DIRECTION('',(-0.13052657411302013,0.9914448110965726,0));
#7028=DIRECTION('',(-0.4682933212154628,-0.8835730673266311,0));
#7029=FACE_SURFACE('',(#7034),#7030,.T.);
#7030=PLANE('',#7031);
#7031=AXIS2_PLACEMENT_3D('',#286,#7032,#7033);
#7032=DIRECTION('',(0,-0,1));
#7033=DIRECTION('',(0.13052657411302013,0.9914448110965726,0));
#7034=FACE_BOUND('',#7035,.T.);
#7035=EDGE_LOOP('',(#7036,#7037,#7038));
#7036=ORIENTED_EDGE('',*,*,#7039,.T.);
#7037=ORIENTED_EDGE('',*,*,#7040,.T.);
#7038=ORIENTED_EDGE('',*,*,#7041,.T.);
#7039=EDGE_CURVE('',#287,#283,#7042,.F.);
#7040=EDGE_CURVE('',#283,#463,#7043,.T.);
#7041=EDGE_CURVE('',#463,#287,#7044,.T.);
#7042=LINE('',#286,#7045);
#7043=LINE('',#282,#7046);
#7044=LINE('',#462,#7047);
#7045=VECTOR('',#7048,1.0);
#7046=VECTOR('',#7049,1.0);
#7047=VECTOR('',#7050,1.0);
#7048=DIRECTION('',(0.13052657411302013,0.9914448110965726,0));
#7049=DIRECTION('',(-0.4376922309567426,-0.8991248583818099,0));
#7050=DIRECTION('',(0.4682933212154628,0.8835730673266311,0));
#7051=FACE_SURFACE('',(#7056),#7052,.T.);
#7052=PLANE('',#7053);
#7053=AXIS2_PLACEMENT_3D('',#462,#7054,#7055);
#7054=DIRECTION('',(0,0,1));
#7055=DIRECTION('',(0.4376922309567426,0.8991248583818099,0));
#7056=FACE_BOUND('',#7057,.T.);
#7057=EDGE_LOOP('',(#7058,#7059,#7060));
#7058=ORIENTED_EDGE('',*,*,#7061,.T.);
#7059=ORIENTED_EDGE('',*,*,#7062,.T.);
#7060=ORIENTED_EDGE('',*,*,#7063,.T.);
#7061=EDGE_CURVE('',#463,#283,#7064,.F.);
#7062=EDGE_CURVE('',#283,#279,#7065,.T.);
#7063=EDGE_CURVE('',#279,#463,#7066,.T.);
#7064=LINE('',#462,#7067);
#7065=LINE('',#282,#7068);
#7066=LINE('',#278,#7069);
#7067=VECTOR('',#7070,1.0);
#7068=VECTOR('',#7071,1.0);
#7069=VECTOR('',#7072,1.0);
#7070=DIRECTION('',(0.4376922309567426,0.8991248583818099,0));
#7071=DIRECTION('',(0.3826833120422005,0.9238795823506503,0));
#7072=DIRECTION('',(-0.43283055006315385,-0.9014752991247335,0));
#7073=FACE_SURFACE('',(#7078),#7074,.T.);
#7074=PLANE('',#7075);
#7075=AXIS2_PLACEMENT_3D('',#258,#7076,#7077);
#7076=DIRECTION('',(-0,0,1));
#7077=DIRECTION('',(0.9238764732382256,-0.38269081802010646,0));
#7078=FACE_BOUND('',#7079,.T.);
#7079=EDGE_LOOP('',(#7080,#7081,#7082));
#7080=ORIENTED_EDGE('',*,*,#7083,.T.);
#7081=ORIENTED_EDGE('',*,*,#7084,.T.);
#7082=ORIENTED_EDGE('',*,*,#7085,.T.);
#7083=EDGE_CURVE('',#259,#255,#7086,.F.);
#7084=EDGE_CURVE('',#255,#451,#7087,.T.);
#7085=EDGE_CURVE('',#451,#259,#7088,.T.);
#7086=LINE('',#258,#7089);
#7087=LINE('',#254,#7090);
#7088=LINE('',#450,#7091);
#7089=VECTOR('',#7092,1.0);
#7090=VECTOR('',#7093,1.0);
#7091=VECTOR('',#7094,1.0);
#7092=DIRECTION('',(0.9238764732382256,-0.38269081802010646,0));
#7093=DIRECTION('',(0.7903682113446631,0.6126321004451513,0));
#7094=DIRECTION('',(-0.8492811237971335,-0.5279408799874071,0));
#7095=FACE_SURFACE('',(#7100),#7096,.T.);
#7096=PLANE('',#7097);
#7097=AXIS2_PLACEMENT_3D('',#450,#7098,#7099);
#7098=DIRECTION('',(0,0,1));
#7099=DIRECTION('',(-0.7903682113446631,-0.6126321004451513,0));
#7100=FACE_BOUND('',#7101,.T.);
#7101=EDGE_LOOP('',(#7102,#7103,#7104));
#7102=ORIENTED_EDGE('',*,*,#7105,.T.);
#7103=ORIENTED_EDGE('',*,*,#7106,.T.);
#7104=ORIENTED_EDGE('',*,*,#7107,.T.);
#7105=EDGE_CURVE('',#451,#255,#7108,.F.);
#7106=EDGE_CURVE('',#255,#251,#7109,.T.);
#7107=EDGE_CURVE('',#251,#451,#7110,.T.);
#7108=LINE('',#450,#7111);
#7109=LINE('',#254,#7112);
#7110=LINE('',#250,#7113);
#7111=VECTOR('',#7114,1.0);
#7112=VECTOR('',#7115,1.0);
#7113=VECTOR('',#7116,1.0);
#7114=DIRECTION('',(-0.7903682113446631,-0.6126321004451513,0));
#7115=DIRECTION('',(0.7933538841270593,-0.6087607202674205,0));
#7116=DIRECTION('',(0.7071063771787434,0.707107185194121,0));
#7117=FACE_SURFACE('',(#7122),#7118,.T.);
#7118=PLANE('',#7119);
#7119=AXIS2_PLACEMENT_3D('',#450,#7120,#7121);
#7120=DIRECTION('',(0,0,1));
#7121=DIRECTION('',(-0.7071063771787434,-0.707107185194121,0));
#7122=FACE_BOUND('',#7123,.T.);
#7123=EDGE_LOOP('',(#7124,#7125,#7126));
#7124=ORIENTED_EDGE('',*,*,#7127,.T.);
#7125=ORIENTED_EDGE('',*,*,#7128,.T.);
#7126=ORIENTED_EDGE('',*,*,#7129,.T.);
#7127=EDGE_CURVE('',#451,#251,#7130,.F.);
#7128=EDGE_CURVE('',#251,#247,#7131,.T.);
#7129=EDGE_CURVE('',#247,#451,#7132,.T.);
#7130=LINE('',#450,#7133);
#7131=LINE('',#250,#7134);
#7132=LINE('',#246,#7135);
#7133=VECTOR('',#7136,1.0);
#7134=VECTOR('',#7137,1.0);
#7135=VECTOR('',#7138,1.0);
#7136=DIRECTION('',(-0.7071063771787434,-0.707107185194121,0));
#7137=DIRECTION('',(0.608766726615877,-0.7933492752661906,0));
#7138=DIRECTION('',(0.6126319897155699,0.7903682971736289,0));
#7139=FACE_SURFACE('',(#7144),#7140,.T.);
#7140=PLANE('',#7141);
#7141=AXIS2_PLACEMENT_3D('',#246,#7142,#7143);
#7142=DIRECTION('',(-0,0,1));
#7143=DIRECTION('',(0.38267800450373696,-0.9238817807863935,0));
#7144=FACE_BOUND('',#7145,.T.);
#7145=EDGE_LOOP('',(#7146,#7147,#7148));
#7146=ORIENTED_EDGE('',*,*,#7149,.T.);
#7147=ORIENTED_EDGE('',*,*,#7150,.T.);
#7148=ORIENTED_EDGE('',*,*,#7151,.T.);
#7149=EDGE_CURVE('',#247,#243,#7152,.F.);
#7150=EDGE_CURVE('',#243,#451,#7153,.T.);
#7151=EDGE_CURVE('',#451,#247,#7154,.T.);
#7152=LINE('',#246,#7155);
#7153=LINE('',#242,#7156);
#7154=LINE('',#450,#7157);
#7155=VECTOR('',#7158,1.0);
#7156=VECTOR('',#7159,1.0);
#7157=VECTOR('',#7160,1.0);
#7158=DIRECTION('',(0.38267800450373696,-0.9238817807863935,0));
#7159=DIRECTION('',(0.5279414120637566,0.8492807930408687,0));
#7160=DIRECTION('',(-0.6126319897155699,-0.7903682971736289,0));
#7161=FACE_SURFACE('',(#7166),#7162,.T.);
#7162=PLANE('',#7163);
#7163=AXIS2_PLACEMENT_3D('',#146,#7164,#7165);
#7164=DIRECTION('',(-0,0,1));
#7165=DIRECTION('',(0.13050662806102675,-0.9914474368478345,0));
#7166=FACE_BOUND('',#7167,.T.);
#7167=EDGE_LOOP('',(#7168,#7169,#7170));
#7168=ORIENTED_EDGE('',*,*,#7171,.T.);
#7169=ORIENTED_EDGE('',*,*,#7172,.T.);
#7170=ORIENTED_EDGE('',*,*,#7173,.T.);
#7171=EDGE_CURVE('',#147,#143,#7174,.F.);
#7172=EDGE_CURVE('',#143,#465,#7175,.T.);
#7173=EDGE_CURVE('',#465,#147,#7176,.T.);
#7174=LINE('',#146,#7177);
#7175=LINE('',#142,#7178);
#7176=LINE('',#464,#7179);
#7177=VECTOR('',#7180,1.0);
#7178=VECTOR('',#7181,1.0);
#7179=VECTOR('',#7182,1.0);
#7180=DIRECTION('',(0.13050662806102675,-0.9914474368478345,0));
#7181=DIRECTION('',(0.4682949000554594,0.8835722305403488,0));
#7182=DIRECTION('',(-0.5279415415005301,-0.8492807125786174,0));
#7183=FACE_SURFACE('',(#7188),#7184,.T.);
#7184=PLANE('',#7185);
#7185=AXIS2_PLACEMENT_3D('',#464,#7186,#7187);
#7186=DIRECTION('',(0,0,1));
#7187=DIRECTION('',(-0.4682949000554594,-0.8835722305403488,0));
#7188=FACE_BOUND('',#7189,.T.);
#7189=EDGE_LOOP('',(#7190,#7191,#7192));
#7190=ORIENTED_EDGE('',*,*,#7193,.T.);
#7191=ORIENTED_EDGE('',*,*,#7194,.T.);
#7192=ORIENTED_EDGE('',*,*,#7195,.T.);
#7193=EDGE_CURVE('',#465,#143,#7196,.F.);
#7194=EDGE_CURVE('',#143,#139,#7197,.T.);
#7195=EDGE_CURVE('',#139,#465,#7198,.T.);
#7196=LINE('',#464,#7199);
#7197=LINE('',#142,#7200);
#7198=LINE('',#138,#7201);
#7199=VECTOR('',#7202,1.0);
#7200=VECTOR('',#7203,1.0);
#7201=VECTOR('',#7204,1.0);
#7202=DIRECTION('',(-0.4682949000554594,-0.8835722305403488,0));
#7203=DIRECTION('',(-0.1305098464192697,-0.991447013202228,0));
#7204=DIRECTION('',(0.43769271232125684,0.8991246240543419,0));
#7205=FACE_SURFACE('',(#7210),#7206,.T.);
#7206=PLANE('',#7207);
#7207=AXIS2_PLACEMENT_3D('',#464,#7208,#7209);
#7208=DIRECTION('',(0,0,1));
#7209=DIRECTION('',(-0.43769271232125684,-0.8991246240543419,0));
#7210=FACE_BOUND('',#7211,.T.);
#7211=EDGE_LOOP('',(#7212,#7213,#7214));
#7212=ORIENTED_EDGE('',*,*,#7215,.T.);
#7213=ORIENTED_EDGE('',*,*,#7216,.T.);
#7214=ORIENTED_EDGE('',*,*,#7217,.T.);
#7215=EDGE_CURVE('',#465,#139,#7218,.F.);
#7216=EDGE_CURVE('',#139,#231,#7219,.T.);
#7217=EDGE_CURVE('',#231,#465,#7220,.T.);
#7218=LINE('',#464,#7221);
#7219=LINE('',#138,#7222);
#7220=LINE('',#230,#7223);
#7221=VECTOR('',#7224,1.0);
#7222=VECTOR('',#7225,1.0);
#7223=VECTOR('',#7226,1.0);
#7224=DIRECTION('',(-0.43769271232125684,-0.8991246240543419,0));
#7225=DIRECTION('',(-0.3826930165205307,-0.9238755625658776,0));
#7226=DIRECTION('',(0.4328318718110735,0.9014746645050666,0));
#7227=FACE_SURFACE('',(#7232),#7228,.T.);
#7228=PLANE('',#7229);
#7229=AXIS2_PLACEMENT_3D('',#230,#7230,#7231);
#7230=DIRECTION('',(0,0,1));
#7231=DIRECTION('',(-0.6087547140025935,-0.7933584928515107,0));
#7232=FACE_BOUND('',#7233,.T.);
#7233=EDGE_LOOP('',(#7234,#7235,#7236));
#7234=ORIENTED_EDGE('',*,*,#7237,.T.);
#7235=ORIENTED_EDGE('',*,*,#7238,.T.);
#7236=ORIENTED_EDGE('',*,*,#7239,.T.);
#7237=EDGE_CURVE('',#231,#227,#7240,.F.);
#7238=EDGE_CURVE('',#227,#55,#7241,.T.);
#7239=EDGE_CURVE('',#55,#231,#7242,.T.);
#7240=LINE('',#230,#7243);
#7241=LINE('',#226,#7244);
#7242=LINE('',#54,#7245);
#7243=VECTOR('',#7246,1.0);
#7244=VECTOR('',#7247,1.0);
#7245=VECTOR('',#7248,1.0);
#7246=DIRECTION('',(-0.6087547140025935,-0.7933584928515107,0));
#7247=DIRECTION('',(0.006156141113736193,-0.9999810507837574,0));
#7248=DIRECTION('',(0,1,0));
#7249=FACE_SURFACE('',(#7254),#7250,.T.);
#7250=PLANE('',#7251);
#7251=AXIS2_PLACEMENT_3D('',#54,#7252,#7253);
#7252=DIRECTION('',(0,0,1));
#7253=DIRECTION('',(-0.006156141113736193,0.9999810507837574,0));
#7254=FACE_BOUND('',#7255,.T.);
#7255=EDGE_LOOP('',(#7256,#7257,#7258));
#7256=ORIENTED_EDGE('',*,*,#7259,.T.);
#7257=ORIENTED_EDGE('',*,*,#7260,.T.);
#7258=ORIENTED_EDGE('',*,*,#7261,.T.);
#7259=EDGE_CURVE('',#55,#227,#7262,.F.);
#7260=EDGE_CURVE('',#227,#59,#7263,.T.);
#7261=EDGE_CURVE('',#59,#55,#7264,.T.);
#7262=LINE('',#54,#7265);
#7263=LINE('',#226,#7266);
#7264=LINE('',#58,#7267);
#7265=VECTOR('',#7268,1.0);
#7266=VECTOR('',#7269,1.0);
#7267=VECTOR('',#7270,1.0);
#7268=DIRECTION('',(-0.006156141113736193,0.9999810507837574,0));
#7269=DIRECTION('',(0,-1,0));
#7270=DIRECTION('',(0.608766726615877,-0.7933492752661906,0));
#7271=FACE_SURFACE('',(#7276),#7272,.T.);
#7272=PLANE('',#7273);
#7273=AXIS2_PLACEMENT_3D('',#58,#7274,#7275);
#7274=DIRECTION('',(0,-0,1));
#7275=DIRECTION('',(0,1,0));
#7276=FACE_BOUND('',#7277,.T.);
#7277=EDGE_LOOP('',(#7278,#7279,#7280));
#7278=ORIENTED_EDGE('',*,*,#7281,.T.);
#7279=ORIENTED_EDGE('',*,*,#7282,.T.);
#7280=ORIENTED_EDGE('',*,*,#7283,.T.);
#7281=EDGE_CURVE('',#59,#227,#7284,.F.);
#7282=EDGE_CURVE('',#227,#223,#7285,.T.);
#7283=EDGE_CURVE('',#223,#59,#7286,.T.);
#7284=LINE('',#58,#7287);
#7285=LINE('',#226,#7288);
#7286=LINE('',#222,#7289);
#7287=VECTOR('',#7290,1.0);
#7288=VECTOR('',#7291,1.0);
#7289=VECTOR('',#7292,1.0);
#7290=DIRECTION('',(0,1,0));
#7291=DIRECTION('',(-0.7933492752661906,-0.608766726615877,0));
#7292=DIRECTION('',(0.008138004623174145,-0.9999668858921045,0));
#7293=FACE_SURFACE('',(#7298),#7294,.T.);
#7294=PLANE('',#7295);
#7295=AXIS2_PLACEMENT_3D('',#58,#7296,#7297);
#7296=DIRECTION('',(0,0,1));
#7297=DIRECTION('',(-0.008138004623174145,0.9999668858921045,0));
#7298=FACE_BOUND('',#7299,.T.);
#7299=EDGE_LOOP('',(#7300,#7301,#7302));
#7300=ORIENTED_EDGE('',*,*,#7303,.T.);
#7301=ORIENTED_EDGE('',*,*,#7304,.T.);
#7302=ORIENTED_EDGE('',*,*,#7305,.T.);
#7303=EDGE_CURVE('',#59,#223,#7306,.F.);
#7304=EDGE_CURVE('',#223,#63,#7307,.T.);
#7305=EDGE_CURVE('',#63,#59,#7308,.T.);
#7306=LINE('',#58,#7309);
#7307=LINE('',#222,#7310);
#7308=LINE('',#62,#7311);
#7309=VECTOR('',#7312,1.0);
#7310=VECTOR('',#7313,1.0);
#7311=VECTOR('',#7314,1.0);
#7312=DIRECTION('',(-0.008138004623174145,0.9999668858921045,0));
#7313=DIRECTION('',(0,-1,0));
#7314=DIRECTION('',(0.7933492752661906,-0.608766726615877,0));
#7315=FACE_SURFACE('',(#7320),#7316,.T.);
#7316=PLANE('',#7317);
#7317=AXIS2_PLACEMENT_3D('',#62,#7318,#7319);
#7318=DIRECTION('',(0,-0,1));
#7319=DIRECTION('',(0,1,0));
#7320=FACE_BOUND('',#7321,.T.);
#7321=EDGE_LOOP('',(#7322,#7323,#7324));
#7322=ORIENTED_EDGE('',*,*,#7325,.T.);
#7323=ORIENTED_EDGE('',*,*,#7326,.T.);
#7324=ORIENTED_EDGE('',*,*,#7327,.T.);
#7325=EDGE_CURVE('',#63,#223,#7328,.F.);
#7326=EDGE_CURVE('',#223,#219,#7329,.T.);
#7327=EDGE_CURVE('',#219,#63,#7330,.T.);
#7328=LINE('',#62,#7331);
#7329=LINE('',#222,#7332);
#7330=LINE('',#218,#7333);
#7331=VECTOR('',#7334,1.0);
#7332=VECTOR('',#7335,1.0);
#7333=VECTOR('',#7336,1.0);
#7334=DIRECTION('',(0,1,0));
#7335=DIRECTION('',(-0.9238879986792811,-0.382662992587986,0));
#7336=DIRECTION('',(0.009574499088124843,-0.9999541634331103,0));
#7337=FACE_SURFACE('',(#7342),#7338,.T.);
#7338=PLANE('',#7339);
#7339=AXIS2_PLACEMENT_3D('',#62,#7340,#7341);
#7340=DIRECTION('',(0,0,1));
#7341=DIRECTION('',(-0.009574499088124843,0.9999541634331103,0));
#7342=FACE_BOUND('',#7343,.T.);
#7343=EDGE_LOOP('',(#7344,#7345,#7346));
#7344=ORIENTED_EDGE('',*,*,#7347,.T.);
#7345=ORIENTED_EDGE('',*,*,#7348,.T.);
#7346=ORIENTED_EDGE('',*,*,#7349,.T.);
#7347=EDGE_CURVE('',#63,#219,#7350,.F.);
#7348=EDGE_CURVE('',#219,#67,#7351,.T.);
#7349=EDGE_CURVE('',#67,#63,#7352,.T.);
#7350=LINE('',#62,#7353);
#7351=LINE('',#218,#7354);
#7352=LINE('',#66,#7355);
#7353=VECTOR('',#7356,1.0);
#7354=VECTOR('',#7357,1.0);
#7355=VECTOR('',#7358,1.0);
#7356=DIRECTION('',(-0.009574499088124843,0.9999541634331103,0));
#7357=DIRECTION('',(0,-1,0));
#7358=DIRECTION('',(0.9238792051611022,-0.3826842226573891,0));
#7359=FACE_SURFACE('',(#7364),#7360,.T.);
#7360=PLANE('',#7361);
#7361=AXIS2_PLACEMENT_3D('',#214,#7362,#7363);
#7362=DIRECTION('',(0,0,1));
#7363=DIRECTION('',(-0.9914442182772633,0.13053107693030977,0));
#7364=FACE_BOUND('',#7365,.T.);
#7365=EDGE_LOOP('',(#7366,#7367,#7368));
#7366=ORIENTED_EDGE('',*,*,#7369,.T.);
#7367=ORIENTED_EDGE('',*,*,#7370,.T.);
#7368=ORIENTED_EDGE('',*,*,#7371,.T.);
#7369=EDGE_CURVE('',#215,#211,#7372,.F.);
#7370=EDGE_CURVE('',#211,#445,#7373,.T.);
#7371=EDGE_CURVE('',#445,#215,#7374,.T.);
#7372=LINE('',#214,#7375);
#7373=LINE('',#210,#7376);
#7374=LINE('',#444,#7377);
#7375=VECTOR('',#7378,1.0);
#7376=VECTOR('',#7379,1.0);
#7377=VECTOR('',#7380,1.0);
#7378=DIRECTION('',(-0.9914442182772633,0.13053107693030977,0));
#7379=DIRECTION('',(-0.8492793895504284,-0.5279436698028035,0));
#7380=DIRECTION('',(0.8835722305403488,0.4682949000554594,0));
#7381=FACE_SURFACE('',(#7386),#7382,.T.);
#7382=PLANE('',#7383);
#7383=AXIS2_PLACEMENT_3D('',#444,#7384,#7385);
#7384=DIRECTION('',(0,0,1));
#7385=DIRECTION('',(0.8492793895504284,0.5279436698028035,0));
#7386=FACE_BOUND('',#7387,.T.);
#7387=EDGE_LOOP('',(#7388,#7389,#7390));
#7388=ORIENTED_EDGE('',*,*,#7391,.T.);
#7389=ORIENTED_EDGE('',*,*,#7392,.T.);
#7390=ORIENTED_EDGE('',*,*,#7393,.T.);
#7391=EDGE_CURVE('',#445,#211,#7394,.F.);
#7392=EDGE_CURVE('',#211,#207,#7395,.T.);
#7393=EDGE_CURVE('',#207,#445,#7396,.T.);
#7394=LINE('',#444,#7397);
#7395=LINE('',#210,#7398);
#7396=LINE('',#206,#7399);
#7397=VECTOR('',#7400,1.0);
#7398=VECTOR('',#7401,1.0);
#7399=VECTOR('',#7402,1.0);
#7400=DIRECTION('',(0.8492793895504284,0.5279436698028035,0));
#7401=DIRECTION('',(-0.9238843564535347,0.3826717861306707,0));
#7402=DIRECTION('',(-0.7903679155039638,-0.6126324821146193,0));
#7403=FACE_SURFACE('',(#7408),#7404,.T.);
#7404=PLANE('',#7405);
#7405=AXIS2_PLACEMENT_3D('',#444,#7406,#7407);
#7406=DIRECTION('',(0,0,1));
#7407=DIRECTION('',(0.7903679155039638,0.6126324821146193,0));
#7408=FACE_BOUND('',#7409,.T.);
#7409=EDGE_LOOP('',(#7410,#7411,#7412));
#7410=ORIENTED_EDGE('',*,*,#7413,.T.);
#7411=ORIENTED_EDGE('',*,*,#7414,.T.);
#7412=ORIENTED_EDGE('',*,*,#7415,.T.);
#7413=EDGE_CURVE('',#445,#207,#7416,.F.);
#7414=EDGE_CURVE('',#207,#203,#7417,.T.);
#7415=EDGE_CURVE('',#203,#445,#7418,.T.);
#7416=LINE('',#444,#7419);
#7417=LINE('',#206,#7420);
#7418=LINE('',#202,#7421);
#7419=VECTOR('',#7422,1.0);
#7420=VECTOR('',#7423,1.0);
#7421=VECTOR('',#7424,1.0);
#7422=DIRECTION('',(0.7903679155039638,0.6126324821146193,0));
#7423=DIRECTION('',(-0.7933492752661906,0.608766726615877,0));
#7424=DIRECTION('',(-0.7071067811865476,-0.7071067811865476,0));
#7425=FACE_SURFACE('',(#7430),#7426,.T.);
#7426=PLANE('',#7427);
#7427=AXIS2_PLACEMENT_3D('',#202,#7428,#7429);
#7428=DIRECTION('',(0,0,1));
#7429=DIRECTION('',(-0.6087547140025935,0.7933584928515107,0));
#7430=FACE_BOUND('',#7431,.T.);
#7431=EDGE_LOOP('',(#7432,#7433,#7434));
#7432=ORIENTED_EDGE('',*,*,#7435,.T.);
#7433=ORIENTED_EDGE('',*,*,#7436,.T.);
#7434=ORIENTED_EDGE('',*,*,#7437,.T.);
#7435=EDGE_CURVE('',#203,#199,#7438,.F.);
#7436=EDGE_CURVE('',#199,#445,#7439,.T.);
#7437=EDGE_CURVE('',#445,#203,#7440,.T.);
#7438=LINE('',#202,#7441);
#7439=LINE('',#198,#7442);
#7440=LINE('',#444,#7443);
#7441=VECTOR('',#7444,1.0);
#7442=VECTOR('',#7445,1.0);
#7443=VECTOR('',#7446,1.0);
#7444=DIRECTION('',(-0.6087547140025935,0.7933584928515107,0));
#7445=DIRECTION('',(-0.6126309554387438,-0.7903690988634435,0));
#7446=DIRECTION('',(0.7071067811865476,0.7071067811865476,0));
#7447=FACE_SURFACE('',(#7452),#7448,.T.);
#7448=PLANE('',#7449);
#7449=AXIS2_PLACEMENT_3D('',#444,#7450,#7451);
#7450=DIRECTION('',(0,0,1));
#7451=DIRECTION('',(0.6126309554387438,0.7903690988634435,0));
#7452=FACE_BOUND('',#7453,.T.);
#7453=EDGE_LOOP('',(#7454,#7455,#7456));
#7454=ORIENTED_EDGE('',*,*,#7457,.T.);
#7455=ORIENTED_EDGE('',*,*,#7458,.T.);
#7456=ORIENTED_EDGE('',*,*,#7459,.T.);
#7457=EDGE_CURVE('',#445,#199,#7460,.F.);
#7458=EDGE_CURVE('',#199,#195,#7461,.T.);
#7459=EDGE_CURVE('',#195,#445,#7462,.T.);
#7460=LINE('',#444,#7463);
#7461=LINE('',#198,#7464);
#7462=LINE('',#194,#7465);
#7463=VECTOR('',#7466,1.0);
#7464=VECTOR('',#7467,1.0);
#7465=VECTOR('',#7468,1.0);
#7466=DIRECTION('',(0.6126309554387438,0.7903690988634435,0));
#7467=DIRECTION('',(-0.3826930165205307,0.9238755625658776,0));
#7468=DIRECTION('',(-0.5279402184756218,-0.8492815350141041,0));
#7469=FACE_SURFACE('',(#7474),#7470,.T.);
#7470=PLANE('',#7471);
#7471=AXIS2_PLACEMENT_3D('',#444,#7472,#7473);
#7472=DIRECTION('',(0,0,1));
#7473=DIRECTION('',(0.5279402184756218,0.8492815350141041,0));
#7474=FACE_BOUND('',#7475,.T.);
#7475=EDGE_LOOP('',(#7476,#7477,#7478));
#7476=ORIENTED_EDGE('',*,*,#7479,.T.);
#7477=ORIENTED_EDGE('',*,*,#7480,.T.);
#7478=ORIENTED_EDGE('',*,*,#7481,.T.);
#7479=EDGE_CURVE('',#445,#195,#7482,.F.);
#7480=EDGE_CURVE('',#195,#191,#7483,.T.);
#7481=EDGE_CURVE('',#191,#445,#7484,.T.);
#7482=LINE('',#444,#7485);
#7483=LINE('',#194,#7486);
#7484=LINE('',#190,#7487);
#7485=VECTOR('',#7488,1.0);
#7486=VECTOR('',#7489,1.0);
#7487=VECTOR('',#7490,1.0);
#7488=DIRECTION('',(0.5279402184756218,0.8492815350141041,0));
#7489=DIRECTION('',(-0.13053429587057355,0.9914437944742878,0));
#7490=DIRECTION('',(-0.4682927949344671,-0.8835733462551171,0));
#7491=FACE_SURFACE('',(#7496),#7492,.T.);
#7492=PLANE('',#7493);
#7493=AXIS2_PLACEMENT_3D('',#190,#7494,#7495);
#7494=DIRECTION('',(0,-0,1));
#7495=DIRECTION('',(0.13053107693030977,0.9914442182772633,0));
#7496=FACE_BOUND('',#7497,.T.);
#7497=EDGE_LOOP('',(#7498,#7499,#7500));
#7498=ORIENTED_EDGE('',*,*,#7501,.T.);
#7499=ORIENTED_EDGE('',*,*,#7502,.T.);
#7500=ORIENTED_EDGE('',*,*,#7503,.T.);
#7501=EDGE_CURVE('',#191,#187,#7504,.F.);
#7502=EDGE_CURVE('',#187,#445,#7505,.T.);
#7503=EDGE_CURVE('',#445,#191,#7506,.T.);
#7504=LINE('',#190,#7507);
#7505=LINE('',#186,#7508);
#7506=LINE('',#444,#7509);
#7507=VECTOR('',#7510,1.0);
#7508=VECTOR('',#7511,1.0);
#7509=VECTOR('',#7512,1.0);
#7510=DIRECTION('',(0.13053107693030977,0.9914442182772633,0));
#7511=DIRECTION('',(-0.4376917495931617,-0.8991250927085047,0));
#7512=DIRECTION('',(0.4682927949344671,0.8835733462551171,0));
#7513=FACE_SURFACE('',(#7518),#7514,.T.);
#7514=PLANE('',#7515);
#7515=AXIS2_PLACEMENT_3D('',#166,#7516,#7517);
#7516=DIRECTION('',(-0,0,1));
#7517=DIRECTION('',(0.9914437944742878,-0.13053429587057355,0));
#7518=FACE_BOUND('',#7519,.T.);
#7519=EDGE_LOOP('',(#7520,#7521,#7522));
#7520=ORIENTED_EDGE('',*,*,#7523,.T.);
#7521=ORIENTED_EDGE('',*,*,#7524,.T.);
#7522=ORIENTED_EDGE('',*,*,#7525,.T.);
#7523=EDGE_CURVE('',#167,#163,#7526,.F.);
#7524=EDGE_CURVE('',#163,#465,#7527,.T.);
#7525=EDGE_CURVE('',#465,#167,#7528,.T.);
#7526=LINE('',#166,#7529);
#7527=LINE('',#162,#7530);
#7528=LINE('',#464,#7531);
#7529=VECTOR('',#7532,1.0);
#7530=VECTOR('',#7533,1.0);
#7531=VECTOR('',#7534,1.0);
#7532=DIRECTION('',(0.9914437944742878,-0.13053429587057355,0));
#7533=DIRECTION('',(0.8492815350141041,0.5279402184756218,0));
#7534=DIRECTION('',(-0.8835733462551171,-0.4682927949344671,0));
#7535=FACE_SURFACE('',(#7540),#7536,.T.);
#7536=PLANE('',#7537);
#7537=AXIS2_PLACEMENT_3D('',#464,#7538,#7539);
#7538=DIRECTION('',(0,0,1));
#7539=DIRECTION('',(-0.8492815350141041,-0.5279402184756218,0));
#7540=FACE_BOUND('',#7541,.T.);
#7541=EDGE_LOOP('',(#7542,#7543,#7544));
#7542=ORIENTED_EDGE('',*,*,#7545,.T.);
#7543=ORIENTED_EDGE('',*,*,#7546,.T.);
#7544=ORIENTED_EDGE('',*,*,#7547,.T.);
#7545=EDGE_CURVE('',#465,#163,#7548,.F.);
#7546=EDGE_CURVE('',#163,#159,#7549,.T.);
#7547=EDGE_CURVE('',#159,#465,#7550,.T.);
#7548=LINE('',#464,#7551);
#7549=LINE('',#162,#7552);
#7550=LINE('',#158,#7553);
#7551=VECTOR('',#7554,1.0);
#7552=VECTOR('',#7555,1.0);
#7553=VECTOR('',#7556,1.0);
#7554=DIRECTION('',(-0.8492815350141041,-0.5279402184756218,0));
#7555=DIRECTION('',(0.9238879986792811,-0.382662992587986,0));
#7556=DIRECTION('',(0.7903694421829957,0.6126305125141422,0));
#7557=FACE_SURFACE('',(#7562),#7558,.T.);
#7558=PLANE('',#7559);
#7559=AXIS2_PLACEMENT_3D('',#464,#7560,#7561);
#7560=DIRECTION('',(0,0,1));
#7561=DIRECTION('',(-0.7903694421829957,-0.6126305125141422,0));
#7562=FACE_BOUND('',#7563,.T.);
#7563=EDGE_LOOP('',(#7564,#7565,#7566));
#7564=ORIENTED_EDGE('',*,*,#7567,.T.);
#7565=ORIENTED_EDGE('',*,*,#7568,.T.);
#7566=ORIENTED_EDGE('',*,*,#7569,.T.);
#7567=EDGE_CURVE('',#465,#159,#7570,.F.);
#7568=EDGE_CURVE('',#159,#155,#7571,.T.);
#7569=EDGE_CURVE('',#155,#465,#7572,.T.);
#7570=LINE('',#464,#7573);
#7571=LINE('',#158,#7574);
#7572=LINE('',#154,#7575);
#7573=VECTOR('',#7576,1.0);
#7574=VECTOR('',#7577,1.0);
#7575=VECTOR('',#7578,1.0);
#7576=DIRECTION('',(-0.7903694421829957,-0.6126305125141422,0));
#7577=DIRECTION('',(0.7933492752661906,-0.608766726615877,0));
#7578=DIRECTION('',(0.707108397218226,0.7071051651511757,0));
#7579=FACE_SURFACE('',(#7584),#7580,.T.);
#7580=PLANE('',#7581);
#7581=AXIS2_PLACEMENT_3D('',#154,#7582,#7583);
#7582=DIRECTION('',(-0,0,1));
#7583=DIRECTION('',(0.6087547140025935,-0.7933584928515107,0));
#7584=FACE_BOUND('',#7585,.T.);
#7585=EDGE_LOOP('',(#7586,#7587,#7588));
#7586=ORIENTED_EDGE('',*,*,#7589,.T.);
#7587=ORIENTED_EDGE('',*,*,#7590,.T.);
#7588=ORIENTED_EDGE('',*,*,#7591,.T.);
#7589=EDGE_CURVE('',#155,#151,#7592,.F.);
#7590=EDGE_CURVE('',#151,#465,#7593,.T.);
#7591=EDGE_CURVE('',#465,#155,#7594,.T.);
#7592=LINE('',#154,#7595);
#7593=LINE('',#150,#7596);
#7594=LINE('',#464,#7597);
#7595=VECTOR('',#7598,1.0);
#7596=VECTOR('',#7599,1.0);
#7597=VECTOR('',#7600,1.0);
#7598=DIRECTION('',(0.6087547140025935,-0.7933584928515107,0));
#7599=DIRECTION('',(0.6126324821146193,0.7903679155039638,0));
#7600=DIRECTION('',(-0.707108397218226,-0.7071051651511757,0));
#7601=FACE_SURFACE('',(#7606),#7602,.T.);
#7602=PLANE('',#7603);
#7603=AXIS2_PLACEMENT_3D('',#464,#7604,#7605);
#7604=DIRECTION('',(0,0,1));
#7605=DIRECTION('',(-0.6126324821146193,-0.7903679155039638,0));
#7606=FACE_BOUND('',#7607,.T.);
#7607=EDGE_LOOP('',(#7608,#7609,#7610));
#7608=ORIENTED_EDGE('',*,*,#7611,.T.);
#7609=ORIENTED_EDGE('',*,*,#7612,.T.);
#7610=ORIENTED_EDGE('',*,*,#7613,.T.);
#7611=EDGE_CURVE('',#465,#151,#7614,.F.);
#7612=EDGE_CURVE('',#151,#147,#7615,.T.);
#7613=EDGE_CURVE('',#147,#465,#7616,.T.);
#7614=LINE('',#464,#7617);
#7615=LINE('',#150,#7618);
#7616=LINE('',#146,#7619);
#7617=VECTOR('',#7620,1.0);
#7618=VECTOR('',#7621,1.0);
#7619=VECTOR('',#7622,1.0);
#7620=DIRECTION('',(-0.6126324821146193,-0.7903679155039638,0));
#7621=DIRECTION('',(0.3826930165205307,-0.9238755625658776,0));
#7622=DIRECTION('',(0.5279415415005301,0.8492807125786174,0));
#7623=FACE_SURFACE('',(#7628),#7624,.T.);
#7624=PLANE('',#7625);
#7625=AXIS2_PLACEMENT_3D('',#50,#7626,#7627);
#7626=DIRECTION('',(0,0,1));
#7627=DIRECTION('',(0.13050823722047877,-0.9914472250289488,0));
#7628=FACE_BOUND('',#7629,.T.);
#7629=EDGE_LOOP('',(#7630,#7631,#7632));
#7630=ORIENTED_EDGE('',*,*,#7633,.T.);
#7631=ORIENTED_EDGE('',*,*,#7634,.T.);
#7632=ORIENTED_EDGE('',*,*,#7635,.T.);
#7633=EDGE_CURVE('',#51,#47,#7636,.F.);
#7634=EDGE_CURVE('',#47,#471,#7637,.T.);
#7635=EDGE_CURVE('',#471,#51,#7638,.T.);
#7636=LINE('',#50,#7639);
#7637=LINE('',#46,#7640);
#7638=LINE('',#470,#7641);
#7639=VECTOR('',#7642,1.0);
#7640=VECTOR('',#7643,1.0);
#7641=VECTOR('',#7644,1.0);
#7642=DIRECTION('',(0.13050823722047877,-0.9914472250289488,0));
#7643=DIRECTION('',(0.4682949000554594,-0.8835722305403488,0));
#7644=DIRECTION('',(-0.4376922309567426,0.8991248583818099,0));
#7645=FACE_SURFACE('',(#7650),#7646,.T.);
#7646=PLANE('',#7647);
#7647=AXIS2_PLACEMENT_3D('',#470,#7648,#7649);
#7648=DIRECTION('',(0,0,1));
#7649=DIRECTION('',(-0.4682949000554594,0.8835722305403488,0));
#7650=FACE_BOUND('',#7651,.T.);
#7651=EDGE_LOOP('',(#7652,#7653,#7654));
#7652=ORIENTED_EDGE('',*,*,#7655,.T.);
#7653=ORIENTED_EDGE('',*,*,#7656,.T.);
#7654=ORIENTED_EDGE('',*,*,#7657,.T.);
#7655=EDGE_CURVE('',#471,#47,#7658,.F.);
#7656=EDGE_CURVE('',#47,#43,#7659,.T.);
#7657=EDGE_CURVE('',#43,#471,#7660,.T.);
#7658=LINE('',#470,#7661);
#7659=LINE('',#46,#7662);
#7660=LINE('',#42,#7663);
#7661=VECTOR('',#7664,1.0);
#7662=VECTOR('',#7665,1.0);
#7663=VECTOR('',#7666,1.0);
#7664=DIRECTION('',(-0.4682949000554594,0.8835722305403488,0));
#7665=DIRECTION('',(-0.13050823722047877,-0.9914472250289488,0));
#7666=DIRECTION('',(0.5279408799874071,-0.8492811237971335,0));
#7667=FACE_SURFACE('',(#7672),#7668,.T.);
#7668=PLANE('',#7669);
#7669=AXIS2_PLACEMENT_3D('',#470,#7670,#7671);
#7670=DIRECTION('',(0,0,1));
#7671=DIRECTION('',(-0.5279408799874071,0.8492811237971335,0));
#7672=FACE_BOUND('',#7673,.T.);
#7673=EDGE_LOOP('',(#7674,#7675,#7676));
#7674=ORIENTED_EDGE('',*,*,#7677,.T.);
#7675=ORIENTED_EDGE('',*,*,#7678,.T.);
#7676=ORIENTED_EDGE('',*,*,#7679,.T.);
#7677=EDGE_CURVE('',#471,#43,#7680,.F.);
#7678=EDGE_CURVE('',#43,#135,#7681,.T.);
#7679=EDGE_CURVE('',#135,#471,#7682,.T.);
#7680=LINE('',#470,#7683);
#7681=LINE('',#42,#7684);
#7682=LINE('',#134,#7685);
#7683=VECTOR('',#7686,1.0);
#7684=VECTOR('',#7687,1.0);
#7685=VECTOR('',#7688,1.0);
#7686=DIRECTION('',(-0.5279408799874071,0.8492811237971335,0));
#7687=DIRECTION('',(-0.382688619542775,-0.9238773838948788,0));
#7688=DIRECTION('',(0.6126324821146193,-0.7903679155039638,0));
#7689=FACE_SURFACE('',(#7694),#7690,.T.);
#7690=PLANE('',#7691);
#7691=AXIS2_PLACEMENT_3D('',#134,#7692,#7693);
#7692=DIRECTION('',(0,0,1));
#7693=DIRECTION('',(-0.608766726615877,-0.7933492752661906,0));
#7694=FACE_BOUND('',#7695,.T.);
#7695=EDGE_LOOP('',(#7696,#7697,#7698));
#7696=ORIENTED_EDGE('',*,*,#7699,.T.);
#7697=ORIENTED_EDGE('',*,*,#7700,.T.);
#7698=ORIENTED_EDGE('',*,*,#7701,.T.);
#7699=EDGE_CURVE('',#135,#131,#7702,.F.);
#7700=EDGE_CURVE('',#131,#471,#7703,.T.);
#7701=EDGE_CURVE('',#471,#135,#7704,.T.);
#7702=LINE('',#134,#7705);
#7703=LINE('',#130,#7706);
#7704=LINE('',#470,#7707);
#7705=VECTOR('',#7708,1.0);
#7706=VECTOR('',#7709,1.0);
#7707=VECTOR('',#7710,1.0);
#7708=DIRECTION('',(-0.608766726615877,-0.7933492752661906,0));
#7709=DIRECTION('',(0.7071067811865476,-0.7071067811865476,0));
#7710=DIRECTION('',(-0.6126324821146193,0.7903679155039638,0));
#7711=FACE_SURFACE('',(#7716),#7712,.T.);
#7712=PLANE('',#7713);
#7713=AXIS2_PLACEMENT_3D('',#470,#7714,#7715);
#7714=DIRECTION('',(0,0,1));
#7715=DIRECTION('',(-0.7071067811865476,0.7071067811865476,0));
#7716=FACE_BOUND('',#7717,.T.);
#7717=EDGE_LOOP('',(#7718,#7719,#7720));
#7718=ORIENTED_EDGE('',*,*,#7721,.T.);
#7719=ORIENTED_EDGE('',*,*,#7722,.T.);
#7720=ORIENTED_EDGE('',*,*,#7723,.T.);
#7721=EDGE_CURVE('',#471,#131,#7724,.F.);
#7722=EDGE_CURVE('',#131,#127,#7725,.T.);
#7723=EDGE_CURVE('',#127,#471,#7726,.T.);
#7724=LINE('',#470,#7727);
#7725=LINE('',#130,#7728);
#7726=LINE('',#126,#7729);
#7727=VECTOR('',#7730,1.0);
#7728=VECTOR('',#7731,1.0);
#7729=VECTOR('',#7732,1.0);
#7730=DIRECTION('',(-0.7071067811865476,0.7071067811865476,0));
#7731=DIRECTION('',(-0.7933492752661906,-0.608766726615877,0));
#7732=DIRECTION('',(0.7903679155039638,-0.6126324821146193,0));
#7733=FACE_SURFACE('',(#7738),#7734,.T.);
#7734=PLANE('',#7735);
#7735=AXIS2_PLACEMENT_3D('',#470,#7736,#7737);
#7736=DIRECTION('',(0,0,1));
#7737=DIRECTION('',(-0.7903679155039638,0.6126324821146193,0));
#7738=FACE_BOUND('',#7739,.T.);
#7739=EDGE_LOOP('',(#7740,#7741,#7742));
#7740=ORIENTED_EDGE('',*,*,#7743,.T.);
#7741=ORIENTED_EDGE('',*,*,#7744,.T.);
#7742=ORIENTED_EDGE('',*,*,#7745,.T.);
#7743=EDGE_CURVE('',#471,#127,#7746,.F.);
#7744=EDGE_CURVE('',#127,#123,#7747,.T.);
#7745=EDGE_CURVE('',#123,#471,#7748,.T.);
#7746=LINE('',#470,#7749);
#7747=LINE('',#126,#7750);
#7748=LINE('',#122,#7751);
#7749=VECTOR('',#7752,1.0);
#7750=VECTOR('',#7753,1.0);
#7751=VECTOR('',#7754,1.0);
#7752=DIRECTION('',(-0.7903679155039638,0.6126324821146193,0));
#7753=DIRECTION('',(-0.9238792051611022,-0.3826842226573891,0));
#7754=DIRECTION('',(0.8492815350141041,-0.5279402184756218,0));
#7755=FACE_SURFACE('',(#7760),#7756,.T.);
#7756=PLANE('',#7757);
#7757=AXIS2_PLACEMENT_3D('',#122,#7758,#7759);
#7758=DIRECTION('',(0,0,1));
#7759=DIRECTION('',(-0.9914454039110121,-0.1305220711746873,0));
#7760=FACE_BOUND('',#7761,.T.);
#7761=EDGE_LOOP('',(#7762,#7763,#7764));
#7762=ORIENTED_EDGE('',*,*,#7765,.T.);
#7763=ORIENTED_EDGE('',*,*,#7766,.T.);
#7764=ORIENTED_EDGE('',*,*,#7767,.T.);
#7765=EDGE_CURVE('',#123,#119,#7768,.F.);
#7766=EDGE_CURVE('',#119,#471,#7769,.T.);
#7767=EDGE_CURVE('',#471,#123,#7770,.T.);
#7768=LINE('',#122,#7771);
#7769=LINE('',#118,#7772);
#7770=LINE('',#470,#7773);
#7771=VECTOR('',#7774,1.0);
#7772=VECTOR('',#7775,1.0);
#7773=VECTOR('',#7776,1.0);
#7774=DIRECTION('',(-0.9914454039110121,-0.1305220711746873,0));
#7775=DIRECTION('',(0.8835727883980077,-0.46829384749596004,0));
#7776=DIRECTION('',(-0.8492815350141041,0.5279402184756218,0));
#7777=FACE_SURFACE('',(#7782),#7778,.T.);
#7778=PLANE('',#7779);
#7779=AXIS2_PLACEMENT_3D('',#470,#7780,#7781);
#7780=DIRECTION('',(0,0,1));
#7781=DIRECTION('',(-0.8835727883980077,0.46829384749596004,0));
#7782=FACE_BOUND('',#7783,.T.);
#7783=EDGE_LOOP('',(#7784,#7785,#7786));
#7784=ORIENTED_EDGE('',*,*,#7787,.T.);
#7785=ORIENTED_EDGE('',*,*,#7788,.T.);
#7786=ORIENTED_EDGE('',*,*,#7789,.T.);
#7787=EDGE_CURVE('',#471,#119,#7790,.F.);
#7788=EDGE_CURVE('',#119,#115,#7791,.T.);
#7789=EDGE_CURVE('',#115,#471,#7792,.T.);
#7790=LINE('',#470,#7793);
#7791=LINE('',#118,#7794);
#7792=LINE('',#114,#7795);
#7793=VECTOR('',#7796,1.0);
#7794=VECTOR('',#7797,1.0);
#7795=VECTOR('',#7798,1.0);
#7796=DIRECTION('',(-0.8835727883980077,0.46829384749596004,0));
#7797=DIRECTION('',(-0.9914458276352998,0.13051885252543177,0));
#7798=DIRECTION('',(0.8991250927085047,-0.4376917495931617,0));
#7799=FACE_SURFACE('',(#7804),#7800,.T.);
#7800=PLANE('',#7801);
#7801=AXIS2_PLACEMENT_3D('',#470,#7802,#7803);
#7802=DIRECTION('',(0,0,1));
#7803=DIRECTION('',(-0.8991250927085047,0.4376917495931617,0));
#7804=FACE_BOUND('',#7805,.T.);
#7805=EDGE_LOOP('',(#7806,#7807,#7808));
#7806=ORIENTED_EDGE('',*,*,#7809,.T.);
#7807=ORIENTED_EDGE('',*,*,#7810,.T.);
#7808=ORIENTED_EDGE('',*,*,#7811,.T.);
#7809=EDGE_CURVE('',#471,#115,#7812,.F.);
#7810=EDGE_CURVE('',#115,#111,#7813,.T.);
#7811=EDGE_CURVE('',#111,#471,#7814,.T.);
#7812=LINE('',#470,#7815);
#7813=LINE('',#114,#7816);
#7814=LINE('',#110,#7817);
#7815=VECTOR('',#7818,1.0);
#7816=VECTOR('',#7819,1.0);
#7817=VECTOR('',#7820,1.0);
#7818=DIRECTION('',(-0.8991250927085047,0.4376917495931617,0));
#7819=DIRECTION('',(-0.9238755625658776,0.3826930165205307,0));
#7820=DIRECTION('',(0.9014750818303039,-0.4328310026315662,0));
#7821=FACE_SURFACE('',(#7826),#7822,.T.);
#7822=PLANE('',#7823);
#7823=AXIS2_PLACEMENT_3D('',#90,#7824,#7825);
#7824=DIRECTION('',(0,-0,1));
#7825=DIRECTION('',(0.382688619542775,0.9238773838948788,0));
#7826=FACE_BOUND('',#7827,.T.);
#7827=EDGE_LOOP('',(#7828,#7829,#7830));
#7828=ORIENTED_EDGE('',*,*,#7831,.T.);
#7829=ORIENTED_EDGE('',*,*,#7832,.T.);
#7830=ORIENTED_EDGE('',*,*,#7833,.T.);
#7831=EDGE_CURVE('',#91,#87,#7834,.F.);
#7832=EDGE_CURVE('',#87,#447,#7835,.T.);
#7833=EDGE_CURVE('',#447,#91,#7836,.T.);
#7834=LINE('',#90,#7837);
#7835=LINE('',#86,#7838);
#7836=LINE('',#446,#7839);
#7837=VECTOR('',#7840,1.0);
#7838=VECTOR('',#7841,1.0);
#7839=VECTOR('',#7842,1.0);
#7840=DIRECTION('',(0.382688619542775,0.9238773838948788,0));
#7841=DIRECTION('',(-0.6126324821146193,0.7903679155039638,0));
#7842=DIRECTION('',(0.5279408799874071,-0.8492811237971335,0));
#7843=FACE_SURFACE('',(#7848),#7844,.T.);
#7844=PLANE('',#7845);
#7845=AXIS2_PLACEMENT_3D('',#446,#7846,#7847);
#7846=DIRECTION('',(0,0,1));
#7847=DIRECTION('',(0.6126324821146193,-0.7903679155039638,0));
#7848=FACE_BOUND('',#7849,.T.);
#7849=EDGE_LOOP('',(#7850,#7851,#7852));
#7850=ORIENTED_EDGE('',*,*,#7853,.T.);
#7851=ORIENTED_EDGE('',*,*,#7854,.T.);
#7852=ORIENTED_EDGE('',*,*,#7855,.T.);
#7853=EDGE_CURVE('',#447,#87,#7856,.F.);
#7854=EDGE_CURVE('',#87,#83,#7857,.T.);
#7855=EDGE_CURVE('',#83,#447,#7858,.T.);
#7856=LINE('',#446,#7859);
#7857=LINE('',#86,#7860);
#7858=LINE('',#82,#7861);
#7859=VECTOR('',#7862,1.0);
#7860=VECTOR('',#7863,1.0);
#7861=VECTOR('',#7864,1.0);
#7862=DIRECTION('',(0.6126324821146193,-0.7903679155039638,0));
#7863=DIRECTION('',(0.608766726615877,0.7933492752661906,0));
#7864=DIRECTION('',(-0.7071067811865476,0.7071067811865476,0));
#7865=FACE_SURFACE('',(#7870),#7866,.T.);
#7866=PLANE('',#7867);
#7867=AXIS2_PLACEMENT_3D('',#446,#7868,#7869);
#7868=DIRECTION('',(0,0,1));
#7869=DIRECTION('',(0.7071067811865476,-0.7071067811865476,0));
#7870=FACE_BOUND('',#7871,.T.);
#7871=EDGE_LOOP('',(#7872,#7873,#7874));
#7872=ORIENTED_EDGE('',*,*,#7875,.T.);
#7873=ORIENTED_EDGE('',*,*,#7876,.T.);
#7874=ORIENTED_EDGE('',*,*,#7877,.T.);
#7875=EDGE_CURVE('',#447,#83,#7878,.F.);
#7876=EDGE_CURVE('',#83,#79,#7879,.T.);
#7877=EDGE_CURVE('',#79,#447,#7880,.T.);
#7878=LINE('',#446,#7881);
#7879=LINE('',#82,#7882);
#7880=LINE('',#78,#7883);
#7881=VECTOR('',#7884,1.0);
#7882=VECTOR('',#7885,1.0);
#7883=VECTOR('',#7886,1.0);
#7884=DIRECTION('',(0.7071067811865476,-0.7071067811865476,0));
#7885=DIRECTION('',(0.7933492752661906,0.608766726615877,0));
#7886=DIRECTION('',(-0.7903679155039638,0.6126324821146193,0));
#7887=FACE_SURFACE('',(#7892),#7888,.T.);
#7888=PLANE('',#7889);
#7889=AXIS2_PLACEMENT_3D('',#78,#7890,#7891);
#7890=DIRECTION('',(0,-0,1));
#7891=DIRECTION('',(0.9238755625658776,0.3826930165205307,0));
#7892=FACE_BOUND('',#7893,.T.);
#7893=EDGE_LOOP('',(#7894,#7895,#7896));
#7894=ORIENTED_EDGE('',*,*,#7897,.T.);
#7895=ORIENTED_EDGE('',*,*,#7898,.T.);
#7896=ORIENTED_EDGE('',*,*,#7899,.T.);
#7897=EDGE_CURVE('',#79,#75,#7900,.F.);
#7898=EDGE_CURVE('',#75,#447,#7901,.T.);
#7899=EDGE_CURVE('',#447,#79,#7902,.T.);
#7900=LINE('',#78,#7903);
#7901=LINE('',#74,#7904);
#7902=LINE('',#446,#7905);
#7903=VECTOR('',#7906,1.0);
#7904=VECTOR('',#7907,1.0);
#7905=VECTOR('',#7908,1.0);
#7906=DIRECTION('',(0.9238755625658776,0.3826930165205307,0));
#7907=DIRECTION('',(-0.8492807125786174,0.5279415415005301,0));
#7908=DIRECTION('',(0.7903679155039638,-0.6126324821146193,0));
#7909=FACE_SURFACE('',(#7914),#7910,.T.);
#7910=PLANE('',#7911);
#7911=AXIS2_PLACEMENT_3D('',#446,#7912,#7913);
#7912=DIRECTION('',(0,0,1));
#7913=DIRECTION('',(0.8492807125786174,-0.5279415415005301,0));
#7914=FACE_BOUND('',#7915,.T.);
#7915=EDGE_LOOP('',(#7916,#7917,#7918));
#7916=ORIENTED_EDGE('',*,*,#7919,.T.);
#7917=ORIENTED_EDGE('',*,*,#7920,.T.);
#7918=ORIENTED_EDGE('',*,*,#7921,.T.);
#7919=EDGE_CURVE('',#447,#75,#7922,.F.);
#7920=EDGE_CURVE('',#75,#71,#7923,.T.);
#7921=EDGE_CURVE('',#71,#447,#7924,.T.);
#7922=LINE('',#446,#7925);
#7923=LINE('',#74,#7926);
#7924=LINE('',#70,#7927);
#7925=VECTOR('',#7928,1.0);
#7926=VECTOR('',#7929,1.0);
#7927=VECTOR('',#7930,1.0);
#7928=DIRECTION('',(0.8492807125786174,-0.5279415415005301,0));
#7929=DIRECTION('',(0.9914458276352998,0.13051885252543177,0));
#7930=DIRECTION('',(-0.8835727883980077,0.46829384749596004,0));
#7931=FACE_SURFACE('',(#7936),#7932,.T.);
#7932=PLANE('',#7933);
#7933=AXIS2_PLACEMENT_3D('',#446,#7934,#7935);
#7934=DIRECTION('',(0,0,1));
#7935=DIRECTION('',(0.8835727883980077,-0.46829384749596004,0));
#7936=FACE_BOUND('',#7937,.T.);
#7937=EDGE_LOOP('',(#7938,#7939,#7940));
#7938=ORIENTED_EDGE('',*,*,#7941,.T.);
#7939=ORIENTED_EDGE('',*,*,#7942,.T.);
#7940=ORIENTED_EDGE('',*,*,#7943,.T.);
#7941=EDGE_CURVE('',#447,#71,#7944,.F.);
#7942=EDGE_CURVE('',#71,#67,#7945,.T.);
#7943=EDGE_CURVE('',#67,#447,#7946,.T.);
#7944=LINE('',#446,#7947);
#7945=LINE('',#70,#7948);
#7946=LINE('',#66,#7949);
#7947=VECTOR('',#7950,1.0);
#7948=VECTOR('',#7951,1.0);
#7949=VECTOR('',#7952,1.0);
#7950=DIRECTION('',(0.8835727883980077,-0.46829384749596004,0));
#7951=DIRECTION('',(0.9914454039110121,-0.1305220711746873,0));
#7952=DIRECTION('',(-0.8991246240543419,0.43769271232125684,0));
#7953=FACE_SURFACE('',(#7958),#7954,.T.);
#7954=PLANE('',#7955);
#7955=AXIS2_PLACEMENT_3D('',#448,#7956,#7957);
#7956=DIRECTION('',(0,0,1));
#7957=DIRECTION('',(1,0,0));
#7958=FACE_BOUND('',#7959,.T.);
#7959=EDGE_LOOP('',(#7960,#7961,#7962));
#7960=ORIENTED_EDGE('',*,*,#7963,.T.);
#7961=ORIENTED_EDGE('',*,*,#7964,.T.);
#7962=ORIENTED_EDGE('',*,*,#7965,.T.);
#7963=EDGE_CURVE('',#449,#443,#7966,.F.);
#7964=EDGE_CURVE('',#443,#453,#7967,.T.);
#7965=EDGE_CURVE('',#453,#449,#7968,.T.);
#7966=LINE('',#448,#7969);
#7967=LINE('',#442,#7970);
#7968=LINE('',#452,#7971);
#7969=VECTOR('',#7972,1.0);
#7970=VECTOR('',#7973,1.0);
#7971=VECTOR('',#7974,1.0);
#7972=DIRECTION('',(1,0,0));
#7973=DIRECTION('',(-0.8474403906845097,0.5308905576825467,0));
#7974=DIRECTION('',(0,-1,0));
#7975=FACE_SURFACE('',(#7980),#7976,.T.);
#7976=PLANE('',#7977);
#7977=AXIS2_PLACEMENT_3D('',#452,#7978,#7979);
#7978=DIRECTION('',(-0,0,1));
#7979=DIRECTION('',(0.8474403906845097,-0.5308905576825467,0));
#7980=FACE_BOUND('',#7981,.T.);
#7981=EDGE_LOOP('',(#7982,#7983,#7984));
#7982=ORIENTED_EDGE('',*,*,#7985,.T.);
#7983=ORIENTED_EDGE('',*,*,#7986,.T.);
#7984=ORIENTED_EDGE('',*,*,#7987,.T.);
#7985=EDGE_CURVE('',#453,#443,#7988,.F.);
#7986=EDGE_CURVE('',#443,#441,#7989,.T.);
#7987=EDGE_CURVE('',#441,#453,#7990,.T.);
#7988=LINE('',#452,#7991);
#7989=LINE('',#442,#7992);
#7990=LINE('',#440,#7993);
#7991=VECTOR('',#7994,1.0);
#7992=VECTOR('',#7995,1.0);
#7993=VECTOR('',#7996,1.0);
#7994=DIRECTION('',(0.8474403906845097,-0.5308905576825467,0));
#7995=DIRECTION('',(0,1,0));
#7996=DIRECTION('',(-1,0,0));
#7997=FACE_SURFACE('',(#8002),#7998,.T.);
#7998=PLANE('',#7999);
#7999=AXIS2_PLACEMENT_3D('',#458,#8000,#8001);
#8000=DIRECTION('',(0,0,-1));
#8001=DIRECTION('',(0.999553891257597,0.029866678285272872,0));
#8002=FACE_BOUND('',#8003,.T.);
#8003=EDGE_LOOP('',(#8004,#8005,#8006));
#8004=ORIENTED_EDGE('',*,*,#8007,.T.);
#8005=ORIENTED_EDGE('',*,*,#8008,.T.);
#8006=ORIENTED_EDGE('',*,*,#8009,.T.);
#8007=EDGE_CURVE('',#459,#109,#8010,.F.);
#8008=EDGE_CURVE('',#109,#469,#8011,.T.);
#8009=EDGE_CURVE('',#469,#459,#8012,.T.);
#8010=LINE('',#458,#8013);
#8011=LINE('',#108,#8014);
#8012=LINE('',#468,#8015);
#8013=VECTOR('',#8016,1.0);
#8014=VECTOR('',#8017,1.0);
#8015=VECTOR('',#8018,1.0);
#8016=DIRECTION('',(0.999553891257597,0.029866678285272872,0));
#8017=DIRECTION('',(0.9014750818303039,-0.4328310026315662,0));
#8018=DIRECTION('',(-1,0,0));
#8019=FACE_SURFACE('',(#8024),#8020,.T.);
#8020=PLANE('',#8021);
#8021=AXIS2_PLACEMENT_3D('',#468,#8022,#8023);
#8022=DIRECTION('',(0,0,-1));
#8023=DIRECTION('',(-0.9014750818303039,0.4328310026315662,0));
#8024=FACE_BOUND('',#8025,.T.);
#8025=EDGE_LOOP('',(#8026,#8027,#8028));
#8026=ORIENTED_EDGE('',*,*,#8029,.T.);
#8027=ORIENTED_EDGE('',*,*,#8030,.T.);
#8028=ORIENTED_EDGE('',*,*,#8031,.T.);
#8029=EDGE_CURVE('',#469,#109,#8032,.F.);
#8030=EDGE_CURVE('',#109,#113,#8033,.T.);
#8031=EDGE_CURVE('',#113,#469,#8034,.T.);
#8032=LINE('',#468,#8035);
#8033=LINE('',#108,#8036);
#8034=LINE('',#112,#8037);
#8035=VECTOR('',#8038,1.0);
#8036=VECTOR('',#8039,1.0);
#8037=VECTOR('',#8040,1.0);
#8038=DIRECTION('',(-0.9014750818303039,0.4328310026315662,0));
#8039=DIRECTION('',(0.9238755625658776,-0.3826930165205307,0));
#8040=DIRECTION('',(0.8991250927085047,-0.4376917495931617,0));
#8041=FACE_SURFACE('',(#8046),#8042,.T.);
#8042=PLANE('',#8043);
#8043=AXIS2_PLACEMENT_3D('',#468,#8044,#8045);
#8044=DIRECTION('',(0,0,-1));
#8045=DIRECTION('',(-0.8991250927085047,0.4376917495931617,0));
#8046=FACE_BOUND('',#8047,.T.);
#8047=EDGE_LOOP('',(#8048,#8049,#8050));
#8048=ORIENTED_EDGE('',*,*,#8051,.T.);
#8049=ORIENTED_EDGE('',*,*,#8052,.T.);
#8050=ORIENTED_EDGE('',*,*,#8053,.T.);
#8051=EDGE_CURVE('',#469,#113,#8054,.F.);
#8052=EDGE_CURVE('',#113,#117,#8055,.T.);
#8053=EDGE_CURVE('',#117,#469,#8056,.T.);
#8054=LINE('',#468,#8057);
#8055=LINE('',#112,#8058);
#8056=LINE('',#116,#8059);
#8057=VECTOR('',#8060,1.0);
#8058=VECTOR('',#8061,1.0);
#8059=VECTOR('',#8062,1.0);
#8060=DIRECTION('',(-0.8991250927085047,0.4376917495931617,0));
#8061=DIRECTION('',(0.9914458276352998,-0.13051885252543177,0));
#8062=DIRECTION('',(0.8835727883980077,-0.46829384749596004,0));
#8063=FACE_SURFACE('',(#8068),#8064,.T.);
#8064=PLANE('',#8065);
#8065=AXIS2_PLACEMENT_3D('',#456,#8066,#8067);
#8066=DIRECTION('',(0,0,-1));
#8067=DIRECTION('',(0.4328314192421714,-0.9014748818002682,0));
#8068=FACE_BOUND('',#8069,.T.);
#8069=EDGE_LOOP('',(#8070,#8071,#8072));
#8070=ORIENTED_EDGE('',*,*,#8073,.T.);
#8071=ORIENTED_EDGE('',*,*,#8074,.T.);
#8072=ORIENTED_EDGE('',*,*,#8075,.T.);
#8073=EDGE_CURVE('',#457,#389,#8076,.F.);
#8074=EDGE_CURVE('',#389,#459,#8077,.T.);
#8075=EDGE_CURVE('',#459,#457,#8078,.T.);
#8076=LINE('',#456,#8079);
#8077=LINE('',#388,#8080);
#8078=LINE('',#458,#8081);
#8079=VECTOR('',#8082,1.0);
#8080=VECTOR('',#8083,1.0);
#8081=VECTOR('',#8084,1.0);
#8082=DIRECTION('',(0.4328314192421714,-0.9014748818002682,0));
#8083=DIRECTION('',(-0.043995083852273346,-0.9990317475420045,0));
#8084=DIRECTION('',(0,1,0));
#8085=FACE_SURFACE('',(#8090),#8086,.T.);
#8086=PLANE('',#8087);
#8087=AXIS2_PLACEMENT_3D('',#458,#8088,#8089);
#8088=DIRECTION('',(0,0,-1));
#8089=DIRECTION('',(0.043995083852273346,0.9990317475420045,0));
#8090=FACE_BOUND('',#8091,.T.);
#8091=EDGE_LOOP('',(#8092,#8093,#8094));
#8092=ORIENTED_EDGE('',*,*,#8095,.T.);
#8093=ORIENTED_EDGE('',*,*,#8096,.T.);
#8094=ORIENTED_EDGE('',*,*,#8097,.T.);
#8095=EDGE_CURVE('',#459,#389,#8098,.F.);
#8096=EDGE_CURVE('',#389,#277,#8099,.T.);
#8097=EDGE_CURVE('',#277,#459,#8100,.T.);
#8098=LINE('',#458,#8101);
#8099=LINE('',#388,#8102);
#8100=LINE('',#276,#8103);
#8101=VECTOR('',#8104,1.0);
#8102=VECTOR('',#8105,1.0);
#8103=VECTOR('',#8106,1.0);
#8104=DIRECTION('',(0.043995083852273346,0.9990317475420045,0));
#8105=DIRECTION('',(0,-1,0));
#8106=DIRECTION('',(-0.43283055006315385,-0.9014752991247335,0));
#8107=FACE_SURFACE('',(#8112),#8108,.T.);
#8108=PLANE('',#8109);
#8109=AXIS2_PLACEMENT_3D('',#458,#8110,#8111);
#8110=DIRECTION('',(0,0,-1));
#8111=DIRECTION('',(0.43283055006315385,0.9014752991247335,0));
#8112=FACE_BOUND('',#8113,.T.);
#8113=EDGE_LOOP('',(#8114,#8115,#8116));
#8114=ORIENTED_EDGE('',*,*,#8117,.T.);
#8115=ORIENTED_EDGE('',*,*,#8118,.T.);
#8116=ORIENTED_EDGE('',*,*,#8119,.T.);
#8117=EDGE_CURVE('',#459,#277,#8120,.F.);
#8118=EDGE_CURVE('',#277,#281,#8121,.T.);
#8119=EDGE_CURVE('',#281,#459,#8122,.T.);
#8120=LINE('',#458,#8123);
#8121=LINE('',#276,#8124);
#8122=LINE('',#280,#8125);
#8123=VECTOR('',#8126,1.0);
#8124=VECTOR('',#8127,1.0);
#8125=VECTOR('',#8128,1.0);
#8126=DIRECTION('',(0.43283055006315385,0.9014752991247335,0));
#8127=DIRECTION('',(-0.3826833120422005,-0.9238795823506503,0));
#8128=DIRECTION('',(-0.4376922309567426,-0.8991248583818099,0));
#8129=FACE_SURFACE('',(#8134),#8130,.T.);
#8130=PLANE('',#8131);
#8131=AXIS2_PLACEMENT_3D('',#466,#8132,#8133);
#8132=DIRECTION('',(-0,0,-1));
#8133=DIRECTION('',(-0.9995538958806546,-0.029866523564109935,0));
#8134=FACE_BOUND('',#8135,.T.);
#8135=EDGE_LOOP('',(#8136,#8137,#8138));
#8136=ORIENTED_EDGE('',*,*,#8139,.T.);
#8137=ORIENTED_EDGE('',*,*,#8140,.T.);
#8138=ORIENTED_EDGE('',*,*,#8141,.T.);
#8139=EDGE_CURVE('',#467,#349,#8142,.F.);
#8140=EDGE_CURVE('',#349,#457,#8143,.T.);
#8141=EDGE_CURVE('',#457,#467,#8144,.T.);
#8142=LINE('',#466,#8145);
#8143=LINE('',#348,#8146);
#8144=LINE('',#456,#8147);
#8145=VECTOR('',#8148,1.0);
#8146=VECTOR('',#8149,1.0);
#8147=VECTOR('',#8150,1.0);
#8148=DIRECTION('',(-0.9995538958806546,-0.029866523564109935,0));
#8149=DIRECTION('',(-0.9014758466769859,0.4328294096500508,0));
#8150=DIRECTION('',(1,0,0));
#8151=FACE_SURFACE('',(#8156),#8152,.T.);
#8152=PLANE('',#8153);
#8153=AXIS2_PLACEMENT_3D('',#456,#8154,#8155);
#8154=DIRECTION('',(0,0,-1));
#8155=DIRECTION('',(0.9014758466769859,-0.4328294096500508,0));
#8156=FACE_BOUND('',#8157,.T.);
#8157=EDGE_LOOP('',(#8158,#8159,#8160));
#8158=ORIENTED_EDGE('',*,*,#8161,.T.);
#8159=ORIENTED_EDGE('',*,*,#8162,.T.);
#8160=ORIENTED_EDGE('',*,*,#8163,.T.);
#8161=EDGE_CURVE('',#457,#349,#8164,.F.);
#8162=EDGE_CURVE('',#349,#353,#8165,.T.);
#8163=EDGE_CURVE('',#353,#457,#8166,.T.);
#8164=LINE('',#456,#8167);
#8165=LINE('',#348,#8168);
#8166=LINE('',#352,#8169);
#8167=VECTOR('',#8170,1.0);
#8168=VECTOR('',#8171,1.0);
#8169=VECTOR('',#8172,1.0);
#8170=DIRECTION('',(0.9014758466769859,-0.4328294096500508,0));
#8171=DIRECTION('',(-0.9238852670335114,0.38266958771036086,0));
#8172=DIRECTION('',(-0.8991248583818099,0.4376922309567426,0));
#8173=FACE_SURFACE('',(#8178),#8174,.T.);
#8174=PLANE('',#8175);
#8175=AXIS2_PLACEMENT_3D('',#456,#8176,#8177);
#8176=DIRECTION('',(0,0,-1));
#8177=DIRECTION('',(0.8991248583818099,-0.4376922309567426,0));
#8178=FACE_BOUND('',#8179,.T.);
#8179=EDGE_LOOP('',(#8180,#8181,#8182));
#8180=ORIENTED_EDGE('',*,*,#8183,.T.);
#8181=ORIENTED_EDGE('',*,*,#8184,.T.);
#8182=ORIENTED_EDGE('',*,*,#8185,.T.);
#8183=EDGE_CURVE('',#457,#353,#8186,.F.);
#8184=EDGE_CURVE('',#353,#357,#8187,.T.);
#8185=EDGE_CURVE('',#357,#457,#8188,.T.);
#8186=LINE('',#456,#8189);
#8187=LINE('',#352,#8190);
#8188=LINE('',#356,#8191);
#8189=VECTOR('',#8192,1.0);
#8190=VECTOR('',#8193,1.0);
#8191=VECTOR('',#8194,1.0);
#8192=DIRECTION('',(0.8991248583818099,-0.4376922309567426,0));
#8193=DIRECTION('',(-0.9914440063796945,0.13053268638076884,0));
#8194=DIRECTION('',(-0.8835733462551171,0.4682927949344671,0));
#8195=FACE_SURFACE('',(#8200),#8196,.T.);
#8196=PLANE('',#8197);
#8197=AXIS2_PLACEMENT_3D('',#468,#8198,#8199);
#8198=DIRECTION('',(0,0,-1));
#8199=DIRECTION('',(-0.04399514034877462,0.9990317450540256,0));
#8200=FACE_BOUND('',#8201,.T.);
#8201=EDGE_LOOP('',(#8202,#8203,#8204));
#8202=ORIENTED_EDGE('',*,*,#8205,.T.);
#8203=ORIENTED_EDGE('',*,*,#8206,.T.);
#8204=ORIENTED_EDGE('',*,*,#8207,.T.);
#8205=EDGE_CURVE('',#469,#229,#8208,.F.);
#8206=EDGE_CURVE('',#229,#467,#8209,.T.);
#8207=EDGE_CURVE('',#467,#469,#8210,.T.);
#8208=LINE('',#468,#8211);
#8209=LINE('',#228,#8212);
#8210=LINE('',#466,#8213);
#8211=VECTOR('',#8214,1.0);
#8212=VECTOR('',#8215,1.0);
#8213=VECTOR('',#8216,1.0);
#8214=DIRECTION('',(-0.04399514034877462,0.9990317450540256,0));
#8215=DIRECTION('',(0.4328318718110735,0.9014746645050666,0));
#8216=DIRECTION('',(0,-1,0));
#8217=FACE_SURFACE('',(#8222),#8218,.T.);
#8218=PLANE('',#8219);
#8219=AXIS2_PLACEMENT_3D('',#466,#8220,#8221);
#8220=DIRECTION('',(0,0,-1));
#8221=DIRECTION('',(-0.4328318718110735,-0.9014746645050666,0));
#8222=FACE_BOUND('',#8223,.T.);
#8223=EDGE_LOOP('',(#8224,#8225,#8226));
#8224=ORIENTED_EDGE('',*,*,#8227,.T.);
#8225=ORIENTED_EDGE('',*,*,#8228,.T.);
#8226=ORIENTED_EDGE('',*,*,#8229,.T.);
#8227=EDGE_CURVE('',#467,#229,#8230,.F.);
#8228=EDGE_CURVE('',#229,#137,#8231,.T.);
#8229=EDGE_CURVE('',#137,#467,#8232,.T.);
#8230=LINE('',#466,#8233);
#8231=LINE('',#228,#8234);
#8232=LINE('',#136,#8235);
#8233=VECTOR('',#8236,1.0);
#8234=VECTOR('',#8237,1.0);
#8235=VECTOR('',#8238,1.0);
#8236=DIRECTION('',(-0.4328318718110735,-0.9014746645050666,0));
#8237=DIRECTION('',(0.3826930165205307,0.9238755625658776,0));
#8238=DIRECTION('',(0.43769271232125684,0.8991246240543419,0));
#8239=FACE_SURFACE('',(#8244),#8240,.T.);
#8240=PLANE('',#8241);
#8241=AXIS2_PLACEMENT_3D('',#466,#8242,#8243);
#8242=DIRECTION('',(0,0,-1));
#8243=DIRECTION('',(-0.43769271232125684,-0.8991246240543419,0));
#8244=FACE_BOUND('',#8245,.T.);
#8245=EDGE_LOOP('',(#8246,#8247,#8248));
#8246=ORIENTED_EDGE('',*,*,#8249,.T.);
#8247=ORIENTED_EDGE('',*,*,#8250,.T.);
#8248=ORIENTED_EDGE('',*,*,#8251,.T.);
#8249=EDGE_CURVE('',#467,#137,#8252,.F.);
#8250=EDGE_CURVE('',#137,#141,#8253,.T.);
#8251=EDGE_CURVE('',#141,#467,#8254,.T.);
#8252=LINE('',#466,#8255);
#8253=LINE('',#136,#8256);
#8254=LINE('',#140,#8257);
#8255=VECTOR('',#8258,1.0);
#8256=VECTOR('',#8259,1.0);
#8257=VECTOR('',#8260,1.0);
#8258=DIRECTION('',(-0.43769271232125684,-0.8991246240543419,0));
#8259=DIRECTION('',(0.1305098464192697,0.991447013202228,0));
#8260=DIRECTION('',(0.4682949000554594,0.8835722305403488,0));
#8261=FACE_SURFACE('',(#8266),#8262,.T.);
#8262=PLANE('',#8263);
#8263=AXIS2_PLACEMENT_3D('',#336,#8264,#8265);
#8264=DIRECTION('',(0,0,-1));
#8265=DIRECTION('',(1,0,0));
#8266=FACE_BOUND('',#8267,.T.);
#8267=EDGE_LOOP('',(#8268,#8269,#8270));
#8268=ORIENTED_EDGE('',*,*,#8271,.T.);
#8269=ORIENTED_EDGE('',*,*,#8272,.T.);
#8270=ORIENTED_EDGE('',*,*,#8273,.T.);
#8271=EDGE_CURVE('',#337,#185,#8274,.F.);
#8272=EDGE_CURVE('',#185,#333,#8275,.T.);
#8273=EDGE_CURVE('',#333,#337,#8276,.T.);
#8274=LINE('',#336,#8277);
#8275=LINE('',#184,#8278);
#8276=LINE('',#332,#8279);
#8277=VECTOR('',#8280,1.0);
#8278=VECTOR('',#8281,1.0);
#8279=VECTOR('',#8282,1.0);
#8280=DIRECTION('',(1,0,0));
#8281=DIRECTION('',(-0.9999775554539568,-0.006699894650561778,0));
#8282=DIRECTION('',(-0.13052496473531194,0.991445022974469,0));
#8283=FACE_SURFACE('',(#8288),#8284,.T.);
#8284=PLANE('',#8285);
#8285=AXIS2_PLACEMENT_3D('',#332,#8286,#8287);
#8286=DIRECTION('',(0,0,-1));
#8287=DIRECTION('',(0.9999775554539568,0.006699894650561778,0));
#8288=FACE_BOUND('',#8289,.T.);
#8289=EDGE_LOOP('',(#8290,#8291,#8292));
#8290=ORIENTED_EDGE('',*,*,#8293,.T.);
#8291=ORIENTED_EDGE('',*,*,#8294,.T.);
#8292=ORIENTED_EDGE('',*,*,#8295,.T.);
#8293=EDGE_CURVE('',#333,#185,#8296,.F.);
#8294=EDGE_CURVE('',#185,#189,#8297,.T.);
#8295=EDGE_CURVE('',#189,#333,#8298,.T.);
#8296=LINE('',#332,#8299);
#8297=LINE('',#184,#8300);
#8298=LINE('',#188,#8301);
#8299=VECTOR('',#8302,1.0);
#8300=VECTOR('',#8303,1.0);
#8301=VECTOR('',#8304,1.0);
#8302=DIRECTION('',(0.9999775554539568,0.006699894650561778,0));
#8303=DIRECTION('',(-0.13053107693030977,-0.9914442182772633,0));
#8304=DIRECTION('',(-1,0,0));
#8305=FACE_SURFACE('',(#8310),#8306,.T.);
#8306=PLANE('',#8307);
#8307=AXIS2_PLACEMENT_3D('',#332,#8308,#8309);
#8308=DIRECTION('',(0,-0,-1));
#8309=DIRECTION('',(1,0,0));
#8310=FACE_BOUND('',#8311,.T.);
#8311=EDGE_LOOP('',(#8312,#8313,#8314));
#8312=ORIENTED_EDGE('',*,*,#8315,.T.);
#8313=ORIENTED_EDGE('',*,*,#8316,.T.);
#8314=ORIENTED_EDGE('',*,*,#8317,.T.);
#8315=EDGE_CURVE('',#333,#189,#8318,.F.);
#8316=EDGE_CURVE('',#189,#329,#8319,.T.);
#8317=EDGE_CURVE('',#329,#333,#8320,.T.);
#8318=LINE('',#332,#8321);
#8319=LINE('',#188,#8322);
#8320=LINE('',#328,#8323);
#8321=VECTOR('',#8324,1.0);
#8322=VECTOR('',#8325,1.0);
#8323=VECTOR('',#8326,1.0);
#8324=DIRECTION('',(1,0,0));
#8325=DIRECTION('',(-0.9999775565781593,-0.006699726858175765,0));
#8326=DIRECTION('',(0.13052818353007217,0.9914445992108384,0));
#8327=FACE_SURFACE('',(#8332),#8328,.T.);
#8328=PLANE('',#8329);
#8329=AXIS2_PLACEMENT_3D('',#328,#8330,#8331);
#8330=DIRECTION('',(0,0,-1));
#8331=DIRECTION('',(0.9999775565781593,0.006699726858175765,0));
#8332=FACE_BOUND('',#8333,.T.);
#8333=EDGE_LOOP('',(#8334,#8335,#8336));
#8334=ORIENTED_EDGE('',*,*,#8337,.T.);
#8335=ORIENTED_EDGE('',*,*,#8338,.T.);
#8336=ORIENTED_EDGE('',*,*,#8339,.T.);
#8337=EDGE_CURVE('',#329,#189,#8340,.F.);
#8338=EDGE_CURVE('',#189,#193,#8341,.T.);
#8339=EDGE_CURVE('',#193,#329,#8342,.T.);
#8340=LINE('',#328,#8343);
#8341=LINE('',#188,#8344);
#8342=LINE('',#192,#8345);
#8343=VECTOR('',#8346,1.0);
#8344=VECTOR('',#8347,1.0);
#8345=VECTOR('',#8348,1.0);
#8346=DIRECTION('',(0.9999775565781593,0.006699726858175765,0));
#8347=DIRECTION('',(0.13053429587057355,-0.9914437944742878,0));
#8348=DIRECTION('',(-1,0,0));
#8349=FACE_SURFACE('',(#8354),#8350,.T.);
#8350=PLANE('',#8351);
#8351=AXIS2_PLACEMENT_3D('',#328,#8352,#8353);
#8352=DIRECTION('',(0,-0,-1));
#8353=DIRECTION('',(1,0,0));
#8354=FACE_BOUND('',#8355,.T.);
#8355=EDGE_LOOP('',(#8356,#8357,#8358));
#8356=ORIENTED_EDGE('',*,*,#8359,.T.);
#8357=ORIENTED_EDGE('',*,*,#8360,.T.);
#8358=ORIENTED_EDGE('',*,*,#8361,.T.);
#8359=EDGE_CURVE('',#329,#193,#8362,.F.);
#8360=EDGE_CURVE('',#193,#421,#8363,.T.);
#8361=EDGE_CURVE('',#421,#329,#8364,.T.);
#8362=LINE('',#328,#8365);
#8363=LINE('',#192,#8366);
#8364=LINE('',#420,#8367);
#8365=VECTOR('',#8368,1.0);
#8366=VECTOR('',#8369,1.0);
#8367=VECTOR('',#8370,1.0);
#8368=DIRECTION('',(1,0,0));
#8369=DIRECTION('',(-0.9999806452921436,-0.006221659031817882,0));
#8370=DIRECTION('',(0.3826824014013807,0.9238799595497634,0));
#8371=FACE_SURFACE('',(#8376),#8372,.T.);
#8372=PLANE('',#8373);
#8373=AXIS2_PLACEMENT_3D('',#420,#8374,#8375);
#8374=DIRECTION('',(0,0,-1));
#8375=DIRECTION('',(0.9999806452921436,0.006221659031817882,0));
#8376=FACE_BOUND('',#8377,.T.);
#8377=EDGE_LOOP('',(#8378,#8379,#8380));
#8378=ORIENTED_EDGE('',*,*,#8381,.T.);
#8379=ORIENTED_EDGE('',*,*,#8382,.T.);
#8380=ORIENTED_EDGE('',*,*,#8383,.T.);
#8381=EDGE_CURVE('',#421,#193,#8384,.F.);
#8382=EDGE_CURVE('',#193,#197,#8385,.T.);
#8383=EDGE_CURVE('',#197,#421,#8386,.T.);
#8384=LINE('',#420,#8387);
#8385=LINE('',#192,#8388);
#8386=LINE('',#196,#8389);
#8387=VECTOR('',#8390,1.0);
#8388=VECTOR('',#8391,1.0);
#8389=VECTOR('',#8392,1.0);
#8390=DIRECTION('',(0.9999806452921436,0.006221659031817882,0));
#8391=DIRECTION('',(0.3826930165205307,-0.9238755625658776,0));
#8392=DIRECTION('',(-1,0,0));
#8393=FACE_SURFACE('',(#8398),#8394,.T.);
#8394=PLANE('',#8395);
#8395=AXIS2_PLACEMENT_3D('',#420,#8396,#8397);
#8396=DIRECTION('',(0,-0,-1));
#8397=DIRECTION('',(1,0,0));
#8398=FACE_BOUND('',#8399,.T.);
#8399=EDGE_LOOP('',(#8400,#8401,#8402));
#8400=ORIENTED_EDGE('',*,*,#8403,.T.);
#8401=ORIENTED_EDGE('',*,*,#8404,.T.);
#8402=ORIENTED_EDGE('',*,*,#8405,.T.);
#8403=EDGE_CURVE('',#421,#197,#8406,.F.);
#8404=EDGE_CURVE('',#197,#417,#8407,.T.);
#8405=EDGE_CURVE('',#417,#421,#8408,.T.);
#8406=LINE('',#420,#8409);
#8407=LINE('',#196,#8410);
#8408=LINE('',#416,#8411);
#8409=VECTOR('',#8412,1.0);
#8410=VECTOR('',#8413,1.0);
#8411=VECTOR('',#8414,1.0);
#8412=DIRECTION('',(1,0,0));
#8413=DIRECTION('',(-0.9999859157996922,-0.005307372443207828,0));
#8414=DIRECTION('',(0.6087547140025935,0.7933584928515107,0));
#8415=FACE_SURFACE('',(#8420),#8416,.T.);
#8416=PLANE('',#8417);
#8417=AXIS2_PLACEMENT_3D('',#416,#8418,#8419);
#8418=DIRECTION('',(0,0,-1));
#8419=DIRECTION('',(0.9999859157996922,0.005307372443207828,0));
#8420=FACE_BOUND('',#8421,.T.);
#8421=EDGE_LOOP('',(#8422,#8423,#8424));
#8422=ORIENTED_EDGE('',*,*,#8425,.T.);
#8423=ORIENTED_EDGE('',*,*,#8426,.T.);
#8424=ORIENTED_EDGE('',*,*,#8427,.T.);
#8425=EDGE_CURVE('',#417,#197,#8428,.F.);
#8426=EDGE_CURVE('',#197,#201,#8429,.T.);
#8427=EDGE_CURVE('',#201,#417,#8430,.T.);
#8428=LINE('',#416,#8431);
#8429=LINE('',#196,#8432);
#8430=LINE('',#200,#8433);
#8431=VECTOR('',#8434,1.0);
#8432=VECTOR('',#8435,1.0);
#8433=VECTOR('',#8436,1.0);
#8434=DIRECTION('',(0.9999859157996922,0.005307372443207828,0));
#8435=DIRECTION('',(0.6087547140025935,-0.7933584928515107,0));
#8436=DIRECTION('',(-1,0,0));
#8437=FACE_SURFACE('',(#8442),#8438,.T.);
#8438=PLANE('',#8439);
#8439=AXIS2_PLACEMENT_3D('',#416,#8440,#8441);
#8440=DIRECTION('',(0,-0,-1));
#8441=DIRECTION('',(1,0,0));
#8442=FACE_BOUND('',#8443,.T.);
#8443=EDGE_LOOP('',(#8444,#8445,#8446));
#8444=ORIENTED_EDGE('',*,*,#8447,.T.);
#8445=ORIENTED_EDGE('',*,*,#8448,.T.);
#8446=ORIENTED_EDGE('',*,*,#8449,.T.);
#8447=EDGE_CURVE('',#417,#201,#8450,.F.);
#8448=EDGE_CURVE('',#201,#413,#8451,.T.);
#8449=EDGE_CURVE('',#413,#417,#8452,.T.);
#8450=LINE('',#416,#8453);
#8451=LINE('',#200,#8454);
#8452=LINE('',#412,#8455);
#8453=VECTOR('',#8456,1.0);
#8454=VECTOR('',#8457,1.0);
#8455=VECTOR('',#8458,1.0);
#8456=DIRECTION('',(1,0,0));
#8457=DIRECTION('',(-0.9999918609721008,-0.004034599057493862,0));
#8458=DIRECTION('',(0.7933538841270593,0.6087607202674205,0));
#8459=FACE_SURFACE('',(#8464),#8460,.T.);
#8460=PLANE('',#8461);
#8461=AXIS2_PLACEMENT_3D('',#412,#8462,#8463);
#8462=DIRECTION('',(0,0,-1));
#8463=DIRECTION('',(0.9999918609721008,0.004034599057493862,0));
#8464=FACE_BOUND('',#8465,.T.);
#8465=EDGE_LOOP('',(#8466,#8467,#8468));
#8466=ORIENTED_EDGE('',*,*,#8469,.T.);
#8467=ORIENTED_EDGE('',*,*,#8470,.T.);
#8468=ORIENTED_EDGE('',*,*,#8471,.T.);
#8469=EDGE_CURVE('',#413,#201,#8472,.F.);
#8470=EDGE_CURVE('',#201,#205,#8473,.T.);
#8471=EDGE_CURVE('',#205,#413,#8474,.T.);
#8472=LINE('',#412,#8475);
#8473=LINE('',#200,#8476);
#8474=LINE('',#204,#8477);
#8475=VECTOR('',#8478,1.0);
#8476=VECTOR('',#8479,1.0);
#8477=VECTOR('',#8480,1.0);
#8478=DIRECTION('',(0.9999918609721008,0.004034599057493862,0));
#8479=DIRECTION('',(0.7933492752661906,-0.608766726615877,0));
#8480=DIRECTION('',(-1,0,0));
#8481=FACE_SURFACE('',(#8486),#8482,.T.);
#8482=PLANE('',#8483);
#8483=AXIS2_PLACEMENT_3D('',#412,#8484,#8485);
#8484=DIRECTION('',(0,0,-1));
#8485=DIRECTION('',(1,0,0));
#8486=FACE_BOUND('',#8487,.T.);
#8487=EDGE_LOOP('',(#8488,#8489,#8490));
#8488=ORIENTED_EDGE('',*,*,#8491,.T.);
#8489=ORIENTED_EDGE('',*,*,#8492,.T.);
#8490=ORIENTED_EDGE('',*,*,#8493,.T.);
#8491=EDGE_CURVE('',#413,#205,#8494,.F.);
#8492=EDGE_CURVE('',#205,#253,#8495,.T.);
#8493=EDGE_CURVE('',#253,#413,#8496,.T.);
#8494=LINE('',#412,#8497);
#8495=LINE('',#204,#8498);
#8496=LINE('',#252,#8499);
#8497=VECTOR('',#8500,1.0);
#8498=VECTOR('',#8501,1.0);
#8499=VECTOR('',#8502,1.0);
#8500=DIRECTION('',(1,0,0));
#8501=DIRECTION('',(-0.842774042155576,-0.5382675114371581,0));
#8502=DIRECTION('',(0,1,0));
#8503=FACE_SURFACE('',(#8508),#8504,.T.);
#8504=PLANE('',#8505);
#8505=AXIS2_PLACEMENT_3D('',#252,#8506,#8507);
#8506=DIRECTION('',(0,0,-1));
#8507=DIRECTION('',(0.842774042155576,0.5382675114371581,0));
#8508=FACE_BOUND('',#8509,.T.);
#8509=EDGE_LOOP('',(#8510,#8511,#8512));
#8510=ORIENTED_EDGE('',*,*,#8513,.T.);
#8511=ORIENTED_EDGE('',*,*,#8514,.T.);
#8512=ORIENTED_EDGE('',*,*,#8515,.T.);
#8513=EDGE_CURVE('',#253,#205,#8516,.F.);
#8514=EDGE_CURVE('',#205,#77,#8517,.T.);
#8515=EDGE_CURVE('',#77,#253,#8518,.T.);
#8516=LINE('',#252,#8519);
#8517=LINE('',#204,#8520);
#8518=LINE('',#76,#8521);
#8519=VECTOR('',#8522,1.0);
#8520=VECTOR('',#8523,1.0);
#8521=VECTOR('',#8524,1.0);
#8522=DIRECTION('',(0.842774042155576,0.5382675114371581,0));
#8523=DIRECTION('',(0,-1,0));
#8524=DIRECTION('',(-1,0,0));
#8525=FACE_SURFACE('',(#8530),#8526,.T.);
#8526=PLANE('',#8527);
#8527=AXIS2_PLACEMENT_3D('',#252,#8528,#8529);
#8528=DIRECTION('',(0,0,-1));
#8529=DIRECTION('',(1,0,0));
#8530=FACE_BOUND('',#8531,.T.);
#8531=EDGE_LOOP('',(#8532,#8533,#8534));
#8532=ORIENTED_EDGE('',*,*,#8535,.T.);
#8533=ORIENTED_EDGE('',*,*,#8536,.T.);
#8534=ORIENTED_EDGE('',*,*,#8537,.T.);
#8535=EDGE_CURVE('',#253,#77,#8538,.F.);
#8536=EDGE_CURVE('',#77,#249,#8539,.T.);
#8537=EDGE_CURVE('',#249,#253,#8540,.T.);
#8538=LINE('',#252,#8541);
#8539=LINE('',#76,#8542);
#8540=LINE('',#248,#8543);
#8541=VECTOR('',#8544,1.0);
#8542=VECTOR('',#8545,1.0);
#8543=VECTOR('',#8546,1.0);
#8544=DIRECTION('',(1,0,0));
#8545=DIRECTION('',(-0.9999918609707591,-0.0040345993900343805,0));
#8546=DIRECTION('',(-0.7933538841270593,0.6087607202674205,0));
#8547=FACE_SURFACE('',(#8552),#8548,.T.);
#8548=PLANE('',#8549);
#8549=AXIS2_PLACEMENT_3D('',#248,#8550,#8551);
#8550=DIRECTION('',(0,0,-1));
#8551=DIRECTION('',(0.9999918609707591,0.0040345993900343805,0));
#8552=FACE_BOUND('',#8553,.T.);
#8553=EDGE_LOOP('',(#8554,#8555,#8556));
#8554=ORIENTED_EDGE('',*,*,#8557,.T.);
#8555=ORIENTED_EDGE('',*,*,#8558,.T.);
#8556=ORIENTED_EDGE('',*,*,#8559,.T.);
#8557=EDGE_CURVE('',#249,#77,#8560,.F.);
#8558=EDGE_CURVE('',#77,#81,#8561,.T.);
#8559=EDGE_CURVE('',#81,#249,#8562,.T.);
#8560=LINE('',#248,#8563);
#8561=LINE('',#76,#8564);
#8562=LINE('',#80,#8565);
#8563=VECTOR('',#8566,1.0);
#8564=VECTOR('',#8567,1.0);
#8565=VECTOR('',#8568,1.0);
#8566=DIRECTION('',(0.9999918609707591,0.0040345993900343805,0));
#8567=DIRECTION('',(-0.7933492752661906,-0.608766726615877,0));
#8568=DIRECTION('',(-1,0,0));
#8569=FACE_SURFACE('',(#8574),#8570,.T.);
#8570=PLANE('',#8571);
#8571=AXIS2_PLACEMENT_3D('',#248,#8572,#8573);
#8572=DIRECTION('',(0,0,-1));
#8573=DIRECTION('',(1,0,0));
#8574=FACE_BOUND('',#8575,.T.);
#8575=EDGE_LOOP('',(#8576,#8577,#8578));
#8576=ORIENTED_EDGE('',*,*,#8579,.T.);
#8577=ORIENTED_EDGE('',*,*,#8580,.T.);
#8578=ORIENTED_EDGE('',*,*,#8581,.T.);
#8579=EDGE_CURVE('',#249,#81,#8582,.F.);
#8580=EDGE_CURVE('',#81,#245,#8583,.T.);
#8581=EDGE_CURVE('',#245,#249,#8584,.T.);
#8582=LINE('',#248,#8585);
#8583=LINE('',#80,#8586);
#8584=LINE('',#244,#8587);
#8585=VECTOR('',#8588,1.0);
#8586=VECTOR('',#8589,1.0);
#8587=VECTOR('',#8590,1.0);
#8588=DIRECTION('',(1,0,0));
#8589=DIRECTION('',(-0.9999859166827647,-0.00530720605693479,0));
#8590=DIRECTION('',(-0.608766726615877,0.7933492752661906,0));
#8591=FACE_SURFACE('',(#8596),#8592,.T.);
#8592=PLANE('',#8593);
#8593=AXIS2_PLACEMENT_3D('',#244,#8594,#8595);
#8594=DIRECTION('',(0,0,-1));
#8595=DIRECTION('',(0.9999859166827647,0.00530720605693479,0));
#8596=FACE_BOUND('',#8597,.T.);
#8597=EDGE_LOOP('',(#8598,#8599,#8600));
#8598=ORIENTED_EDGE('',*,*,#8601,.T.);
#8599=ORIENTED_EDGE('',*,*,#8602,.T.);
#8600=ORIENTED_EDGE('',*,*,#8603,.T.);
#8601=EDGE_CURVE('',#245,#81,#8604,.F.);
#8602=EDGE_CURVE('',#81,#85,#8605,.T.);
#8603=EDGE_CURVE('',#85,#245,#8606,.T.);
#8604=LINE('',#244,#8607);
#8605=LINE('',#80,#8608);
#8606=LINE('',#84,#8609);
#8607=VECTOR('',#8610,1.0);
#8608=VECTOR('',#8611,1.0);
#8609=VECTOR('',#8612,1.0);
#8610=DIRECTION('',(0.9999859166827647,0.00530720605693479,0));
#8611=DIRECTION('',(-0.608766726615877,-0.7933492752661906,0));
#8612=DIRECTION('',(-1,0,0));
#8613=FACE_SURFACE('',(#8618),#8614,.T.);
#8614=PLANE('',#8615);
#8615=AXIS2_PLACEMENT_3D('',#244,#8616,#8617);
#8616=DIRECTION('',(0,0,-1));
#8617=DIRECTION('',(1,0,0));
#8618=FACE_BOUND('',#8619,.T.);
#8619=EDGE_LOOP('',(#8620,#8621,#8622));
#8620=ORIENTED_EDGE('',*,*,#8623,.T.);
#8621=ORIENTED_EDGE('',*,*,#8624,.T.);
#8622=ORIENTED_EDGE('',*,*,#8625,.T.);
#8623=EDGE_CURVE('',#245,#85,#8626,.F.);
#8624=EDGE_CURVE('',#85,#241,#8627,.T.);
#8625=EDGE_CURVE('',#241,#245,#8628,.T.);
#8626=LINE('',#244,#8629);
#8627=LINE('',#84,#8630);
#8628=LINE('',#240,#8631);
#8629=VECTOR('',#8632,1.0);
#8630=VECTOR('',#8633,1.0);
#8631=VECTOR('',#8634,1.0);
#8632=DIRECTION('',(1,0,0));
#8633=DIRECTION('',(-0.9999806447743249,-0.0062217422580372285,0));
#8634=DIRECTION('',(-0.38267800450373696,0.9238817807863935,0));
#8635=FACE_SURFACE('',(#8640),#8636,.T.);
#8636=PLANE('',#8637);
#8637=AXIS2_PLACEMENT_3D('',#240,#8638,#8639);
#8638=DIRECTION('',(0,0,-1));
#8639=DIRECTION('',(0.9999806447743249,0.0062217422580372285,0));
#8640=FACE_BOUND('',#8641,.T.);
#8641=EDGE_LOOP('',(#8642,#8643,#8644));
#8642=ORIENTED_EDGE('',*,*,#8645,.T.);
#8643=ORIENTED_EDGE('',*,*,#8646,.T.);
#8644=ORIENTED_EDGE('',*,*,#8647,.T.);
#8645=EDGE_CURVE('',#241,#85,#8648,.F.);
#8646=EDGE_CURVE('',#85,#89,#8649,.T.);
#8647=EDGE_CURVE('',#89,#241,#8650,.T.);
#8648=LINE('',#240,#8651);
#8649=LINE('',#84,#8652);
#8650=LINE('',#88,#8653);
#8651=VECTOR('',#8654,1.0);
#8652=VECTOR('',#8655,1.0);
#8653=VECTOR('',#8656,1.0);
#8654=DIRECTION('',(0.9999806447743249,0.0062217422580372285,0));
#8655=DIRECTION('',(-0.382688619542775,-0.9238773838948788,0));
#8656=DIRECTION('',(-1,0,0));
#8657=FACE_SURFACE('',(#8662),#8658,.T.);
#8658=PLANE('',#8659);
#8659=AXIS2_PLACEMENT_3D('',#240,#8660,#8661);
#8660=DIRECTION('',(0,0,-1));
#8661=DIRECTION('',(1,0,0));
#8662=FACE_BOUND('',#8663,.T.);
#8663=EDGE_LOOP('',(#8664,#8665,#8666));
#8664=ORIENTED_EDGE('',*,*,#8667,.T.);
#8665=ORIENTED_EDGE('',*,*,#8668,.T.);
#8666=ORIENTED_EDGE('',*,*,#8669,.T.);
#8667=EDGE_CURVE('',#241,#89,#8670,.F.);
#8668=EDGE_CURVE('',#89,#237,#8671,.T.);
#8669=EDGE_CURVE('',#237,#241,#8672,.T.);
#8670=LINE('',#240,#8673);
#8671=LINE('',#88,#8674);
#8672=LINE('',#236,#8675);
#8673=VECTOR('',#8676,1.0);
#8674=VECTOR('',#8677,1.0);
#8675=VECTOR('',#8678,1.0);
#8676=DIRECTION('',(1,0,0));
#8677=DIRECTION('',(-0.9999775560170047,-0.0066998106136095265,0));
#8678=DIRECTION('',(-0.13052657411302013,0.9914448110965726,0));
#8679=FACE_SURFACE('',(#8684),#8680,.T.);
#8680=PLANE('',#8681);
#8681=AXIS2_PLACEMENT_3D('',#236,#8682,#8683);
#8682=DIRECTION('',(0,0,-1));
#8683=DIRECTION('',(0.9999775560170047,0.0066998106136095265,0));
#8684=FACE_BOUND('',#8685,.T.);
#8685=EDGE_LOOP('',(#8686,#8687,#8688));
#8686=ORIENTED_EDGE('',*,*,#8689,.T.);
#8687=ORIENTED_EDGE('',*,*,#8690,.T.);
#8688=ORIENTED_EDGE('',*,*,#8691,.T.);
#8689=EDGE_CURVE('',#237,#89,#8692,.F.);
#8690=EDGE_CURVE('',#89,#93,#8693,.T.);
#8691=EDGE_CURVE('',#93,#237,#8694,.T.);
#8692=LINE('',#236,#8695);
#8693=LINE('',#88,#8696);
#8694=LINE('',#92,#8697);
#8695=VECTOR('',#8698,1.0);
#8696=VECTOR('',#8699,1.0);
#8697=VECTOR('',#8700,1.0);
#8698=DIRECTION('',(0.9999775560170047,0.0066998106136095265,0));
#8699=DIRECTION('',(-0.13053268638076884,-0.9914440063796945,0));
#8700=DIRECTION('',(-1,0,0));
#8701=FACE_SURFACE('',(#8706),#8702,.T.);
#8702=PLANE('',#8703);
#8703=AXIS2_PLACEMENT_3D('',#236,#8704,#8705);
#8704=DIRECTION('',(0,-0,-1));
#8705=DIRECTION('',(1,0,0));
#8706=FACE_BOUND('',#8707,.T.);
#8707=EDGE_LOOP('',(#8708,#8709,#8710));
#8708=ORIENTED_EDGE('',*,*,#8711,.T.);
#8709=ORIENTED_EDGE('',*,*,#8712,.T.);
#8710=ORIENTED_EDGE('',*,*,#8713,.T.);
#8711=EDGE_CURVE('',#237,#93,#8714,.F.);
#8712=EDGE_CURVE('',#93,#233,#8715,.T.);
#8713=EDGE_CURVE('',#233,#237,#8716,.T.);
#8714=LINE('',#236,#8717);
#8715=LINE('',#92,#8718);
#8716=LINE('',#232,#8719);
#8717=VECTOR('',#8720,1.0);
#8718=VECTOR('',#8721,1.0);
#8719=VECTOR('',#8722,1.0);
#8720=DIRECTION('',(1,0,0));
#8721=DIRECTION('',(-0.9999775560151185,-0.00669981089513169,0));
#8722=DIRECTION('',(0.13052657411302013,0.9914448110965726,0));
#8723=FACE_SURFACE('',(#8728),#8724,.T.);
#8724=PLANE('',#8725);
#8725=AXIS2_PLACEMENT_3D('',#232,#8726,#8727);
#8726=DIRECTION('',(0,0,-1));
#8727=DIRECTION('',(0.9999775560151185,0.00669981089513169,0));
#8728=FACE_BOUND('',#8729,.T.);
#8729=EDGE_LOOP('',(#8730,#8731,#8732));
#8730=ORIENTED_EDGE('',*,*,#8733,.T.);
#8731=ORIENTED_EDGE('',*,*,#8734,.T.);
#8732=ORIENTED_EDGE('',*,*,#8735,.T.);
#8733=EDGE_CURVE('',#233,#93,#8736,.F.);
#8734=EDGE_CURVE('',#93,#97,#8737,.T.);
#8735=EDGE_CURVE('',#97,#233,#8738,.T.);
#8736=LINE('',#232,#8739);
#8737=LINE('',#92,#8740);
#8738=LINE('',#96,#8741);
#8739=VECTOR('',#8742,1.0);
#8740=VECTOR('',#8743,1.0);
#8741=VECTOR('',#8744,1.0);
#8742=DIRECTION('',(0.9999775560151185,0.00669981089513169,0));
#8743=DIRECTION('',(0.13053268638076884,-0.9914440063796945,0));
#8744=DIRECTION('',(-1,0,0));
#8745=FACE_SURFACE('',(#8750),#8746,.T.);
#8746=PLANE('',#8747);
#8747=AXIS2_PLACEMENT_3D('',#232,#8748,#8749);
#8748=DIRECTION('',(0,-0,-1));
#8749=DIRECTION('',(1,0,0));
#8750=FACE_BOUND('',#8751,.T.);
#8751=EDGE_LOOP('',(#8752,#8753,#8754));
#8752=ORIENTED_EDGE('',*,*,#8755,.T.);
#8753=ORIENTED_EDGE('',*,*,#8756,.T.);
#8754=ORIENTED_EDGE('',*,*,#8757,.T.);
#8755=EDGE_CURVE('',#233,#97,#8758,.F.);
#8756=EDGE_CURVE('',#97,#325,#8759,.T.);
#8757=EDGE_CURVE('',#325,#233,#8760,.T.);
#8758=LINE('',#232,#8761);
#8759=LINE('',#96,#8762);
#8760=LINE('',#324,#8763);
#8761=VECTOR('',#8764,1.0);
#8762=VECTOR('',#8765,1.0);
#8763=VECTOR('',#8766,1.0);
#8764=DIRECTION('',(1,0,0));
#8765=DIRECTION('',(-0.9999806447710828,-0.006221742779101325,0));
#8766=DIRECTION('',(0.38267800450373696,0.9238817807863935,0));
#8767=FACE_SURFACE('',(#8772),#8768,.T.);
#8768=PLANE('',#8769);
#8769=AXIS2_PLACEMENT_3D('',#324,#8770,#8771);
#8770=DIRECTION('',(0,0,-1));
#8771=DIRECTION('',(0.9999806447710828,0.006221742779101325,0));
#8772=FACE_BOUND('',#8773,.T.);
#8773=EDGE_LOOP('',(#8774,#8775,#8776));
#8774=ORIENTED_EDGE('',*,*,#8777,.T.);
#8775=ORIENTED_EDGE('',*,*,#8778,.T.);
#8776=ORIENTED_EDGE('',*,*,#8779,.T.);
#8777=EDGE_CURVE('',#325,#97,#8780,.F.);
#8778=EDGE_CURVE('',#97,#101,#8781,.T.);
#8779=EDGE_CURVE('',#101,#325,#8782,.T.);
#8780=LINE('',#324,#8783);
#8781=LINE('',#96,#8784);
#8782=LINE('',#100,#8785);
#8783=VECTOR('',#8786,1.0);
#8784=VECTOR('',#8787,1.0);
#8785=VECTOR('',#8788,1.0);
#8786=DIRECTION('',(0.9999806447710828,0.006221742779101325,0));
#8787=DIRECTION('',(0.382688619542775,-0.9238773838948788,0));
#8788=DIRECTION('',(-1,0,0));
#8789=FACE_SURFACE('',(#8794),#8790,.T.);
#8790=PLANE('',#8791);
#8791=AXIS2_PLACEMENT_3D('',#324,#8792,#8793);
#8792=DIRECTION('',(0,-0,-1));
#8793=DIRECTION('',(1,0,0));
#8794=FACE_BOUND('',#8795,.T.);
#8795=EDGE_LOOP('',(#8796,#8797,#8798));
#8796=ORIENTED_EDGE('',*,*,#8799,.T.);
#8797=ORIENTED_EDGE('',*,*,#8800,.T.);
#8798=ORIENTED_EDGE('',*,*,#8801,.T.);
#8799=EDGE_CURVE('',#325,#101,#8802,.F.);
#8800=EDGE_CURVE('',#101,#321,#8803,.T.);
#8801=EDGE_CURVE('',#321,#325,#8804,.T.);
#8802=LINE('',#324,#8805);
#8803=LINE('',#100,#8806);
#8804=LINE('',#320,#8807);
#8805=VECTOR('',#8808,1.0);
#8806=VECTOR('',#8809,1.0);
#8807=VECTOR('',#8810,1.0);
#8808=DIRECTION('',(1,0,0));
#8809=DIRECTION('',(-0.9999859166827647,-0.00530720605693479,0));
#8810=DIRECTION('',(0.608766726615877,0.7933492752661906,0));
#8811=FACE_SURFACE('',(#8816),#8812,.T.);
#8812=PLANE('',#8813);
#8813=AXIS2_PLACEMENT_3D('',#320,#8814,#8815);
#8814=DIRECTION('',(0,0,-1));
#8815=DIRECTION('',(0.9999859166827647,0.00530720605693479,0));
#8816=FACE_BOUND('',#8817,.T.);
#8817=EDGE_LOOP('',(#8818,#8819,#8820));
#8818=ORIENTED_EDGE('',*,*,#8821,.T.);
#8819=ORIENTED_EDGE('',*,*,#8822,.T.);
#8820=ORIENTED_EDGE('',*,*,#8823,.T.);
#8821=EDGE_CURVE('',#321,#101,#8824,.F.);
#8822=EDGE_CURVE('',#101,#105,#8825,.T.);
#8823=EDGE_CURVE('',#105,#321,#8826,.T.);
#8824=LINE('',#320,#8827);
#8825=LINE('',#100,#8828);
#8826=LINE('',#104,#8829);
#8827=VECTOR('',#8830,1.0);
#8828=VECTOR('',#8831,1.0);
#8829=VECTOR('',#8832,1.0);
#8830=DIRECTION('',(0.9999859166827647,0.00530720605693479,0));
#8831=DIRECTION('',(0.608766726615877,-0.7933492752661906,0));
#8832=DIRECTION('',(-1,0,0));
#8833=FACE_SURFACE('',(#8838),#8834,.T.);
#8834=PLANE('',#8835);
#8835=AXIS2_PLACEMENT_3D('',#320,#8836,#8837);
#8836=DIRECTION('',(0,-0,-1));
#8837=DIRECTION('',(1,0,0));
#8838=FACE_BOUND('',#8839,.T.);
#8839=EDGE_LOOP('',(#8840,#8841,#8842));
#8840=ORIENTED_EDGE('',*,*,#8843,.T.);
#8841=ORIENTED_EDGE('',*,*,#8844,.T.);
#8842=ORIENTED_EDGE('',*,*,#8845,.T.);
#8843=EDGE_CURVE('',#321,#105,#8846,.F.);
#8844=EDGE_CURVE('',#105,#317,#8847,.T.);
#8845=EDGE_CURVE('',#317,#321,#8848,.T.);
#8846=LINE('',#320,#8849);
#8847=LINE('',#104,#8850);
#8848=LINE('',#316,#8851);
#8849=VECTOR('',#8852,1.0);
#8850=VECTOR('',#8853,1.0);
#8851=VECTOR('',#8854,1.0);
#8852=DIRECTION('',(1,0,0));
#8853=DIRECTION('',(-0.9999918609721008,-0.004034599057493862,0));
#8854=DIRECTION('',(0.7933538841270593,0.6087607202674205,0));
#8855=FACE_SURFACE('',(#8860),#8856,.T.);
#8856=PLANE('',#8857);
#8857=AXIS2_PLACEMENT_3D('',#316,#8858,#8859);
#8858=DIRECTION('',(0,0,-1));
#8859=DIRECTION('',(0.9999918609721008,0.004034599057493862,0));
#8860=FACE_BOUND('',#8861,.T.);
#8861=EDGE_LOOP('',(#8862,#8863,#8864));
#8862=ORIENTED_EDGE('',*,*,#8865,.T.);
#8863=ORIENTED_EDGE('',*,*,#8866,.T.);
#8864=ORIENTED_EDGE('',*,*,#8867,.T.);
#8865=EDGE_CURVE('',#317,#105,#8868,.F.);
#8866=EDGE_CURVE('',#105,#109,#8869,.T.);
#8867=EDGE_CURVE('',#109,#317,#8870,.T.);
#8868=LINE('',#316,#8871);
#8869=LINE('',#104,#8872);
#8870=LINE('',#108,#8873);
#8871=VECTOR('',#8874,1.0);
#8872=VECTOR('',#8875,1.0);
#8873=VECTOR('',#8876,1.0);
#8874=DIRECTION('',(0.9999918609721008,0.004034599057493862,0));
#8875=DIRECTION('',(0.7933492752661906,-0.608766726615877,0));
#8876=DIRECTION('',(-1,0,0));
#8877=FACE_SURFACE('',(#8882),#8878,.T.);
#8878=PLANE('',#8879);
#8879=AXIS2_PLACEMENT_3D('',#316,#8880,#8881);
#8880=DIRECTION('',(0,-0,-1));
#8881=DIRECTION('',(1,0,0));
#8882=FACE_BOUND('',#8883,.T.);
#8883=EDGE_LOOP('',(#8884,#8885,#8886));
#8884=ORIENTED_EDGE('',*,*,#8887,.T.);
#8885=ORIENTED_EDGE('',*,*,#8888,.T.);
#8886=ORIENTED_EDGE('',*,*,#8889,.T.);
#8887=EDGE_CURVE('',#317,#109,#8890,.F.);
#8888=EDGE_CURVE('',#109,#459,#8891,.T.);
#8889=EDGE_CURVE('',#459,#317,#8892,.T.);
#8890=LINE('',#316,#8893);
#8891=LINE('',#108,#8894);
#8892=LINE('',#458,#8895);
#8893=VECTOR('',#8896,1.0);
#8894=VECTOR('',#8897,1.0);
#8895=VECTOR('',#8898,1.0);
#8896=DIRECTION('',(1,0,0));
#8897=DIRECTION('',(-0.999553891257597,-0.029866678285272872,0));
#8898=DIRECTION('',(0.9014749774992303,0.43283121992615353,0));
#8899=FACE_SURFACE('',(#8904),#8900,.T.);
#8900=PLANE('',#8901);
#8901=AXIS2_PLACEMENT_3D('',#184,#8902,#8903);
#8902=DIRECTION('',(0,0,-1));
#8903=DIRECTION('',(-1,0,0));
#8904=FACE_BOUND('',#8905,.T.);
#8905=EDGE_LOOP('',(#8906,#8907,#8908));
#8906=ORIENTED_EDGE('',*,*,#8909,.T.);
#8907=ORIENTED_EDGE('',*,*,#8910,.T.);
#8908=ORIENTED_EDGE('',*,*,#8911,.T.);
#8909=EDGE_CURVE('',#185,#337,#8912,.F.);
#8910=EDGE_CURVE('',#337,#181,#8913,.T.);
#8911=EDGE_CURVE('',#181,#185,#8914,.T.);
#8912=LINE('',#184,#8915);
#8913=LINE('',#336,#8916);
#8914=LINE('',#180,#8917);
#8915=VECTOR('',#8918,1.0);
#8916=VECTOR('',#8919,1.0);
#8917=VECTOR('',#8920,1.0);
#8918=DIRECTION('',(-1,0,0));
#8919=DIRECTION('',(0.9999806452953856,0.006221658510760797,0));
#8920=DIRECTION('',(-0.3826930165205307,-0.9238755625658776,0));
#8921=FACE_SURFACE('',(#8926),#8922,.T.);
#8922=PLANE('',#8923);
#8923=AXIS2_PLACEMENT_3D('',#180,#8924,#8925);
#8924=DIRECTION('',(-0,0,-1));
#8925=DIRECTION('',(-0.9999806452953856,-0.006221658510760797,0));
#8926=FACE_BOUND('',#8927,.T.);
#8927=EDGE_LOOP('',(#8928,#8929,#8930));
#8928=ORIENTED_EDGE('',*,*,#8931,.T.);
#8929=ORIENTED_EDGE('',*,*,#8932,.T.);
#8930=ORIENTED_EDGE('',*,*,#8933,.T.);
#8931=EDGE_CURVE('',#181,#337,#8934,.F.);
#8932=EDGE_CURVE('',#337,#341,#8935,.T.);
#8933=EDGE_CURVE('',#341,#181,#8936,.T.);
#8934=LINE('',#180,#8937);
#8935=LINE('',#336,#8938);
#8936=LINE('',#340,#8939);
#8937=VECTOR('',#8940,1.0);
#8938=VECTOR('',#8941,1.0);
#8939=VECTOR('',#8942,1.0);
#8940=DIRECTION('',(-0.9999806452953856,-0.006221658510760797,0));
#8941=DIRECTION('',(-0.3826824014013807,0.9238799595497634,0));
#8942=DIRECTION('',(1,0,0));
#8943=FACE_SURFACE('',(#8948),#8944,.T.);
#8944=PLANE('',#8945);
#8945=AXIS2_PLACEMENT_3D('',#180,#8946,#8947);
#8946=DIRECTION('',(0,0,-1));
#8947=DIRECTION('',(-1,0,0));
#8948=FACE_BOUND('',#8949,.T.);
#8949=EDGE_LOOP('',(#8950,#8951,#8952));
#8950=ORIENTED_EDGE('',*,*,#8953,.T.);
#8951=ORIENTED_EDGE('',*,*,#8954,.T.);
#8952=ORIENTED_EDGE('',*,*,#8955,.T.);
#8953=EDGE_CURVE('',#181,#341,#8956,.F.);
#8954=EDGE_CURVE('',#341,#177,#8957,.T.);
#8955=EDGE_CURVE('',#177,#181,#8958,.T.);
#8956=LINE('',#180,#8959);
#8957=LINE('',#340,#8960);
#8958=LINE('',#176,#8961);
#8959=VECTOR('',#8962,1.0);
#8960=VECTOR('',#8963,1.0);
#8961=VECTOR('',#8964,1.0);
#8962=DIRECTION('',(-1,0,0));
#8963=DIRECTION('',(0.9999859157996922,0.005307372443207828,0));
#8964=DIRECTION('',(-0.6087547140025935,-0.7933584928515107,0));
#8965=FACE_SURFACE('',(#8970),#8966,.T.);
#8966=PLANE('',#8967);
#8967=AXIS2_PLACEMENT_3D('',#176,#8968,#8969);
#8968=DIRECTION('',(-0,0,-1));
#8969=DIRECTION('',(-0.9999859157996922,-0.005307372443207828,0));
#8970=FACE_BOUND('',#8971,.T.);
#8971=EDGE_LOOP('',(#8972,#8973,#8974));
#8972=ORIENTED_EDGE('',*,*,#8975,.T.);
#8973=ORIENTED_EDGE('',*,*,#8976,.T.);
#8974=ORIENTED_EDGE('',*,*,#8977,.T.);
#8975=EDGE_CURVE('',#177,#341,#8978,.F.);
#8976=EDGE_CURVE('',#341,#345,#8979,.T.);
#8977=EDGE_CURVE('',#345,#177,#8980,.T.);
#8978=LINE('',#176,#8981);
#8979=LINE('',#340,#8982);
#8980=LINE('',#344,#8983);
#8981=VECTOR('',#8984,1.0);
#8982=VECTOR('',#8985,1.0);
#8983=VECTOR('',#8986,1.0);
#8984=DIRECTION('',(-0.9999859157996922,-0.005307372443207828,0));
#8985=DIRECTION('',(-0.6087547140025935,0.7933584928515107,0));
#8986=DIRECTION('',(1,0,0));
#8987=FACE_SURFACE('',(#8992),#8988,.T.);
#8988=PLANE('',#8989);
#8989=AXIS2_PLACEMENT_3D('',#176,#8990,#8991);
#8990=DIRECTION('',(0,0,-1));
#8991=DIRECTION('',(-1,0,0));
#8992=FACE_BOUND('',#8993,.T.);
#8993=EDGE_LOOP('',(#8994,#8995,#8996));
#8994=ORIENTED_EDGE('',*,*,#8997,.T.);
#8995=ORIENTED_EDGE('',*,*,#8998,.T.);
#8996=ORIENTED_EDGE('',*,*,#8999,.T.);
#8997=EDGE_CURVE('',#177,#345,#9000,.F.);
#8998=EDGE_CURVE('',#345,#173,#9001,.T.);
#8999=EDGE_CURVE('',#173,#177,#9002,.T.);
#9000=LINE('',#176,#9003);
#9001=LINE('',#344,#9004);
#9002=LINE('',#172,#9005);
#9003=VECTOR('',#9006,1.0);
#9004=VECTOR('',#9007,1.0);
#9005=VECTOR('',#9008,1.0);
#9006=DIRECTION('',(-1,0,0));
#9007=DIRECTION('',(0.9999918609707591,0.0040345993900343805,0));
#9008=DIRECTION('',(-0.7933492752661906,-0.608766726615877,0));
#9009=FACE_SURFACE('',(#9014),#9010,.T.);
#9010=PLANE('',#9011);
#9011=AXIS2_PLACEMENT_3D('',#172,#9012,#9013);
#9012=DIRECTION('',(-0,0,-1));
#9013=DIRECTION('',(-0.9999918609707591,-0.0040345993900343805,0));
#9014=FACE_BOUND('',#9015,.T.);
#9015=EDGE_LOOP('',(#9016,#9017,#9018));
#9016=ORIENTED_EDGE('',*,*,#9019,.T.);
#9017=ORIENTED_EDGE('',*,*,#9020,.T.);
#9018=ORIENTED_EDGE('',*,*,#9021,.T.);
#9019=EDGE_CURVE('',#173,#345,#9022,.F.);
#9020=EDGE_CURVE('',#345,#349,#9023,.T.);
#9021=EDGE_CURVE('',#349,#173,#9024,.T.);
#9022=LINE('',#172,#9025);
#9023=LINE('',#344,#9026);
#9024=LINE('',#348,#9027);
#9025=VECTOR('',#9028,1.0);
#9026=VECTOR('',#9029,1.0);
#9027=VECTOR('',#9030,1.0);
#9028=DIRECTION('',(-0.9999918609707591,-0.0040345993900343805,0));
#9029=DIRECTION('',(-0.7933538841270593,0.6087607202674205,0));
#9030=DIRECTION('',(1,0,0));
#9031=FACE_SURFACE('',(#9036),#9032,.T.);
#9032=PLANE('',#9033);
#9033=AXIS2_PLACEMENT_3D('',#172,#9034,#9035);
#9034=DIRECTION('',(0,0,-1));
#9035=DIRECTION('',(-1,0,0));
#9036=FACE_BOUND('',#9037,.T.);
#9037=EDGE_LOOP('',(#9038,#9039,#9040));
#9038=ORIENTED_EDGE('',*,*,#9041,.T.);
#9039=ORIENTED_EDGE('',*,*,#9042,.T.);
#9040=ORIENTED_EDGE('',*,*,#9043,.T.);
#9041=EDGE_CURVE('',#173,#349,#9044,.F.);
#9042=EDGE_CURVE('',#349,#467,#9045,.T.);
#9043=EDGE_CURVE('',#467,#173,#9046,.T.);
#9044=LINE('',#172,#9047);
#9045=LINE('',#348,#9048);
#9046=LINE('',#466,#9049);
#9047=VECTOR('',#9050,1.0);
#9048=VECTOR('',#9051,1.0);
#9049=VECTOR('',#9052,1.0);
#9050=DIRECTION('',(-1,0,0));
#9051=DIRECTION('',(0.9995538958806546,0.029866523564109935,0));
#9052=DIRECTION('',(-0.9014759510072874,-0.4328291923559533,0));
#9053=FACE_SURFACE('',(#9058),#9054,.T.);
#9054=PLANE('',#9055);
#9055=AXIS2_PLACEMENT_3D('',#356,#9056,#9057);
#9056=DIRECTION('',(-0,0,-1));
#9057=DIRECTION('',(-0.9914441123294586,-0.13053188165062118,0));
#9058=FACE_BOUND('',#9059,.T.);
#9059=EDGE_LOOP('',(#9060,#9061,#9062));
#9060=ORIENTED_EDGE('',*,*,#9063,.T.);
#9061=ORIENTED_EDGE('',*,*,#9064,.T.);
#9062=ORIENTED_EDGE('',*,*,#9065,.T.);
#9063=EDGE_CURVE('',#357,#361,#9066,.F.);
#9064=EDGE_CURVE('',#361,#457,#9067,.T.);
#9065=EDGE_CURVE('',#457,#357,#9068,.T.);
#9066=LINE('',#356,#9069);
#9067=LINE('',#360,#9070);
#9068=LINE('',#456,#9071);
#9069=VECTOR('',#9072,1.0);
#9070=VECTOR('',#9073,1.0);
#9071=VECTOR('',#9074,1.0);
#9072=DIRECTION('',(-0.9914441123294586,-0.13053188165062118,0));
#9073=DIRECTION('',(-0.8492809181880687,0.5279412107438015,0));
#9074=DIRECTION('',(0.8835733462551171,-0.4682927949344671,0));
#9075=FACE_SURFACE('',(#9080),#9076,.T.);
#9076=PLANE('',#9077);
#9077=AXIS2_PLACEMENT_3D('',#456,#9078,#9079);
#9078=DIRECTION('',(0,0,-1));
#9079=DIRECTION('',(0.8492809181880687,-0.5279412107438015,0));
#9080=FACE_BOUND('',#9081,.T.);
#9081=EDGE_LOOP('',(#9082,#9083,#9084));
#9082=ORIENTED_EDGE('',*,*,#9085,.T.);
#9083=ORIENTED_EDGE('',*,*,#9086,.T.);
#9084=ORIENTED_EDGE('',*,*,#9087,.T.);
#9085=EDGE_CURVE('',#457,#361,#9088,.F.);
#9086=EDGE_CURVE('',#361,#365,#9089,.T.);
#9087=EDGE_CURVE('',#365,#457,#9090,.T.);
#9088=LINE('',#456,#9091);
#9089=LINE('',#360,#9092);
#9090=LINE('',#364,#9093);
#9091=VECTOR('',#9094,1.0);
#9092=VECTOR('',#9095,1.0);
#9093=VECTOR('',#9096,1.0);
#9094=DIRECTION('',(0.8492809181880687,-0.5279412107438015,0));
#9095=DIRECTION('',(-0.9238843564535347,-0.3826717861306707,0));
#9096=DIRECTION('',(-0.7903697380223641,0.6126301308444269,0));
#9097=FACE_SURFACE('',(#9102),#9098,.T.);
#9098=PLANE('',#9099);
#9099=AXIS2_PLACEMENT_3D('',#456,#9100,#9101);
#9100=DIRECTION('',(0,0,-1));
#9101=DIRECTION('',(0.7903697380223641,-0.6126301308444269,0));
#9102=FACE_BOUND('',#9103,.T.);
#9103=EDGE_LOOP('',(#9104,#9105,#9106));
#9104=ORIENTED_EDGE('',*,*,#9107,.T.);
#9105=ORIENTED_EDGE('',*,*,#9108,.T.);
#9106=ORIENTED_EDGE('',*,*,#9109,.T.);
#9107=EDGE_CURVE('',#457,#365,#9110,.F.);
#9108=EDGE_CURVE('',#365,#369,#9111,.T.);
#9109=EDGE_CURVE('',#369,#457,#9112,.T.);
#9110=LINE('',#456,#9113);
#9111=LINE('',#364,#9114);
#9112=LINE('',#368,#9115);
#9113=VECTOR('',#9116,1.0);
#9114=VECTOR('',#9117,1.0);
#9115=VECTOR('',#9118,1.0);
#9116=DIRECTION('',(0.7903697380223641,-0.6126301308444269,0));
#9117=DIRECTION('',(-0.7933538841270593,-0.6087607202674205,0));
#9118=DIRECTION('',(-0.7071079932113452,0.7071055691596724,0));
#9119=FACE_SURFACE('',(#9124),#9120,.T.);
#9120=PLANE('',#9121);
#9121=AXIS2_PLACEMENT_3D('',#368,#9122,#9123);
#9122=DIRECTION('',(-0,0,-1));
#9123=DIRECTION('',(-0.6087547140025935,-0.7933584928515107,0));
#9124=FACE_BOUND('',#9125,.T.);
#9125=EDGE_LOOP('',(#9126,#9127,#9128));
#9126=ORIENTED_EDGE('',*,*,#9129,.T.);
#9127=ORIENTED_EDGE('',*,*,#9130,.T.);
#9128=ORIENTED_EDGE('',*,*,#9131,.T.);
#9129=EDGE_CURVE('',#369,#373,#9132,.F.);
#9130=EDGE_CURVE('',#373,#457,#9133,.T.);
#9131=EDGE_CURVE('',#457,#369,#9134,.T.);
#9132=LINE('',#368,#9135);
#9133=LINE('',#372,#9136);
#9134=LINE('',#456,#9137);
#9135=VECTOR('',#9138,1.0);
#9136=VECTOR('',#9139,1.0);
#9137=VECTOR('',#9140,1.0);
#9138=DIRECTION('',(-0.6087547140025935,-0.7933584928515107,0));
#9139=DIRECTION('',(-0.6126319897155699,0.7903682971736289,0));
#9140=DIRECTION('',(0.7071079932113452,-0.7071055691596724,0));
#9141=FACE_SURFACE('',(#9146),#9142,.T.);
#9142=PLANE('',#9143);
#9143=AXIS2_PLACEMENT_3D('',#456,#9144,#9145);
#9144=DIRECTION('',(0,0,-1));
#9145=DIRECTION('',(0.6126319897155699,-0.7903682971736289,0));
#9146=FACE_BOUND('',#9147,.T.);
#9147=EDGE_LOOP('',(#9148,#9149,#9150));
#9148=ORIENTED_EDGE('',*,*,#9151,.T.);
#9149=ORIENTED_EDGE('',*,*,#9152,.T.);
#9150=ORIENTED_EDGE('',*,*,#9153,.T.);
#9151=EDGE_CURVE('',#457,#373,#9154,.F.);
#9152=EDGE_CURVE('',#373,#377,#9155,.T.);
#9153=EDGE_CURVE('',#377,#457,#9156,.T.);
#9154=LINE('',#456,#9157);
#9155=LINE('',#372,#9158);
#9156=LINE('',#376,#9159);
#9157=VECTOR('',#9160,1.0);
#9158=VECTOR('',#9161,1.0);
#9159=VECTOR('',#9162,1.0);
#9160=DIRECTION('',(0.6126319897155699,-0.7903682971736289,0));
#9161=DIRECTION('',(-0.3826877089799008,-0.9238777610678345,0));
#9162=DIRECTION('',(-0.5279415415005301,0.8492807125786174,0));
#9163=FACE_SURFACE('',(#9168),#9164,.T.);
#9164=PLANE('',#9165);
#9165=AXIS2_PLACEMENT_3D('',#456,#9166,#9167);
#9166=DIRECTION('',(0,0,-1));
#9167=DIRECTION('',(0.5279415415005301,-0.8492807125786174,0));
#9168=FACE_BOUND('',#9169,.T.);
#9169=EDGE_LOOP('',(#9170,#9171,#9172));
#9170=ORIENTED_EDGE('',*,*,#9173,.T.);
#9171=ORIENTED_EDGE('',*,*,#9174,.T.);
#9172=ORIENTED_EDGE('',*,*,#9175,.T.);
#9173=EDGE_CURVE('',#457,#377,#9176,.F.);
#9174=EDGE_CURVE('',#377,#381,#9177,.T.);
#9175=EDGE_CURVE('',#381,#457,#9178,.T.);
#9176=LINE('',#456,#9179);
#9177=LINE('',#376,#9180);
#9178=LINE('',#380,#9181);
#9179=VECTOR('',#9182,1.0);
#9180=VECTOR('',#9183,1.0);
#9181=VECTOR('',#9184,1.0);
#9182=DIRECTION('',(0.5279415415005301,-0.8492807125786174,0));
#9183=DIRECTION('',(-0.13052496473531194,-0.991445022974469,0));
#9184=DIRECTION('',(-0.4682933212154628,0.8835730673266311,0));
#9185=FACE_SURFACE('',(#9190),#9186,.T.);
#9186=PLANE('',#9187);
#9187=AXIS2_PLACEMENT_3D('',#380,#9188,#9189);
#9188=DIRECTION('',(-0,-0,-1));
#9189=DIRECTION('',(0.13052818353007217,-0.9914445992108384,0));
#9190=FACE_BOUND('',#9191,.T.);
#9191=EDGE_LOOP('',(#9192,#9193,#9194));
#9192=ORIENTED_EDGE('',*,*,#9195,.T.);
#9193=ORIENTED_EDGE('',*,*,#9196,.T.);
#9194=ORIENTED_EDGE('',*,*,#9197,.T.);
#9195=EDGE_CURVE('',#381,#385,#9198,.F.);
#9196=EDGE_CURVE('',#385,#457,#9199,.T.);
#9197=EDGE_CURVE('',#457,#381,#9200,.T.);
#9198=LINE('',#380,#9201);
#9199=LINE('',#384,#9202);
#9200=LINE('',#456,#9203);
#9201=VECTOR('',#9204,1.0);
#9202=VECTOR('',#9205,1.0);
#9203=VECTOR('',#9206,1.0);
#9204=DIRECTION('',(0.13052818353007217,-0.9914445992108384,0));
#9205=DIRECTION('',(-0.43769271232125684,0.8991246240543419,0));
#9206=DIRECTION('',(0.4682933212154628,-0.8835730673266311,0));
#9207=FACE_SURFACE('',(#9212),#9208,.T.);
#9208=PLANE('',#9209);
#9209=AXIS2_PLACEMENT_3D('',#456,#9210,#9211);
#9210=DIRECTION('',(0,0,-1));
#9211=DIRECTION('',(0.43769271232125684,-0.8991246240543419,0));
#9212=FACE_BOUND('',#9213,.T.);
#9213=EDGE_LOOP('',(#9214,#9215,#9216));
#9214=ORIENTED_EDGE('',*,*,#9217,.T.);
#9215=ORIENTED_EDGE('',*,*,#9218,.T.);
#9216=ORIENTED_EDGE('',*,*,#9219,.T.);
#9217=EDGE_CURVE('',#457,#385,#9220,.F.);
#9218=EDGE_CURVE('',#385,#389,#9221,.T.);
#9219=EDGE_CURVE('',#389,#457,#9222,.T.);
#9220=LINE('',#456,#9223);
#9221=LINE('',#384,#9224);
#9222=LINE('',#388,#9225);
#9223=VECTOR('',#9226,1.0);
#9224=VECTOR('',#9227,1.0);
#9225=VECTOR('',#9228,1.0);
#9226=DIRECTION('',(0.43769271232125684,-0.8991246240543419,0));
#9227=DIRECTION('',(0.3826877089799008,-0.9238777610678345,0));
#9228=DIRECTION('',(-0.4328314192421714,0.9014748818002682,0));
#9229=FACE_SURFACE('',(#9234),#9230,.T.);
#9230=PLANE('',#9231);
#9231=AXIS2_PLACEMENT_3D('',#388,#9232,#9233);
#9232=DIRECTION('',(0,0,-1));
#9233=DIRECTION('',(0.6087547140025935,-0.7933584928515107,0));
#9234=FACE_BOUND('',#9235,.T.);
#9235=EDGE_LOOP('',(#9236,#9237,#9238));
#9236=ORIENTED_EDGE('',*,*,#9239,.T.);
#9237=ORIENTED_EDGE('',*,*,#9240,.T.);
#9238=ORIENTED_EDGE('',*,*,#9241,.T.);
#9239=EDGE_CURVE('',#389,#393,#9242,.F.);
#9240=EDGE_CURVE('',#393,#277,#9243,.T.);
#9241=EDGE_CURVE('',#277,#389,#9244,.T.);
#9242=LINE('',#388,#9245);
#9243=LINE('',#392,#9246);
#9244=LINE('',#276,#9247);
#9245=VECTOR('',#9248,1.0);
#9246=VECTOR('',#9249,1.0);
#9247=VECTOR('',#9250,1.0);
#9248=DIRECTION('',(0.6087547140025935,-0.7933584928515107,0));
#9249=DIRECTION('',(-0.006156141113736193,-0.9999810507837574,0));
#9250=DIRECTION('',(0,1,0));
#9251=FACE_SURFACE('',(#9256),#9252,.T.);
#9252=PLANE('',#9253);
#9253=AXIS2_PLACEMENT_3D('',#276,#9254,#9255);
#9254=DIRECTION('',(0,0,-1));
#9255=DIRECTION('',(0.006156141113736193,0.9999810507837574,0));
#9256=FACE_BOUND('',#9257,.T.);
#9257=EDGE_LOOP('',(#9258,#9259,#9260));
#9258=ORIENTED_EDGE('',*,*,#9261,.T.);
#9259=ORIENTED_EDGE('',*,*,#9262,.T.);
#9260=ORIENTED_EDGE('',*,*,#9263,.T.);
#9261=EDGE_CURVE('',#277,#393,#9264,.F.);
#9262=EDGE_CURVE('',#393,#273,#9265,.T.);
#9263=EDGE_CURVE('',#273,#277,#9266,.T.);
#9264=LINE('',#276,#9267);
#9265=LINE('',#392,#9268);
#9266=LINE('',#272,#9269);
#9267=VECTOR('',#9270,1.0);
#9268=VECTOR('',#9271,1.0);
#9269=VECTOR('',#9272,1.0);
#9270=DIRECTION('',(0.006156141113736193,0.9999810507837574,0));
#9271=DIRECTION('',(0,-1,0));
#9272=DIRECTION('',(-0.608766726615877,-0.7933492752661906,0));
#9273=FACE_SURFACE('',(#9278),#9274,.T.);
#9274=PLANE('',#9275);
#9275=AXIS2_PLACEMENT_3D('',#272,#9276,#9277);
#9276=DIRECTION('',(0,0,-1));
#9277=DIRECTION('',(0,1,0));
#9278=FACE_BOUND('',#9279,.T.);
#9279=EDGE_LOOP('',(#9280,#9281,#9282));
#9280=ORIENTED_EDGE('',*,*,#9283,.T.);
#9281=ORIENTED_EDGE('',*,*,#9284,.T.);
#9282=ORIENTED_EDGE('',*,*,#9285,.T.);
#9283=EDGE_CURVE('',#273,#393,#9286,.F.);
#9284=EDGE_CURVE('',#393,#397,#9287,.T.);
#9285=EDGE_CURVE('',#397,#273,#9288,.T.);
#9286=LINE('',#272,#9289);
#9287=LINE('',#392,#9290);
#9288=LINE('',#396,#9291);
#9289=VECTOR('',#9292,1.0);
#9290=VECTOR('',#9293,1.0);
#9291=VECTOR('',#9294,1.0);
#9292=DIRECTION('',(0,1,0));
#9293=DIRECTION('',(0.7933538841270593,-0.6087607202674205,0));
#9294=DIRECTION('',(-0.008138132185653044,-0.999966884853958,0));
#9295=FACE_SURFACE('',(#9300),#9296,.T.);
#9296=PLANE('',#9297);
#9297=AXIS2_PLACEMENT_3D('',#272,#9298,#9299);
#9298=DIRECTION('',(0,0,-1));
#9299=DIRECTION('',(0.008138132185653044,0.999966884853958,0));
#9300=FACE_BOUND('',#9301,.T.);
#9301=EDGE_LOOP('',(#9302,#9303,#9304));
#9302=ORIENTED_EDGE('',*,*,#9305,.T.);
#9303=ORIENTED_EDGE('',*,*,#9306,.T.);
#9304=ORIENTED_EDGE('',*,*,#9307,.T.);
#9305=EDGE_CURVE('',#273,#397,#9308,.F.);
#9306=EDGE_CURVE('',#397,#269,#9309,.T.);
#9307=EDGE_CURVE('',#269,#273,#9310,.T.);
#9308=LINE('',#272,#9311);
#9309=LINE('',#396,#9312);
#9310=LINE('',#268,#9313);
#9311=VECTOR('',#9314,1.0);
#9312=VECTOR('',#9315,1.0);
#9313=VECTOR('',#9316,1.0);
#9314=DIRECTION('',(0.008138132185653044,0.999966884853958,0));
#9315=DIRECTION('',(0,-1,0));
#9316=DIRECTION('',(-0.7933538841270593,-0.6087607202674205,0));
#9317=FACE_SURFACE('',(#9322),#9318,.T.);
#9318=PLANE('',#9319);
#9319=AXIS2_PLACEMENT_3D('',#268,#9320,#9321);
#9320=DIRECTION('',(0,0,-1));
#9321=DIRECTION('',(0,1,0));
#9322=FACE_BOUND('',#9323,.T.);
#9323=EDGE_LOOP('',(#9324,#9325,#9326));
#9324=ORIENTED_EDGE('',*,*,#9327,.T.);
#9325=ORIENTED_EDGE('',*,*,#9328,.T.);
#9326=ORIENTED_EDGE('',*,*,#9329,.T.);
#9327=EDGE_CURVE('',#269,#397,#9330,.F.);
#9328=EDGE_CURVE('',#397,#401,#9331,.T.);
#9329=EDGE_CURVE('',#401,#269,#9332,.T.);
#9330=LINE('',#268,#9333);
#9331=LINE('',#396,#9334);
#9332=LINE('',#400,#9335);
#9333=VECTOR('',#9336,1.0);
#9334=VECTOR('',#9337,1.0);
#9335=VECTOR('',#9338,1.0);
#9336=DIRECTION('',(0,1,0));
#9337=DIRECTION('',(0.9238843564535347,-0.3826717861306707,0));
#9338=DIRECTION('',(-0.00957424135164835,-0.9999541659008879,0));
#9339=FACE_SURFACE('',(#9344),#9340,.T.);
#9340=PLANE('',#9341);
#9341=AXIS2_PLACEMENT_3D('',#268,#9342,#9343);
#9342=DIRECTION('',(0,0,-1));
#9343=DIRECTION('',(0.00957424135164835,0.9999541659008879,0));
#9344=FACE_BOUND('',#9345,.T.);
#9345=EDGE_LOOP('',(#9346,#9347,#9348));
#9346=ORIENTED_EDGE('',*,*,#9349,.T.);
#9347=ORIENTED_EDGE('',*,*,#9350,.T.);
#9348=ORIENTED_EDGE('',*,*,#9351,.T.);
#9349=EDGE_CURVE('',#269,#401,#9352,.F.);
#9350=EDGE_CURVE('',#401,#265,#9353,.T.);
#9351=EDGE_CURVE('',#265,#269,#9354,.T.);
#9352=LINE('',#268,#9355);
#9353=LINE('',#400,#9356);
#9354=LINE('',#264,#9357);
#9355=VECTOR('',#9358,1.0);
#9356=VECTOR('',#9359,1.0);
#9357=VECTOR('',#9360,1.0);
#9358=DIRECTION('',(0.00957424135164835,0.9999541659008879,0));
#9359=DIRECTION('',(0,-1,0));
#9360=DIRECTION('',(-0.9238755625658776,-0.3826930165205307,0));
#9361=FACE_SURFACE('',(#9366),#9362,.T.);
#9362=PLANE('',#9363);
#9363=AXIS2_PLACEMENT_3D('',#264,#9364,#9365);
#9364=DIRECTION('',(0,0,-1));
#9365=DIRECTION('',(0,1,0));
#9366=FACE_BOUND('',#9367,.T.);
#9367=EDGE_LOOP('',(#9368,#9369,#9370));
#9368=ORIENTED_EDGE('',*,*,#9371,.T.);
#9369=ORIENTED_EDGE('',*,*,#9372,.T.);
#9370=ORIENTED_EDGE('',*,*,#9373,.T.);
#9371=EDGE_CURVE('',#265,#401,#9374,.F.);
#9372=EDGE_CURVE('',#401,#405,#9375,.T.);
#9373=EDGE_CURVE('',#405,#265,#9376,.T.);
#9374=LINE('',#264,#9377);
#9375=LINE('',#400,#9378);
#9376=LINE('',#404,#9379);
#9377=VECTOR('',#9380,1.0);
#9378=VECTOR('',#9381,1.0);
#9379=VECTOR('',#9382,1.0);
#9380=DIRECTION('',(0,1,0));
#9381=DIRECTION('',(0.9914441123294586,-0.13053188165062118,0));
#9382=DIRECTION('',(-0.010329374454556605,-0.9999466505886089,0));
#9383=FACE_SURFACE('',(#9388),#9384,.T.);
#9384=PLANE('',#9385);
#9385=AXIS2_PLACEMENT_3D('',#264,#9386,#9387);
#9386=DIRECTION('',(0,0,-1));
#9387=DIRECTION('',(0.010329374454556605,0.9999466505886089,0));
#9388=FACE_BOUND('',#9389,.T.);
#9389=EDGE_LOOP('',(#9390,#9391,#9392));
#9390=ORIENTED_EDGE('',*,*,#9393,.T.);
#9391=ORIENTED_EDGE('',*,*,#9394,.T.);
#9392=ORIENTED_EDGE('',*,*,#9395,.T.);
#9393=EDGE_CURVE('',#265,#405,#9396,.F.);
#9394=EDGE_CURVE('',#405,#261,#9397,.T.);
#9395=EDGE_CURVE('',#261,#265,#9398,.T.);
#9396=LINE('',#264,#9399);
#9397=LINE('',#404,#9400);
#9398=LINE('',#260,#9401);
#9399=VECTOR('',#9402,1.0);
#9400=VECTOR('',#9403,1.0);
#9401=VECTOR('',#9404,1.0);
#9402=DIRECTION('',(0.010329374454556605,0.9999466505886089,0));
#9403=DIRECTION('',(0,-1,0));
#9404=DIRECTION('',(-0.9914457217071666,-0.1305196571729924,0));
#9405=FACE_SURFACE('',(#9410),#9406,.T.);
#9406=PLANE('',#9407);
#9407=AXIS2_PLACEMENT_3D('',#260,#9408,#9409);
#9408=DIRECTION('',(0,0,-1));
#9409=DIRECTION('',(0,1,0));
#9410=FACE_BOUND('',#9411,.T.);
#9411=EDGE_LOOP('',(#9412,#9413,#9414));
#9412=ORIENTED_EDGE('',*,*,#9415,.T.);
#9413=ORIENTED_EDGE('',*,*,#9416,.T.);
#9414=ORIENTED_EDGE('',*,*,#9417,.T.);
#9415=EDGE_CURVE('',#261,#405,#9418,.F.);
#9416=EDGE_CURVE('',#405,#257,#9419,.T.);
#9417=EDGE_CURVE('',#257,#261,#9420,.T.);
#9418=LINE('',#260,#9421);
#9419=LINE('',#404,#9422);
#9420=LINE('',#256,#9423);
#9421=VECTOR('',#9424,1.0);
#9422=VECTOR('',#9425,1.0);
#9423=VECTOR('',#9426,1.0);
#9424=DIRECTION('',(0,1,0));
#9425=DIRECTION('',(0.010329309677348688,-0.9999466512577506,0));
#9426=DIRECTION('',(-0.9914456157770744,0.13052046183038843,0));
#9427=FACE_SURFACE('',(#9432),#9428,.T.);
#9428=PLANE('',#9429);
#9429=AXIS2_PLACEMENT_3D('',#256,#9430,#9431);
#9430=DIRECTION('',(0,0,-1));
#9431=DIRECTION('',(-0.010329309677348688,0.9999466512577506,0));
#9432=FACE_BOUND('',#9433,.T.);
#9433=EDGE_LOOP('',(#9434,#9435,#9436));
#9434=ORIENTED_EDGE('',*,*,#9437,.T.);
#9435=ORIENTED_EDGE('',*,*,#9438,.T.);
#9436=ORIENTED_EDGE('',*,*,#9439,.T.);
#9437=EDGE_CURVE('',#257,#405,#9440,.F.);
#9438=EDGE_CURVE('',#405,#409,#9441,.T.);
#9439=EDGE_CURVE('',#409,#257,#9442,.T.);
#9440=LINE('',#256,#9443);
#9441=LINE('',#404,#9444);
#9442=LINE('',#408,#9445);
#9443=VECTOR('',#9446,1.0);
#9444=VECTOR('',#9447,1.0);
#9445=VECTOR('',#9448,1.0);
#9446=DIRECTION('',(-0.010329309677348688,0.9999466512577506,0));
#9447=DIRECTION('',(0.9914440063796945,0.13053268638076884,0));
#9448=DIRECTION('',(0,-1,0));
#9449=FACE_SURFACE('',(#9454),#9450,.T.);
#9450=PLANE('',#9451);
#9451=AXIS2_PLACEMENT_3D('',#256,#9452,#9453);
#9452=DIRECTION('',(0,0,-1));
#9453=DIRECTION('',(0,1,0));
#9454=FACE_BOUND('',#9455,.T.);
#9455=EDGE_LOOP('',(#9456,#9457,#9458));
#9456=ORIENTED_EDGE('',*,*,#9459,.T.);
#9457=ORIENTED_EDGE('',*,*,#9460,.T.);
#9458=ORIENTED_EDGE('',*,*,#9461,.T.);
#9459=EDGE_CURVE('',#257,#409,#9462,.F.);
#9460=EDGE_CURVE('',#409,#253,#9463,.T.);
#9461=EDGE_CURVE('',#253,#257,#9464,.T.);
#9462=LINE('',#256,#9465);
#9463=LINE('',#408,#9466);
#9464=LINE('',#252,#9467);
#9465=VECTOR('',#9468,1.0);
#9466=VECTOR('',#9469,1.0);
#9467=VECTOR('',#9470,1.0);
#9468=DIRECTION('',(0,1,0));
#9469=DIRECTION('',(0.009574305785767652,-0.9999541652839498,0));
#9470=DIRECTION('',(-0.9238764732382256,0.38269081802010646,0));
#9471=FACE_SURFACE('',(#9476),#9472,.T.);
#9472=PLANE('',#9473);
#9473=AXIS2_PLACEMENT_3D('',#252,#9474,#9475);
#9474=DIRECTION('',(0,0,-1));
#9475=DIRECTION('',(-0.009574305785767652,0.9999541652839498,0));
#9476=FACE_BOUND('',#9477,.T.);
#9477=EDGE_LOOP('',(#9478,#9479,#9480));
#9478=ORIENTED_EDGE('',*,*,#9481,.T.);
#9479=ORIENTED_EDGE('',*,*,#9482,.T.);
#9480=ORIENTED_EDGE('',*,*,#9483,.T.);
#9481=EDGE_CURVE('',#253,#409,#9484,.F.);
#9482=EDGE_CURVE('',#409,#413,#9485,.T.);
#9483=EDGE_CURVE('',#413,#253,#9486,.T.);
#9484=LINE('',#252,#9487);
#9485=LINE('',#408,#9488);
#9486=LINE('',#412,#9489);
#9487=VECTOR('',#9490,1.0);
#9488=VECTOR('',#9491,1.0);
#9489=VECTOR('',#9492,1.0);
#9490=DIRECTION('',(-0.009574305785767652,0.9999541652839498,0));
#9491=DIRECTION('',(0.9238852670335114,0.38266958771036086,0));
#9492=DIRECTION('',(0,-1,0));
#9493=FACE_SURFACE('',(#9498),#9494,.T.);
#9494=PLANE('',#9495);
#9495=AXIS2_PLACEMENT_3D('',#280,#9496,#9497);
#9496=DIRECTION('',(0,0,-1));
#9497=DIRECTION('',(-0.13052657411302013,-0.9914448110965726,0));
#9498=FACE_BOUND('',#9499,.T.);
#9499=EDGE_LOOP('',(#9500,#9501,#9502));
#9500=ORIENTED_EDGE('',*,*,#9503,.T.);
#9501=ORIENTED_EDGE('',*,*,#9504,.T.);
#9502=ORIENTED_EDGE('',*,*,#9505,.T.);
#9503=EDGE_CURVE('',#281,#285,#9506,.F.);
#9504=EDGE_CURVE('',#285,#459,#9507,.T.);
#9505=EDGE_CURVE('',#459,#281,#9508,.T.);
#9506=LINE('',#280,#9509);
#9507=LINE('',#284,#9510);
#9508=LINE('',#458,#9511);
#9509=VECTOR('',#9512,1.0);
#9510=VECTOR('',#9513,1.0);
#9511=VECTOR('',#9514,1.0);
#9512=DIRECTION('',(-0.13052657411302013,-0.9914448110965726,0));
#9513=DIRECTION('',(-0.4682933212154628,-0.8835730673266311,0));
#9514=DIRECTION('',(0.4376922309567426,0.8991248583818099,0));
#9515=FACE_SURFACE('',(#9520),#9516,.T.);
#9516=PLANE('',#9517);
#9517=AXIS2_PLACEMENT_3D('',#458,#9518,#9519);
#9518=DIRECTION('',(0,0,-1));
#9519=DIRECTION('',(0.4682933212154628,0.8835730673266311,0));
#9520=FACE_BOUND('',#9521,.T.);
#9521=EDGE_LOOP('',(#9522,#9523,#9524));
#9522=ORIENTED_EDGE('',*,*,#9525,.T.);
#9523=ORIENTED_EDGE('',*,*,#9526,.T.);
#9524=ORIENTED_EDGE('',*,*,#9527,.T.);
#9525=EDGE_CURVE('',#459,#285,#9528,.F.);
#9526=EDGE_CURVE('',#285,#289,#9529,.T.);
#9527=EDGE_CURVE('',#289,#459,#9530,.T.);
#9528=LINE('',#458,#9531);
#9529=LINE('',#284,#9532);
#9530=LINE('',#288,#9533);
#9531=VECTOR('',#9534,1.0);
#9532=VECTOR('',#9535,1.0);
#9533=VECTOR('',#9536,1.0);
#9534=DIRECTION('',(0.4682933212154628,0.8835730673266311,0));
#9535=DIRECTION('',(0.13052657411302013,-0.9914448110965726,0));
#9536=DIRECTION('',(-0.5279408799874071,-0.8492811237971335,0));
#9537=FACE_SURFACE('',(#9542),#9538,.T.);
#9538=PLANE('',#9539);
#9539=AXIS2_PLACEMENT_3D('',#458,#9540,#9541);
#9540=DIRECTION('',(0,0,-1));
#9541=DIRECTION('',(0.5279408799874071,0.8492811237971335,0));
#9542=FACE_BOUND('',#9543,.T.);
#9543=EDGE_LOOP('',(#9544,#9545,#9546));
#9544=ORIENTED_EDGE('',*,*,#9547,.T.);
#9545=ORIENTED_EDGE('',*,*,#9548,.T.);
#9546=ORIENTED_EDGE('',*,*,#9549,.T.);
#9547=EDGE_CURVE('',#459,#289,#9550,.F.);
#9548=EDGE_CURVE('',#289,#293,#9551,.T.);
#9549=EDGE_CURVE('',#293,#459,#9552,.T.);
#9550=LINE('',#458,#9553);
#9551=LINE('',#288,#9554);
#9552=LINE('',#292,#9555);
#9553=VECTOR('',#9556,1.0);
#9554=VECTOR('',#9557,1.0);
#9555=VECTOR('',#9558,1.0);
#9556=DIRECTION('',(0.5279408799874071,0.8492811237971335,0));
#9557=DIRECTION('',(0.3826833120422005,-0.9238795823506503,0));
#9558=DIRECTION('',(-0.6126319897155699,-0.7903682971736289,0));
#9559=FACE_SURFACE('',(#9564),#9560,.T.);
#9560=PLANE('',#9561);
#9561=AXIS2_PLACEMENT_3D('',#292,#9562,#9563);
#9562=DIRECTION('',(0,-0,-1));
#9563=DIRECTION('',(0.608766726615877,-0.7933492752661906,0));
#9564=FACE_BOUND('',#9565,.T.);
#9565=EDGE_LOOP('',(#9566,#9567,#9568));
#9566=ORIENTED_EDGE('',*,*,#9569,.T.);
#9567=ORIENTED_EDGE('',*,*,#9570,.T.);
#9568=ORIENTED_EDGE('',*,*,#9571,.T.);
#9569=EDGE_CURVE('',#293,#297,#9572,.F.);
#9570=EDGE_CURVE('',#297,#459,#9573,.T.);
#9571=EDGE_CURVE('',#459,#293,#9574,.T.);
#9572=LINE('',#292,#9575);
#9573=LINE('',#296,#9576);
#9574=LINE('',#458,#9577);
#9575=VECTOR('',#9578,1.0);
#9576=VECTOR('',#9579,1.0);
#9577=VECTOR('',#9580,1.0);
#9578=DIRECTION('',(0.608766726615877,-0.7933492752661906,0));
#9579=DIRECTION('',(-0.7071063771787434,-0.707107185194121,0));
#9580=DIRECTION('',(0.6126319897155699,0.7903682971736289,0));
#9581=FACE_SURFACE('',(#9586),#9582,.T.);
#9582=PLANE('',#9583);
#9583=AXIS2_PLACEMENT_3D('',#458,#9584,#9585);
#9584=DIRECTION('',(0,0,-1));
#9585=DIRECTION('',(0.7071063771787434,0.707107185194121,0));
#9586=FACE_BOUND('',#9587,.T.);
#9587=EDGE_LOOP('',(#9588,#9589,#9590));
#9588=ORIENTED_EDGE('',*,*,#9591,.T.);
#9589=ORIENTED_EDGE('',*,*,#9592,.T.);
#9590=ORIENTED_EDGE('',*,*,#9593,.T.);
#9591=EDGE_CURVE('',#459,#297,#9594,.F.);
#9592=EDGE_CURVE('',#297,#301,#9595,.T.);
#9593=EDGE_CURVE('',#301,#459,#9596,.T.);
#9594=LINE('',#458,#9597);
#9595=LINE('',#296,#9598);
#9596=LINE('',#300,#9599);
#9597=VECTOR('',#9600,1.0);
#9598=VECTOR('',#9601,1.0);
#9599=VECTOR('',#9602,1.0);
#9600=DIRECTION('',(0.7071063771787434,0.707107185194121,0));
#9601=DIRECTION('',(0.7933538841270593,-0.6087607202674205,0));
#9602=DIRECTION('',(-0.7903682113446631,-0.6126321004451513,0));
#9603=FACE_SURFACE('',(#9608),#9604,.T.);
#9604=PLANE('',#9605);
#9605=AXIS2_PLACEMENT_3D('',#458,#9606,#9607);
#9606=DIRECTION('',(0,0,-1));
#9607=DIRECTION('',(0.7903682113446631,0.6126321004451513,0));
#9608=FACE_BOUND('',#9609,.T.);
#9609=EDGE_LOOP('',(#9610,#9611,#9612));
#9610=ORIENTED_EDGE('',*,*,#9613,.T.);
#9611=ORIENTED_EDGE('',*,*,#9614,.T.);
#9612=ORIENTED_EDGE('',*,*,#9615,.T.);
#9613=EDGE_CURVE('',#459,#301,#9616,.F.);
#9614=EDGE_CURVE('',#301,#305,#9617,.T.);
#9615=EDGE_CURVE('',#305,#459,#9618,.T.);
#9616=LINE('',#458,#9619);
#9617=LINE('',#300,#9620);
#9618=LINE('',#304,#9621);
#9619=VECTOR('',#9622,1.0);
#9620=VECTOR('',#9623,1.0);
#9621=VECTOR('',#9624,1.0);
#9622=DIRECTION('',(0.7903682113446631,0.6126321004451513,0));
#9623=DIRECTION('',(0.9238755625658776,-0.3826930165205307,0));
#9624=DIRECTION('',(-0.8492809181880687,-0.5279412107438015,0));
#9625=FACE_SURFACE('',(#9630),#9626,.T.);
#9626=PLANE('',#9627);
#9627=AXIS2_PLACEMENT_3D('',#304,#9628,#9629);
#9628=DIRECTION('',(0,-0,-1));
#9629=DIRECTION('',(0.9914457217071666,-0.1305196571729924,0));
#9630=FACE_BOUND('',#9631,.T.);
#9631=EDGE_LOOP('',(#9632,#9633,#9634));
#9632=ORIENTED_EDGE('',*,*,#9635,.T.);
#9633=ORIENTED_EDGE('',*,*,#9636,.T.);
#9634=ORIENTED_EDGE('',*,*,#9637,.T.);
#9635=EDGE_CURVE('',#305,#309,#9638,.F.);
#9636=EDGE_CURVE('',#309,#459,#9639,.T.);
#9637=EDGE_CURVE('',#459,#305,#9640,.T.);
#9638=LINE('',#304,#9641);
#9639=LINE('',#308,#9642);
#9640=LINE('',#458,#9643);
#9641=VECTOR('',#9644,1.0);
#9642=VECTOR('',#9645,1.0);
#9643=VECTOR('',#9646,1.0);
#9644=DIRECTION('',(0.9914457217071666,-0.1305196571729924,0));
#9645=DIRECTION('',(-0.8835727883980077,-0.46829384749596004,0));
#9646=DIRECTION('',(0.8492809181880687,0.5279412107438015,0));
#9647=FACE_SURFACE('',(#9652),#9648,.T.);
#9648=PLANE('',#9649);
#9649=AXIS2_PLACEMENT_3D('',#458,#9650,#9651);
#9650=DIRECTION('',(0,0,-1));
#9651=DIRECTION('',(0.8835727883980077,0.46829384749596004,0));
#9652=FACE_BOUND('',#9653,.T.);
#9653=EDGE_LOOP('',(#9654,#9655,#9656));
#9654=ORIENTED_EDGE('',*,*,#9657,.T.);
#9655=ORIENTED_EDGE('',*,*,#9658,.T.);
#9656=ORIENTED_EDGE('',*,*,#9659,.T.);
#9657=EDGE_CURVE('',#459,#309,#9660,.F.);
#9658=EDGE_CURVE('',#309,#313,#9661,.T.);
#9659=EDGE_CURVE('',#313,#459,#9662,.T.);
#9660=LINE('',#458,#9663);
#9661=LINE('',#308,#9664);
#9662=LINE('',#312,#9665);
#9663=VECTOR('',#9666,1.0);
#9664=VECTOR('',#9667,1.0);
#9665=VECTOR('',#9668,1.0);
#9666=DIRECTION('',(0.8835727883980077,0.46829384749596004,0));
#9667=DIRECTION('',(0.9914456157770744,0.13052046183038843,0));
#9668=DIRECTION('',(-0.8991248583818099,-0.4376922309567426,0));
#9669=FACE_SURFACE('',(#9674),#9670,.T.);
#9670=PLANE('',#9671);
#9671=AXIS2_PLACEMENT_3D('',#458,#9672,#9673);
#9672=DIRECTION('',(0,0,-1));
#9673=DIRECTION('',(0.8991248583818099,0.4376922309567426,0));
#9674=FACE_BOUND('',#9675,.T.);
#9675=EDGE_LOOP('',(#9676,#9677,#9678));
#9676=ORIENTED_EDGE('',*,*,#9679,.T.);
#9677=ORIENTED_EDGE('',*,*,#9680,.T.);
#9678=ORIENTED_EDGE('',*,*,#9681,.T.);
#9679=EDGE_CURVE('',#459,#313,#9682,.F.);
#9680=EDGE_CURVE('',#313,#317,#9683,.T.);
#9681=EDGE_CURVE('',#317,#459,#9684,.T.);
#9682=LINE('',#458,#9685);
#9683=LINE('',#312,#9686);
#9684=LINE('',#316,#9687);
#9685=VECTOR('',#9688,1.0);
#9686=VECTOR('',#9689,1.0);
#9687=VECTOR('',#9690,1.0);
#9688=DIRECTION('',(0.8991248583818099,0.4376922309567426,0));
#9689=DIRECTION('',(0.9238764732382256,0.38269081802010646,0));
#9690=DIRECTION('',(-0.9014749774992303,-0.43283121992615353,0));
#9691=FACE_SURFACE('',(#9696),#9692,.T.);
#9692=PLANE('',#9693);
#9693=AXIS2_PLACEMENT_3D('',#140,#9694,#9695);
#9694=DIRECTION('',(0,0,-1));
#9695=DIRECTION('',(-0.13050662806102675,0.9914474368478345,0));
#9696=FACE_BOUND('',#9697,.T.);
#9697=EDGE_LOOP('',(#9698,#9699,#9700));
#9698=ORIENTED_EDGE('',*,*,#9701,.T.);
#9699=ORIENTED_EDGE('',*,*,#9702,.T.);
#9700=ORIENTED_EDGE('',*,*,#9703,.T.);
#9701=EDGE_CURVE('',#141,#145,#9704,.F.);
#9702=EDGE_CURVE('',#145,#467,#9705,.T.);
#9703=EDGE_CURVE('',#467,#141,#9706,.T.);
#9704=LINE('',#140,#9707);
#9705=LINE('',#144,#9708);
#9706=LINE('',#466,#9709);
#9707=VECTOR('',#9710,1.0);
#9708=VECTOR('',#9711,1.0);
#9709=VECTOR('',#9712,1.0);
#9710=DIRECTION('',(-0.13050662806102675,0.9914474368478345,0));
#9711=DIRECTION('',(0.5279415415005301,0.8492807125786174,0));
#9712=DIRECTION('',(-0.4682949000554594,-0.8835722305403488,0));
#9713=FACE_SURFACE('',(#9718),#9714,.T.);
#9714=PLANE('',#9715);
#9715=AXIS2_PLACEMENT_3D('',#466,#9716,#9717);
#9716=DIRECTION('',(0,0,-1));
#9717=DIRECTION('',(-0.5279415415005301,-0.8492807125786174,0));
#9718=FACE_BOUND('',#9719,.T.);
#9719=EDGE_LOOP('',(#9720,#9721,#9722));
#9720=ORIENTED_EDGE('',*,*,#9723,.T.);
#9721=ORIENTED_EDGE('',*,*,#9724,.T.);
#9722=ORIENTED_EDGE('',*,*,#9725,.T.);
#9723=EDGE_CURVE('',#467,#145,#9726,.F.);
#9724=EDGE_CURVE('',#145,#149,#9727,.T.);
#9725=EDGE_CURVE('',#149,#467,#9728,.T.);
#9726=LINE('',#466,#9729);
#9727=LINE('',#144,#9730);
#9728=LINE('',#148,#9731);
#9729=VECTOR('',#9732,1.0);
#9730=VECTOR('',#9733,1.0);
#9731=VECTOR('',#9734,1.0);
#9732=DIRECTION('',(-0.5279415415005301,-0.8492807125786174,0));
#9733=DIRECTION('',(-0.3826930165205307,0.9238755625658776,0));
#9734=DIRECTION('',(0.6126324821146193,0.7903679155039638,0));
#9735=FACE_SURFACE('',(#9740),#9736,.T.);
#9736=PLANE('',#9737);
#9737=AXIS2_PLACEMENT_3D('',#466,#9738,#9739);
#9738=DIRECTION('',(0,0,-1));
#9739=DIRECTION('',(-0.6126324821146193,-0.7903679155039638,0));
#9740=FACE_BOUND('',#9741,.T.);
#9741=EDGE_LOOP('',(#9742,#9743,#9744));
#9742=ORIENTED_EDGE('',*,*,#9745,.T.);
#9743=ORIENTED_EDGE('',*,*,#9746,.T.);
#9744=ORIENTED_EDGE('',*,*,#9747,.T.);
#9745=EDGE_CURVE('',#467,#149,#9748,.F.);
#9746=EDGE_CURVE('',#149,#153,#9749,.T.);
#9747=EDGE_CURVE('',#153,#467,#9750,.T.);
#9748=LINE('',#466,#9751);
#9749=LINE('',#148,#9752);
#9750=LINE('',#152,#9753);
#9751=VECTOR('',#9754,1.0);
#9752=VECTOR('',#9755,1.0);
#9753=VECTOR('',#9756,1.0);
#9754=DIRECTION('',(-0.6126324821146193,-0.7903679155039638,0));
#9755=DIRECTION('',(-0.6087547140025935,0.7933584928515107,0));
#9756=DIRECTION('',(0.707108397218226,0.7071051651511757,0));
#9757=FACE_SURFACE('',(#9762),#9758,.T.);
#9758=PLANE('',#9759);
#9759=AXIS2_PLACEMENT_3D('',#152,#9760,#9761);
#9760=DIRECTION('',(0,0,-1));
#9761=DIRECTION('',(-0.7933492752661906,0.608766726615877,0));
#9762=FACE_BOUND('',#9763,.T.);
#9763=EDGE_LOOP('',(#9764,#9765,#9766));
#9764=ORIENTED_EDGE('',*,*,#9767,.T.);
#9765=ORIENTED_EDGE('',*,*,#9768,.T.);
#9766=ORIENTED_EDGE('',*,*,#9769,.T.);
#9767=EDGE_CURVE('',#153,#157,#9770,.F.);
#9768=EDGE_CURVE('',#157,#467,#9771,.T.);
#9769=EDGE_CURVE('',#467,#153,#9772,.T.);
#9770=LINE('',#152,#9773);
#9771=LINE('',#156,#9774);
#9772=LINE('',#466,#9775);
#9773=VECTOR('',#9776,1.0);
#9774=VECTOR('',#9777,1.0);
#9775=VECTOR('',#9778,1.0);
#9776=DIRECTION('',(-0.7933492752661906,0.608766726615877,0));
#9777=DIRECTION('',(0.7903694421829957,0.6126305125141422,0));
#9778=DIRECTION('',(-0.707108397218226,-0.7071051651511757,0));
#9779=FACE_SURFACE('',(#9784),#9780,.T.);
#9780=PLANE('',#9781);
#9781=AXIS2_PLACEMENT_3D('',#466,#9782,#9783);
#9782=DIRECTION('',(0,0,-1));
#9783=DIRECTION('',(-0.7903694421829957,-0.6126305125141422,0));
#9784=FACE_BOUND('',#9785,.T.);
#9785=EDGE_LOOP('',(#9786,#9787,#9788));
#9786=ORIENTED_EDGE('',*,*,#9789,.T.);
#9787=ORIENTED_EDGE('',*,*,#9790,.T.);
#9788=ORIENTED_EDGE('',*,*,#9791,.T.);
#9789=EDGE_CURVE('',#467,#157,#9792,.F.);
#9790=EDGE_CURVE('',#157,#161,#9793,.T.);
#9791=EDGE_CURVE('',#161,#467,#9794,.T.);
#9792=LINE('',#466,#9795);
#9793=LINE('',#156,#9796);
#9794=LINE('',#160,#9797);
#9795=VECTOR('',#9798,1.0);
#9796=VECTOR('',#9799,1.0);
#9797=VECTOR('',#9800,1.0);
#9798=DIRECTION('',(-0.7903694421829957,-0.6126305125141422,0));
#9799=DIRECTION('',(-0.9238879986792811,0.382662992587986,0));
#9800=DIRECTION('',(0.8492815350141041,0.5279402184756218,0));
#9801=FACE_SURFACE('',(#9806),#9802,.T.);
#9802=PLANE('',#9803);
#9803=AXIS2_PLACEMENT_3D('',#466,#9804,#9805);
#9804=DIRECTION('',(0,0,-1));
#9805=DIRECTION('',(-0.8492815350141041,-0.5279402184756218,0));
#9806=FACE_BOUND('',#9807,.T.);
#9807=EDGE_LOOP('',(#9808,#9809,#9810));
#9808=ORIENTED_EDGE('',*,*,#9811,.T.);
#9809=ORIENTED_EDGE('',*,*,#9812,.T.);
#9810=ORIENTED_EDGE('',*,*,#9813,.T.);
#9811=EDGE_CURVE('',#467,#161,#9814,.F.);
#9812=EDGE_CURVE('',#161,#165,#9815,.T.);
#9813=EDGE_CURVE('',#165,#467,#9816,.T.);
#9814=LINE('',#466,#9817);
#9815=LINE('',#160,#9818);
#9816=LINE('',#164,#9819);
#9817=VECTOR('',#9820,1.0);
#9818=VECTOR('',#9821,1.0);
#9819=VECTOR('',#9822,1.0);
#9820=DIRECTION('',(-0.8492815350141041,-0.5279402184756218,0));
#9821=DIRECTION('',(-0.9914437944742878,0.13053429587057355,0));
#9822=DIRECTION('',(0.8835733462551171,0.4682927949344671,0));
#9823=FACE_SURFACE('',(#9828),#9824,.T.);
#9824=PLANE('',#9825);
#9825=AXIS2_PLACEMENT_3D('',#164,#9826,#9827);
#9826=DIRECTION('',(-0,0,-1));
#9827=DIRECTION('',(-0.9914442182772633,-0.13053107693030977,0));
#9828=FACE_BOUND('',#9829,.T.);
#9829=EDGE_LOOP('',(#9830,#9831,#9832));
#9830=ORIENTED_EDGE('',*,*,#9833,.T.);
#9831=ORIENTED_EDGE('',*,*,#9834,.T.);
#9832=ORIENTED_EDGE('',*,*,#9835,.T.);
#9833=EDGE_CURVE('',#165,#169,#9836,.F.);
#9834=EDGE_CURVE('',#169,#467,#9837,.T.);
#9835=EDGE_CURVE('',#467,#165,#9838,.T.);
#9836=LINE('',#164,#9839);
#9837=LINE('',#168,#9840);
#9838=LINE('',#466,#9841);
#9839=VECTOR('',#9842,1.0);
#9840=VECTOR('',#9843,1.0);
#9841=VECTOR('',#9844,1.0);
#9842=DIRECTION('',(-0.9914442182772633,-0.13053107693030977,0));
#9843=DIRECTION('',(0.8991250927085047,0.4376917495931617,0));
#9844=DIRECTION('',(-0.8835733462551171,-0.4682927949344671,0));
#9845=FACE_SURFACE('',(#9850),#9846,.T.);
#9846=PLANE('',#9847);
#9847=AXIS2_PLACEMENT_3D('',#466,#9848,#9849);
#9848=DIRECTION('',(0,0,-1));
#9849=DIRECTION('',(-0.8991250927085047,-0.4376917495931617,0));
#9850=FACE_BOUND('',#9851,.T.);
#9851=EDGE_LOOP('',(#9852,#9853,#9854));
#9852=ORIENTED_EDGE('',*,*,#9855,.T.);
#9853=ORIENTED_EDGE('',*,*,#9856,.T.);
#9854=ORIENTED_EDGE('',*,*,#9857,.T.);
#9855=EDGE_CURVE('',#467,#169,#9858,.F.);
#9856=EDGE_CURVE('',#169,#173,#9859,.T.);
#9857=EDGE_CURVE('',#173,#467,#9860,.T.);
#9858=LINE('',#466,#9861);
#9859=LINE('',#168,#9862);
#9860=LINE('',#172,#9863);
#9861=VECTOR('',#9864,1.0);
#9862=VECTOR('',#9865,1.0);
#9863=VECTOR('',#9866,1.0);
#9864=DIRECTION('',(-0.8991250927085047,-0.4376917495931617,0));
#9865=DIRECTION('',(-0.9238843564535347,-0.3826717861306707,0));
#9866=DIRECTION('',(0.9014759510072874,0.4328291923559533,0));
#9867=FACE_SURFACE('',(#9872),#9868,.T.);
#9868=PLANE('',#9869);
#9869=AXIS2_PLACEMENT_3D('',#204,#9870,#9871);
#9870=DIRECTION('',(0,0,-1));
#9871=DIRECTION('',(0.9238843564535347,-0.3826717861306707,0));
#9872=FACE_BOUND('',#9873,.T.);
#9873=EDGE_LOOP('',(#9874,#9875,#9876));
#9874=ORIENTED_EDGE('',*,*,#9877,.T.);
#9875=ORIENTED_EDGE('',*,*,#9878,.T.);
#9876=ORIENTED_EDGE('',*,*,#9879,.T.);
#9877=EDGE_CURVE('',#205,#209,#9880,.F.);
#9878=EDGE_CURVE('',#209,#77,#9881,.T.);
#9879=EDGE_CURVE('',#77,#205,#9882,.T.);
#9880=LINE('',#204,#9883);
#9881=LINE('',#208,#9884);
#9882=LINE('',#76,#9885);
#9883=VECTOR('',#9886,1.0);
#9884=VECTOR('',#9887,1.0);
#9885=VECTOR('',#9888,1.0);
#9886=DIRECTION('',(0.9238843564535347,-0.3826717861306707,0));
#9887=DIRECTION('',(-0.00957424135164835,-0.9999541659008879,0));
#9888=DIRECTION('',(0,1,0));
#9889=FACE_SURFACE('',(#9894),#9890,.T.);
#9890=PLANE('',#9891);
#9891=AXIS2_PLACEMENT_3D('',#76,#9892,#9893);
#9892=DIRECTION('',(0,0,-1));
#9893=DIRECTION('',(0.00957424135164835,0.9999541659008879,0));
#9894=FACE_BOUND('',#9895,.T.);
#9895=EDGE_LOOP('',(#9896,#9897,#9898));
#9896=ORIENTED_EDGE('',*,*,#9899,.T.);
#9897=ORIENTED_EDGE('',*,*,#9900,.T.);
#9898=ORIENTED_EDGE('',*,*,#9901,.T.);
#9899=EDGE_CURVE('',#77,#209,#9902,.F.);
#9900=EDGE_CURVE('',#209,#73,#9903,.T.);
#9901=EDGE_CURVE('',#73,#77,#9904,.T.);
#9902=LINE('',#76,#9905);
#9903=LINE('',#208,#9906);
#9904=LINE('',#72,#9907);
#9905=VECTOR('',#9908,1.0);
#9906=VECTOR('',#9909,1.0);
#9907=VECTOR('',#9910,1.0);
#9908=DIRECTION('',(0.00957424135164835,0.9999541659008879,0));
#9909=DIRECTION('',(0,-1,0));
#9910=DIRECTION('',(-0.9238755625658776,-0.3826930165205307,0));
#9911=FACE_SURFACE('',(#9916),#9912,.T.);
#9912=PLANE('',#9913);
#9913=AXIS2_PLACEMENT_3D('',#72,#9914,#9915);
#9914=DIRECTION('',(0,0,-1));
#9915=DIRECTION('',(0,1,0));
#9916=FACE_BOUND('',#9917,.T.);
#9917=EDGE_LOOP('',(#9918,#9919,#9920));
#9918=ORIENTED_EDGE('',*,*,#9921,.T.);
#9919=ORIENTED_EDGE('',*,*,#9922,.T.);
#9920=ORIENTED_EDGE('',*,*,#9923,.T.);
#9921=EDGE_CURVE('',#73,#209,#9924,.F.);
#9922=EDGE_CURVE('',#209,#213,#9925,.T.);
#9923=EDGE_CURVE('',#213,#73,#9926,.T.);
#9924=LINE('',#72,#9927);
#9925=LINE('',#208,#9928);
#9926=LINE('',#212,#9929);
#9927=VECTOR('',#9930,1.0);
#9928=VECTOR('',#9931,1.0);
#9929=VECTOR('',#9932,1.0);
#9930=DIRECTION('',(0,1,0));
#9931=DIRECTION('',(0.9914442182772633,-0.13053107693030977,0));
#9932=DIRECTION('',(-0.010329439231764395,-0.999946649919463,0));
#9933=FACE_SURFACE('',(#9938),#9934,.T.);
#9934=PLANE('',#9935);
#9935=AXIS2_PLACEMENT_3D('',#72,#9936,#9937);
#9936=DIRECTION('',(0,0,-1));
#9937=DIRECTION('',(0.010329439231764395,0.999946649919463,0));
#9938=FACE_BOUND('',#9939,.T.);
#9939=EDGE_LOOP('',(#9940,#9941,#9942));
#9940=ORIENTED_EDGE('',*,*,#9943,.T.);
#9941=ORIENTED_EDGE('',*,*,#9944,.T.);
#9942=ORIENTED_EDGE('',*,*,#9945,.T.);
#9943=EDGE_CURVE('',#73,#213,#9946,.F.);
#9944=EDGE_CURVE('',#213,#69,#9947,.T.);
#9945=EDGE_CURVE('',#69,#73,#9948,.T.);
#9946=LINE('',#72,#9949);
#9947=LINE('',#212,#9950);
#9948=LINE('',#68,#9951);
#9949=VECTOR('',#9952,1.0);
#9950=VECTOR('',#9953,1.0);
#9951=VECTOR('',#9954,1.0);
#9952=DIRECTION('',(0.010329439231764395,0.999946649919463,0));
#9953=DIRECTION('',(0,-1,0));
#9954=DIRECTION('',(-0.9914458276352998,-0.13051885252543177,0));
#9955=FACE_SURFACE('',(#9960),#9956,.T.);
#9956=PLANE('',#9957);
#9957=AXIS2_PLACEMENT_3D('',#68,#9958,#9959);
#9958=DIRECTION('',(0,0,-1));
#9959=DIRECTION('',(0,1,0));
#9960=FACE_BOUND('',#9961,.T.);
#9961=EDGE_LOOP('',(#9962,#9963,#9964));
#9962=ORIENTED_EDGE('',*,*,#9965,.T.);
#9963=ORIENTED_EDGE('',*,*,#9966,.T.);
#9964=ORIENTED_EDGE('',*,*,#9967,.T.);
#9965=EDGE_CURVE('',#69,#213,#9968,.F.);
#9966=EDGE_CURVE('',#213,#65,#9969,.T.);
#9967=EDGE_CURVE('',#65,#69,#9970,.T.);
#9968=LINE('',#68,#9971);
#9969=LINE('',#212,#9972);
#9970=LINE('',#64,#9973);
#9971=VECTOR('',#9974,1.0);
#9972=VECTOR('',#9975,1.0);
#9973=VECTOR('',#9976,1.0);
#9974=DIRECTION('',(0,1,0));
#9975=DIRECTION('',(0.010329180122932458,-0.9999466525960212,0));
#9976=DIRECTION('',(-0.9914454039110121,0.1305220711746873,0));
#9977=FACE_SURFACE('',(#9982),#9978,.T.);
#9978=PLANE('',#9979);
#9979=AXIS2_PLACEMENT_3D('',#64,#9980,#9981);
#9980=DIRECTION('',(0,0,-1));
#9981=DIRECTION('',(-0.010329180122932458,0.9999466525960212,0));
#9982=FACE_BOUND('',#9983,.T.);
#9983=EDGE_LOOP('',(#9984,#9985,#9986));
#9984=ORIENTED_EDGE('',*,*,#9987,.T.);
#9985=ORIENTED_EDGE('',*,*,#9988,.T.);
#9986=ORIENTED_EDGE('',*,*,#9989,.T.);
#9987=EDGE_CURVE('',#65,#213,#9990,.F.);
#9988=EDGE_CURVE('',#213,#217,#9991,.T.);
#9989=EDGE_CURVE('',#217,#65,#9992,.T.);
#9990=LINE('',#64,#9993);
#9991=LINE('',#212,#9994);
#9992=LINE('',#216,#9995);
#9993=VECTOR('',#9996,1.0);
#9994=VECTOR('',#9997,1.0);
#9995=VECTOR('',#9998,1.0);
#9996=DIRECTION('',(-0.010329180122932458,0.9999466525960212,0));
#9997=DIRECTION('',(0.9914437944742878,0.13053429587057355,0));
#9998=DIRECTION('',(0,-1,0));
#9999=FACE_SURFACE('',(#10004),#10000,.T.);
#10000=PLANE('',#10001);
#10001=AXIS2_PLACEMENT_3D('',#64,#10002,#10003);
#10002=DIRECTION('',(0,0,-1));
#10003=DIRECTION('',(0,1,0));
#10004=FACE_BOUND('',#10005,.T.);
#10005=EDGE_LOOP('',(#10006,#10007,#10008));
#10006=ORIENTED_EDGE('',*,*,#10009,.T.);
#10007=ORIENTED_EDGE('',*,*,#10010,.T.);
#10008=ORIENTED_EDGE('',*,*,#10011,.T.);
#10009=EDGE_CURVE('',#65,#217,#10012,.F.);
#10010=EDGE_CURVE('',#217,#61,#10013,.T.);
#10011=EDGE_CURVE('',#61,#65,#10014,.T.);
#10012=LINE('',#64,#10015);
#10013=LINE('',#216,#10016);
#10014=LINE('',#60,#10017);
#10015=VECTOR('',#10018,1.0);
#10016=VECTOR('',#10019,1.0);
#10017=VECTOR('',#10020,1.0);
#10018=DIRECTION('',(0,1,0));
#10019=DIRECTION('',(0.009574499088124843,-0.9999541634331103,0));
#10020=DIRECTION('',(-0.9238792051611022,0.3826842226573891,0));
#10021=FACE_SURFACE('',(#10026),#10022,.T.);
#10022=PLANE('',#10023);
#10023=AXIS2_PLACEMENT_3D('',#60,#10024,#10025);
#10024=DIRECTION('',(0,0,-1));
#10025=DIRECTION('',(-0.009574499088124843,0.9999541634331103,0));
#10026=FACE_BOUND('',#10027,.T.);
#10027=EDGE_LOOP('',(#10028,#10029,#10030));
#10028=ORIENTED_EDGE('',*,*,#10031,.T.);
#10029=ORIENTED_EDGE('',*,*,#10032,.T.);
#10030=ORIENTED_EDGE('',*,*,#10033,.T.);
#10031=EDGE_CURVE('',#61,#217,#10034,.F.);
#10032=EDGE_CURVE('',#217,#221,#10035,.T.);
#10033=EDGE_CURVE('',#221,#61,#10036,.T.);
#10034=LINE('',#60,#10037);
#10035=LINE('',#216,#10038);
#10036=LINE('',#220,#10039);
#10037=VECTOR('',#10040,1.0);
#10038=VECTOR('',#10041,1.0);
#10039=VECTOR('',#10042,1.0);
#10040=DIRECTION('',(-0.009574499088124843,0.9999541634331103,0));
#10041=DIRECTION('',(0.9238879986792811,0.382662992587986,0));
#10042=DIRECTION('',(0,-1,0));
#10043=FACE_SURFACE('',(#10048),#10044,.T.);
#10044=PLANE('',#10045);
#10045=AXIS2_PLACEMENT_3D('',#60,#10046,#10047);
#10046=DIRECTION('',(0,0,-1));
#10047=DIRECTION('',(0,1,0));
#10048=FACE_BOUND('',#10049,.T.);
#10049=EDGE_LOOP('',(#10050,#10051,#10052));
#10050=ORIENTED_EDGE('',*,*,#10053,.T.);
#10051=ORIENTED_EDGE('',*,*,#10054,.T.);
#10052=ORIENTED_EDGE('',*,*,#10055,.T.);
#10053=EDGE_CURVE('',#61,#221,#10056,.F.);
#10054=EDGE_CURVE('',#221,#57,#10057,.T.);
#10055=EDGE_CURVE('',#57,#61,#10058,.T.);
#10056=LINE('',#60,#10059);
#10057=LINE('',#220,#10060);
#10058=LINE('',#56,#10061);
#10059=VECTOR('',#10062,1.0);
#10060=VECTOR('',#10063,1.0);
#10061=VECTOR('',#10064,1.0);
#10062=DIRECTION('',(0,1,0));
#10063=DIRECTION('',(0.008138004623174145,-0.9999668858921045,0));
#10064=DIRECTION('',(-0.7933492752661906,0.608766726615877,0));
#10065=FACE_SURFACE('',(#10070),#10066,.T.);
#10066=PLANE('',#10067);
#10067=AXIS2_PLACEMENT_3D('',#56,#10068,#10069);
#10068=DIRECTION('',(0,0,-1));
#10069=DIRECTION('',(-0.008138004623174145,0.9999668858921045,0));
#10070=FACE_BOUND('',#10071,.T.);
#10071=EDGE_LOOP('',(#10072,#10073,#10074));
#10072=ORIENTED_EDGE('',*,*,#10075,.T.);
#10073=ORIENTED_EDGE('',*,*,#10076,.T.);
#10074=ORIENTED_EDGE('',*,*,#10077,.T.);
#10075=EDGE_CURVE('',#57,#221,#10078,.F.);
#10076=EDGE_CURVE('',#221,#225,#10079,.T.);
#10077=EDGE_CURVE('',#225,#57,#10080,.T.);
#10078=LINE('',#56,#10081);
#10079=LINE('',#220,#10082);
#10080=LINE('',#224,#10083);
#10081=VECTOR('',#10084,1.0);
#10082=VECTOR('',#10085,1.0);
#10083=VECTOR('',#10086,1.0);
#10084=DIRECTION('',(-0.008138004623174145,0.9999668858921045,0));
#10085=DIRECTION('',(0.7933492752661906,0.608766726615877,0));
#10086=DIRECTION('',(0,-1,0));
#10087=FACE_SURFACE('',(#10092),#10088,.T.);
#10088=PLANE('',#10089);
#10089=AXIS2_PLACEMENT_3D('',#56,#10090,#10091);
#10090=DIRECTION('',(0,0,-1));
#10091=DIRECTION('',(0,1,0));
#10092=FACE_BOUND('',#10093,.T.);
#10093=EDGE_LOOP('',(#10094,#10095,#10096));
#10094=ORIENTED_EDGE('',*,*,#10097,.T.);
#10095=ORIENTED_EDGE('',*,*,#10098,.T.);
#10096=ORIENTED_EDGE('',*,*,#10099,.T.);
#10097=EDGE_CURVE('',#57,#225,#10100,.F.);
#10098=EDGE_CURVE('',#225,#53,#10101,.T.);
#10099=EDGE_CURVE('',#53,#57,#10102,.T.);
#10100=LINE('',#56,#10103);
#10101=LINE('',#224,#10104);
#10102=LINE('',#52,#10105);
#10103=VECTOR('',#10106,1.0);
#10104=VECTOR('',#10107,1.0);
#10105=VECTOR('',#10108,1.0);
#10106=DIRECTION('',(0,1,0));
#10107=DIRECTION('',(0.006156141113736193,-0.9999810507837574,0));
#10108=DIRECTION('',(-0.608766726615877,0.7933492752661906,0));
#10109=FACE_SURFACE('',(#10114),#10110,.T.);
#10110=PLANE('',#10111);
#10111=AXIS2_PLACEMENT_3D('',#52,#10112,#10113);
#10112=DIRECTION('',(0,0,-1));
#10113=DIRECTION('',(-0.006156141113736193,0.9999810507837574,0));
#10114=FACE_BOUND('',#10115,.T.);
#10115=EDGE_LOOP('',(#10116,#10117,#10118));
#10116=ORIENTED_EDGE('',*,*,#10119,.T.);
#10117=ORIENTED_EDGE('',*,*,#10120,.T.);
#10118=ORIENTED_EDGE('',*,*,#10121,.T.);
#10119=EDGE_CURVE('',#53,#225,#10122,.F.);
#10120=EDGE_CURVE('',#225,#229,#10123,.T.);
#10121=EDGE_CURVE('',#229,#53,#10124,.T.);
#10122=LINE('',#52,#10125);
#10123=LINE('',#224,#10126);
#10124=LINE('',#228,#10127);
#10125=VECTOR('',#10128,1.0);
#10126=VECTOR('',#10129,1.0);
#10127=VECTOR('',#10130,1.0);
#10128=DIRECTION('',(-0.006156141113736193,0.9999810507837574,0));
#10129=DIRECTION('',(0.6087547140025935,0.7933584928515107,0));
#10130=DIRECTION('',(0,-1,0));
#10131=FACE_SURFACE('',(#10136),#10132,.T.);
#10132=PLANE('',#10133);
#10133=AXIS2_PLACEMENT_3D('',#52,#10134,#10135);
#10134=DIRECTION('',(0,0,-1));
#10135=DIRECTION('',(0,1,0));
#10136=FACE_BOUND('',#10137,.T.);
#10137=EDGE_LOOP('',(#10138,#10139,#10140));
#10138=ORIENTED_EDGE('',*,*,#10141,.T.);
#10139=ORIENTED_EDGE('',*,*,#10142,.T.);
#10140=ORIENTED_EDGE('',*,*,#10143,.T.);
#10141=EDGE_CURVE('',#53,#229,#10144,.F.);
#10142=EDGE_CURVE('',#229,#469,#10145,.T.);
#10143=EDGE_CURVE('',#469,#53,#10146,.T.);
#10144=LINE('',#52,#10147);
#10145=LINE('',#228,#10148);
#10146=LINE('',#468,#10149);
#10147=VECTOR('',#10150,1.0);
#10148=VECTOR('',#10151,1.0);
#10149=VECTOR('',#10152,1.0);
#10150=DIRECTION('',(0,1,0));
#10151=DIRECTION('',(0.04399514034877462,-0.9990317450540256,0));
#10152=DIRECTION('',(-0.4328310026315662,0.9014750818303039,0));
#10153=FACE_SURFACE('',(#10158),#10154,.T.);
#10154=PLANE('',#10155);
#10155=AXIS2_PLACEMENT_3D('',#40,#10156,#10157);
#10156=DIRECTION('',(0,0,-1));
#10157=DIRECTION('',(0.13050823722047877,0.9914472250289488,0));
#10158=FACE_BOUND('',#10159,.T.);
#10159=EDGE_LOOP('',(#10160,#10161,#10162));
#10160=ORIENTED_EDGE('',*,*,#10163,.T.);
#10161=ORIENTED_EDGE('',*,*,#10164,.T.);
#10162=ORIENTED_EDGE('',*,*,#10165,.T.);
#10163=EDGE_CURVE('',#41,#45,#10166,.F.);
#10164=EDGE_CURVE('',#45,#469,#10167,.T.);
#10165=EDGE_CURVE('',#469,#41,#10168,.T.);
#10166=LINE('',#40,#10169);
#10167=LINE('',#44,#10170);
#10168=LINE('',#468,#10171);
#10169=VECTOR('',#10172,1.0);
#10170=VECTOR('',#10173,1.0);
#10171=VECTOR('',#10174,1.0);
#10172=DIRECTION('',(0.13050823722047877,0.9914472250289488,0));
#10173=DIRECTION('',(0.4682949000554594,-0.8835722305403488,0));
#10174=DIRECTION('',(-0.5279408799874071,0.8492811237971335,0));
#10175=FACE_SURFACE('',(#10180),#10176,.T.);
#10176=PLANE('',#10177);
#10177=AXIS2_PLACEMENT_3D('',#468,#10178,#10179);
#10178=DIRECTION('',(0,0,-1));
#10179=DIRECTION('',(-0.4682949000554594,0.8835722305403488,0));
#10180=FACE_BOUND('',#10181,.T.);
#10181=EDGE_LOOP('',(#10182,#10183,#10184));
#10182=ORIENTED_EDGE('',*,*,#10185,.T.);
#10183=ORIENTED_EDGE('',*,*,#10186,.T.);
#10184=ORIENTED_EDGE('',*,*,#10187,.T.);
#10185=EDGE_CURVE('',#469,#45,#10188,.F.);
#10186=EDGE_CURVE('',#45,#49,#10189,.T.);
#10187=EDGE_CURVE('',#49,#469,#10190,.T.);
#10188=LINE('',#468,#10191);
#10189=LINE('',#44,#10192);
#10190=LINE('',#48,#10193);
#10191=VECTOR('',#10194,1.0);
#10192=VECTOR('',#10195,1.0);
#10193=VECTOR('',#10196,1.0);
#10194=DIRECTION('',(-0.4682949000554594,0.8835722305403488,0));
#10195=DIRECTION('',(-0.13050823722047877,0.9914472250289488,0));
#10196=DIRECTION('',(0.4376922309567426,-0.8991248583818099,0));
#10197=FACE_SURFACE('',(#10202),#10198,.T.);
#10198=PLANE('',#10199);
#10199=AXIS2_PLACEMENT_3D('',#468,#10200,#10201);
#10200=DIRECTION('',(0,0,-1));
#10201=DIRECTION('',(-0.4376922309567426,0.8991248583818099,0));
#10202=FACE_BOUND('',#10203,.T.);
#10203=EDGE_LOOP('',(#10204,#10205,#10206));
#10204=ORIENTED_EDGE('',*,*,#10207,.T.);
#10205=ORIENTED_EDGE('',*,*,#10208,.T.);
#10206=ORIENTED_EDGE('',*,*,#10209,.T.);
#10207=EDGE_CURVE('',#469,#49,#10210,.F.);
#10208=EDGE_CURVE('',#49,#53,#10211,.T.);
#10209=EDGE_CURVE('',#53,#469,#10212,.T.);
#10210=LINE('',#468,#10213);
#10211=LINE('',#48,#10214);
#10212=LINE('',#52,#10215);
#10213=VECTOR('',#10216,1.0);
#10214=VECTOR('',#10217,1.0);
#10215=VECTOR('',#10218,1.0);
#10216=DIRECTION('',(-0.4376922309567426,0.8991248583818099,0));
#10217=DIRECTION('',(-0.382688619542775,0.9238773838948788,0));
#10218=DIRECTION('',(0.4328310026315662,-0.9014750818303039,0));
#10219=FACE_SURFACE('',(#10224),#10220,.T.);
#10220=PLANE('',#10221);
#10221=AXIS2_PLACEMENT_3D('',#116,#10222,#10223);
#10222=DIRECTION('',(0,0,-1));
#10223=DIRECTION('',(0.9914454039110121,0.1305220711746873,0));
#10224=FACE_BOUND('',#10225,.T.);
#10225=EDGE_LOOP('',(#10226,#10227,#10228));
#10226=ORIENTED_EDGE('',*,*,#10229,.T.);
#10227=ORIENTED_EDGE('',*,*,#10230,.T.);
#10228=ORIENTED_EDGE('',*,*,#10231,.T.);
#10229=EDGE_CURVE('',#117,#121,#10232,.F.);
#10230=EDGE_CURVE('',#121,#469,#10233,.T.);
#10231=EDGE_CURVE('',#469,#117,#10234,.T.);
#10232=LINE('',#116,#10235);
#10233=LINE('',#120,#10236);
#10234=LINE('',#468,#10237);
#10235=VECTOR('',#10238,1.0);
#10236=VECTOR('',#10239,1.0);
#10237=VECTOR('',#10240,1.0);
#10238=DIRECTION('',(0.9914454039110121,0.1305220711746873,0));
#10239=DIRECTION('',(0.8492815350141041,-0.5279402184756218,0));
#10240=DIRECTION('',(-0.8835727883980077,0.46829384749596004,0));
#10241=FACE_SURFACE('',(#10246),#10242,.T.);
#10242=PLANE('',#10243);
#10243=AXIS2_PLACEMENT_3D('',#468,#10244,#10245);
#10244=DIRECTION('',(0,0,-1));
#10245=DIRECTION('',(-0.8492815350141041,0.5279402184756218,0));
#10246=FACE_BOUND('',#10247,.T.);
#10247=EDGE_LOOP('',(#10248,#10249,#10250));
#10248=ORIENTED_EDGE('',*,*,#10251,.T.);
#10249=ORIENTED_EDGE('',*,*,#10252,.T.);
#10250=ORIENTED_EDGE('',*,*,#10253,.T.);
#10251=EDGE_CURVE('',#469,#121,#10254,.F.);
#10252=EDGE_CURVE('',#121,#125,#10255,.T.);
#10253=EDGE_CURVE('',#125,#469,#10256,.T.);
#10254=LINE('',#468,#10257);
#10255=LINE('',#120,#10258);
#10256=LINE('',#124,#10259);
#10257=VECTOR('',#10260,1.0);
#10258=VECTOR('',#10261,1.0);
#10259=VECTOR('',#10262,1.0);
#10260=DIRECTION('',(-0.8492815350141041,0.5279402184756218,0));
#10261=DIRECTION('',(0.9238792051611022,0.3826842226573891,0));
#10262=DIRECTION('',(0.7903679155039638,-0.6126324821146193,0));
#10263=FACE_SURFACE('',(#10268),#10264,.T.);
#10264=PLANE('',#10265);
#10265=AXIS2_PLACEMENT_3D('',#468,#10266,#10267);
#10266=DIRECTION('',(0,0,-1));
#10267=DIRECTION('',(-0.7903679155039638,0.6126324821146193,0));
#10268=FACE_BOUND('',#10269,.T.);
#10269=EDGE_LOOP('',(#10270,#10271,#10272));
#10270=ORIENTED_EDGE('',*,*,#10273,.T.);
#10271=ORIENTED_EDGE('',*,*,#10274,.T.);
#10272=ORIENTED_EDGE('',*,*,#10275,.T.);
#10273=EDGE_CURVE('',#469,#125,#10276,.F.);
#10274=EDGE_CURVE('',#125,#129,#10277,.T.);
#10275=EDGE_CURVE('',#129,#469,#10278,.T.);
#10276=LINE('',#468,#10279);
#10277=LINE('',#124,#10280);
#10278=LINE('',#128,#10281);
#10279=VECTOR('',#10282,1.0);
#10280=VECTOR('',#10283,1.0);
#10281=VECTOR('',#10284,1.0);
#10282=DIRECTION('',(-0.7903679155039638,0.6126324821146193,0));
#10283=DIRECTION('',(0.7933492752661906,0.608766726615877,0));
#10284=DIRECTION('',(0.7071067811865476,-0.7071067811865476,0));
#10285=FACE_SURFACE('',(#10290),#10286,.T.);
#10286=PLANE('',#10287);
#10287=AXIS2_PLACEMENT_3D('',#128,#10288,#10289);
#10288=DIRECTION('',(0,0,-1));
#10289=DIRECTION('',(0.608766726615877,0.7933492752661906,0));
#10290=FACE_BOUND('',#10291,.T.);
#10291=EDGE_LOOP('',(#10292,#10293,#10294));
#10292=ORIENTED_EDGE('',*,*,#10295,.T.);
#10293=ORIENTED_EDGE('',*,*,#10296,.T.);
#10294=ORIENTED_EDGE('',*,*,#10297,.T.);
#10295=EDGE_CURVE('',#129,#133,#10298,.F.);
#10296=EDGE_CURVE('',#133,#469,#10299,.T.);
#10297=EDGE_CURVE('',#469,#129,#10300,.T.);
#10298=LINE('',#128,#10301);
#10299=LINE('',#132,#10302);
#10300=LINE('',#468,#10303);
#10301=VECTOR('',#10304,1.0);
#10302=VECTOR('',#10305,1.0);
#10303=VECTOR('',#10306,1.0);
#10304=DIRECTION('',(0.608766726615877,0.7933492752661906,0));
#10305=DIRECTION('',(0.6126324821146193,-0.7903679155039638,0));
#10306=DIRECTION('',(-0.7071067811865476,0.7071067811865476,0));
#10307=FACE_SURFACE('',(#10312),#10308,.T.);
#10308=PLANE('',#10309);
#10309=AXIS2_PLACEMENT_3D('',#468,#10310,#10311);
#10310=DIRECTION('',(0,0,-1));
#10311=DIRECTION('',(-0.6126324821146193,0.7903679155039638,0));
#10312=FACE_BOUND('',#10313,.T.);
#10313=EDGE_LOOP('',(#10314,#10315,#10316));
#10314=ORIENTED_EDGE('',*,*,#10317,.T.);
#10315=ORIENTED_EDGE('',*,*,#10318,.T.);
#10316=ORIENTED_EDGE('',*,*,#10319,.T.);
#10317=EDGE_CURVE('',#469,#133,#10320,.F.);
#10318=EDGE_CURVE('',#133,#41,#10321,.T.);
#10319=EDGE_CURVE('',#41,#469,#10322,.T.);
#10320=LINE('',#468,#10323);
#10321=LINE('',#132,#10324);
#10322=LINE('',#40,#10325);
#10323=VECTOR('',#10326,1.0);
#10324=VECTOR('',#10327,1.0);
#10325=VECTOR('',#10328,1.0);
#10326=DIRECTION('',(-0.6126324821146193,0.7903679155039638,0));
#10327=DIRECTION('',(0.382688619542775,0.9238773838948788,0));
#10328=DIRECTION('',(0.5279408799874071,-0.8492811237971335,0));
ENDSEC;
END-ISO-10303-21;
