ISO-10303-21;
HEADER;
FILE_DESCRIPTION((''),'2;1');
FILE_NAME('macropad desing_Configuration 1_Body9', '2026-09-02T20:10:02', (''), (''), 'ImageToStl.com STEP Converter','', '');
FILE_SCHEMA(('AUTOMOTIVE_DESIGN_CC2'));
ENDSEC;
DATA;
#1=PRODUCT_DEFINITION_CONTEXT('',#4,'design');
#2=APPLICATION_PROTOCOL_DEFINITION('INTERNATIONAL STANDARD','automotive_design',1994,#4);
#3=(GEOMETRIC_REPRESENTATION_CONTEXT(3)GLOBAL_UNCERTAINTY_ASSIGNED_CONTEXT((#5))GLOBAL_UNIT_ASSIGNED_CONTEXT((#6,#7,#8))REPRESENTATION_CONTEXT('NONE','WORKSPACE'));
#4=APPLICATION_CONTEXT(' ');
#5=UNCERTAINTY_MEASURE_WITH_UNIT(LENGTH_MEASURE(1.0E-006),#6,'','');
#6=(CONVERSION_BASED_UNIT('METRE',#10)LENGTH_UNIT()NAMED_UNIT(#11));
#7=(NAMED_UNIT(#12)PLANE_ANGLE_UNIT()SI_UNIT($,.RADIAN.));
#8=(NAMED_UNIT(#12)SOLID_ANGLE_UNIT()SI_UNIT($,.STERADIAN.));
#9=AXIS2_PLACEMENT_3D('',#14,#15,#16);
#10=LENGTH_MEASURE_WITH_UNIT(LENGTH_MEASURE(1.0),#17);
#11=DIMENSIONAL_EXPONENTS(1.0,0.0,0.0,0.0,0.0,0.0,0.0);
#12=DIMENSIONAL_EXPONENTS(0.0,0.0,0.0,0.0,0.0,0.0,0.0);
#13=PRODUCT_CONTEXT('',#4,'mechanical');
#14=CARTESIAN_POINT('',(0.0,0.0,0.0));
#15=DIRECTION('',(0.0,0.0,1.0));
#16=DIRECTION('',(1.0,0.0,0.0));
#17=(NAMED_UNIT(#11)LENGTH_UNIT()SI_UNIT(.MILLI.,.METRE.));
#18=PRESENTATION_STYLE_ASSIGNMENT((#19));
#19=SURFACE_STYLE_USAGE(.BOTH.,#20);
#20=SURFACE_SIDE_STYLE('',(#21));
#21=SURFACE_STYLE_FILL_AREA(#22);
#22=FILL_AREA_STYLE('',(#23));
#23=FILL_AREA_STYLE_COLOUR('',#24);
#24=COLOUR_RGB('',0.67843,0.12549,0.12549);
#25=PRESENTATION_STYLE_ASSIGNMENT((#26));
#26=SURFACE_STYLE_USAGE(.BOTH.,#27);
#27=SURFACE_SIDE_STYLE('',(#28));
#28=SURFACE_STYLE_FILL_AREA(#29);
#29=FILL_AREA_STYLE('',(#30));
#30=FILL_AREA_STYLE_COLOUR('',#31);
#31=COLOUR_RGB('',0.65882,0,0);
#32=SHAPE_DEFINITION_REPRESENTATION(#33,#34);
#33=PRODUCT_DEFINITION_SHAPE('productshape0','',#37);
#34=MANIFOLD_SURFACE_SHAPE_REPRESENTATION('',(#35,#9),#3);
#35=SHELL_BASED_SURFACE_MODEL('shell0',(#39));
#36=PRODUCT('product0','','',(#13));
#37=PRODUCT_DEFINITION('mesh0','',#38,#2);
#38=PRODUCT_DEFINITION_FORMATION_WITH_SPECIFIED_SOURCE('prodsource0','',#36,.NOT_KNOWN.);
#39=CLOSED_SHELL('',(#497,#519,#541,#563,#585,#607,#629,#651,#673,#695,#717,#739,#761,#783,#805,#827,#849,#871,#893,#915,#937,#959,#981,#1003,#1025,#1047,#1069,#1091,#1113,#1135,#1157,#1179,#1201,#1223,#1245,#1267,#1289,#1311,#1333,#1355,#1377,#1399,#1421,#1443,#1465,#1487,#1509,#1531,#1553,#1575,#1597,#1619,#1641,#1663,#1685,#1707,#1729,#1751,#1773,#1795,#1817,#1839,#1861,#1883,#1905,#1927,#1949,#1971,#1993,#2015,#2037,#2059,#2081,#2103,#2125,#2147,#2169,#2191,#2213,#2235,#2257,#2279,#2301,#2323,#2345,#2367,#2389,#2411,#2433,#2455,#2477,#2499,#2521,#2543,#2565,#2587,#2609,#2631,#2653,#2675,#2697,#2719,#2741,#2763,#2785,#2807,#2829,#2851,#2873,#2895,#2917,#2939,#2961,#2983,#3005,#3027,#3049,#3071,#3093,#3115,#3137,#3159,#3181,#3203,#3225,#3247,#3269,#3291,#3313,#3335,#3357,#3379,#3401,#3423,#3445,#3467,#3489,#3511,#3533,#3555,#3577,#3599,#3621,#3643,#3665,#3687,#3709,#3731,#3753,#3775,#3797,#3819,#3841,#3863,#3885,#3907,#3929,#3951,#3973,#3995,#4017,#4039,#4061,#4083,#4105,#4127,#4149,#4171,#4193,#4215,#4237,#4259,#4281,#4303,#4325,#4347,#4369,#4391,#4413,#4435,#4457,#4479,#4501,#4523,#4545,#4567,#4589,#4611,#4633,#4655,#4677,#4699,#4721,#4743,#4765,#4787,#4809,#4831,#4853,#4875,#4897,#4919,#4941,#4963,#4985,#5007,#5029,#5051,#5073,#5095,#5117,#5139,#5161,#5183,#5205,#5227,#5249,#5271,#5293,#5315,#5337,#5359,#5381,#5403,#5425,#5447,#5469,#5491,#5513,#5535,#5557,#5579,#5601,#5623,#5645,#5667,#5689,#5711,#5733,#5755,#5777,#5799,#5821,#5843,#5865,#5887,#5909,#5931,#5953,#5975,#5997,#6019,#6041,#6063,#6085,#6107,#6129,#6151,#6173,#6195,#6217,#6239,#6261,#6283,#6305,#6327,#6349,#6371,#6393,#6415,#6437,#6459,#6481,#6503,#6525,#6547,#6569,#6591,#6613,#6635,#6657,#6679,#6701,#6723,#6745,#6767,#6789,#6811,#6833,#6855,#6877,#6899,#6921,#6943,#6965,#6987,#7009,#7031,#7053,#7075,#7097,#7119,#7141,#7163,#7185,#7207,#7229,#7251,#7273,#7295,#7317,#7339,#7361,#7383,#7405,#7427,#7449,#7471,#7493,#7515,#7537,#7559,#7581,#7603,#7625,#7647,#7669,#7691,#7713,#7735,#7757,#7779,#7801,#7823,#7845,#7867,#7889,#7911,#7933,#7955,#7977,#7999,#8021,#8043,#8065,#8087,#8109,#8131,#8153,#8175,#8197,#8219,#8241,#8263,#8285,#8307,#8329,#8351,#8373,#8395,#8417,#8439,#8461,#8483,#8505,#8527,#8549,#8571,#8593,#8615,#8637,#8659,#8681,#8703,#8725,#8747,#8769,#8791,#8813,#8835,#8857,#8879,#8901,#8923,#8945,#8967,#8989,#9011,#9033,#9055,#9077,#9099,#9121,#9143,#9165,#9187,#9209,#9231,#9253,#9275,#9297,#9319,#9341,#9363,#9385,#9407,#9429,#9451,#9473,#9495,#9517,#9539,#9561,#9583,#9605,#9627,#9649,#9671,#9693,#9715,#9737,#9759,#9781,#9803,#9825,#9847,#9869,#9891,#9913,#9935,#9957,#9979,#10001,#10023,#10045,#10067,#10089,#10111,#10133,#10155,#10177,#10199,#10221,#10243,#10265,#10287,#10309,#10331,#10353,#10375,#10397,#10419,#10441,#10463,#10485,#10507,#10529,#10551,#10573,#10595,#10617,#10639,#10661,#10683,#10705,#10727,#10749,#10771,#10793,#10815,#10837,#10859,#10881,#10903,#10925,#10947));
#40=CARTESIAN_POINT('',(135.92413330078125,23.21320915222168,0.8094906210899353));
#41=VERTEX_POINT('',#40);
#42=CARTESIAN_POINT('',(135.92413330078125,23.21320915222168,3.80949068069458));
#43=VERTEX_POINT('',#42);
#44=CARTESIAN_POINT('',(135.98036193847656,23.640260696411133,0.8094906210899353));
#45=VERTEX_POINT('',#44);
#46=CARTESIAN_POINT('',(135.98036193847656,23.640260696411133,3.80949068069458));
#47=VERTEX_POINT('',#46);
#48=CARTESIAN_POINT('',(135.92413330078125,24.067310333251953,0.8094906210899353));
#49=VERTEX_POINT('',#48);
#50=CARTESIAN_POINT('',(135.92413330078125,24.067310333251953,3.80949068069458));
#51=VERTEX_POINT('',#50);
#52=CARTESIAN_POINT('',(135.75930786132812,24.465259552001953,0.8094906210899353));
#53=VERTEX_POINT('',#52);
#54=CARTESIAN_POINT('',(135.75930786132812,24.465259552001953,3.80949068069458));
#55=VERTEX_POINT('',#54);
#56=CARTESIAN_POINT('',(135.49708557128906,24.80698585510254,0.8094906210899353));
#57=VERTEX_POINT('',#56);
#58=CARTESIAN_POINT('',(135.49708557128906,24.80698585510254,3.80949068069458));
#59=VERTEX_POINT('',#58);
#60=CARTESIAN_POINT('',(135.15536499023438,25.069202423095703,0.8094906210899353));
#61=VERTEX_POINT('',#60);
#62=CARTESIAN_POINT('',(135.15536499023438,25.069202423095703,3.80949068069458));
#63=VERTEX_POINT('',#62);
#64=CARTESIAN_POINT('',(134.75741577148438,25.234037399291992,0.8094906210899353));
#65=VERTEX_POINT('',#64);
#66=CARTESIAN_POINT('',(134.75741577148438,25.234037399291992,3.80949068069458));
#67=VERTEX_POINT('',#66);
#68=CARTESIAN_POINT('',(134.33035278320312,25.290260314941406,0.8094906210899353));
#69=VERTEX_POINT('',#68);
#70=CARTESIAN_POINT('',(134.33035278320312,25.290260314941406,3.80949068069458));
#71=VERTEX_POINT('',#70);
#72=CARTESIAN_POINT('',(133.90330505371094,25.234037399291992,0.8094906210899353));
#73=VERTEX_POINT('',#72);
#74=CARTESIAN_POINT('',(133.90330505371094,25.234037399291992,3.80949068069458));
#75=VERTEX_POINT('',#74);
#76=CARTESIAN_POINT('',(133.50535583496094,25.069202423095703,0.8094906210899353));
#77=VERTEX_POINT('',#76);
#78=CARTESIAN_POINT('',(133.50535583496094,25.069202423095703,3.80949068069458));
#79=VERTEX_POINT('',#78);
#80=CARTESIAN_POINT('',(133.16363525390625,24.80698585510254,0.8094906210899353));
#81=VERTEX_POINT('',#80);
#82=CARTESIAN_POINT('',(133.16363525390625,24.80698585510254,3.80949068069458));
#83=VERTEX_POINT('',#82);
#84=CARTESIAN_POINT('',(132.9014129638672,24.465259552001953,0.8094906210899353));
#85=VERTEX_POINT('',#84);
#86=CARTESIAN_POINT('',(132.9014129638672,24.465259552001953,3.80949068069458));
#87=VERTEX_POINT('',#86);
#88=CARTESIAN_POINT('',(132.73658752441406,24.067310333251953,0.8094906210899353));
#89=VERTEX_POINT('',#88);
#90=CARTESIAN_POINT('',(132.73658752441406,24.067310333251953,3.80949068069458));
#91=VERTEX_POINT('',#90);
#92=CARTESIAN_POINT('',(132.68035888671875,23.640260696411133,0.8094906210899353));
#93=VERTEX_POINT('',#92);
#94=CARTESIAN_POINT('',(132.68035888671875,23.640260696411133,3.80949068069458));
#95=VERTEX_POINT('',#94);
#96=CARTESIAN_POINT('',(132.73658752441406,23.21320915222168,0.8094906210899353));
#97=VERTEX_POINT('',#96);
#98=CARTESIAN_POINT('',(132.73658752441406,23.21320915222168,3.80949068069458));
#99=VERTEX_POINT('',#98);
#100=CARTESIAN_POINT('',(132.9014129638672,22.81525993347168,0.8094906210899353));
#101=VERTEX_POINT('',#100);
#102=CARTESIAN_POINT('',(132.9014129638672,22.81525993347168,3.80949068069458));
#103=VERTEX_POINT('',#102);
#104=CARTESIAN_POINT('',(133.16363525390625,22.473533630371094,0.8094906210899353));
#105=VERTEX_POINT('',#104);
#106=CARTESIAN_POINT('',(133.16363525390625,22.473533630371094,3.80949068069458));
#107=VERTEX_POINT('',#106);
#108=CARTESIAN_POINT('',(133.50535583496094,22.21131706237793,0.8094906210899353));
#109=VERTEX_POINT('',#108);
#110=CARTESIAN_POINT('',(133.50535583496094,22.21131706237793,3.80949068069458));
#111=VERTEX_POINT('',#110);
#112=CARTESIAN_POINT('',(133.90330505371094,22.04648208618164,0.8094906210899353));
#113=VERTEX_POINT('',#112);
#114=CARTESIAN_POINT('',(133.90330505371094,22.04648208618164,3.80949068069458));
#115=VERTEX_POINT('',#114);
#116=CARTESIAN_POINT('',(134.33035278320312,21.990259170532227,0.8094906210899353));
#117=VERTEX_POINT('',#116);
#118=CARTESIAN_POINT('',(134.33035278320312,21.990259170532227,3.80949068069458));
#119=VERTEX_POINT('',#118);
#120=CARTESIAN_POINT('',(134.75741577148438,22.04648208618164,0.8094906210899353));
#121=VERTEX_POINT('',#120);
#122=CARTESIAN_POINT('',(134.75741577148438,22.04648208618164,3.80949068069458));
#123=VERTEX_POINT('',#122);
#124=CARTESIAN_POINT('',(135.15536499023438,22.21131706237793,0.8094906210899353));
#125=VERTEX_POINT('',#124);
#126=CARTESIAN_POINT('',(135.15536499023438,22.21131706237793,3.80949068069458));
#127=VERTEX_POINT('',#126);
#128=CARTESIAN_POINT('',(135.49708557128906,22.473533630371094,0.8094906210899353));
#129=VERTEX_POINT('',#128);
#130=CARTESIAN_POINT('',(135.49708557128906,22.473533630371094,3.80949068069458));
#131=VERTEX_POINT('',#130);
#132=CARTESIAN_POINT('',(135.75930786132812,22.81525993347168,0.8094906210899353));
#133=VERTEX_POINT('',#132);
#134=CARTESIAN_POINT('',(135.75930786132812,22.81525993347168,3.80949068069458));
#135=VERTEX_POINT('',#134);
#136=CARTESIAN_POINT('',(135.92413330078125,86.71321105957031,0.8094906210899353));
#137=VERTEX_POINT('',#136);
#138=CARTESIAN_POINT('',(135.92413330078125,86.71321105957031,3.80949068069458));
#139=VERTEX_POINT('',#138);
#140=CARTESIAN_POINT('',(135.98036193847656,87.1402587890625,0.8094906210899353));
#141=VERTEX_POINT('',#140);
#142=CARTESIAN_POINT('',(135.98036193847656,87.1402587890625,3.80949068069458));
#143=VERTEX_POINT('',#142);
#144=CARTESIAN_POINT('',(135.92413330078125,87.56731414794922,0.8094906210899353));
#145=VERTEX_POINT('',#144);
#146=CARTESIAN_POINT('',(135.92413330078125,87.56731414794922,3.80949068069458));
#147=VERTEX_POINT('',#146);
#148=CARTESIAN_POINT('',(135.75930786132812,87.96526336669922,0.8094906210899353));
#149=VERTEX_POINT('',#148);
#150=CARTESIAN_POINT('',(135.75930786132812,87.96526336669922,3.80949068069458));
#151=VERTEX_POINT('',#150);
#152=CARTESIAN_POINT('',(135.49708557128906,88.3069839477539,0.8094906210899353));
#153=VERTEX_POINT('',#152);
#154=CARTESIAN_POINT('',(135.49708557128906,88.3069839477539,3.80949068069458));
#155=VERTEX_POINT('',#154);
#156=CARTESIAN_POINT('',(135.15536499023438,88.56919860839844,0.8094906210899353));
#157=VERTEX_POINT('',#156);
#158=CARTESIAN_POINT('',(135.15536499023438,88.56919860839844,3.80949068069458));
#159=VERTEX_POINT('',#158);
#160=CARTESIAN_POINT('',(134.75741577148438,88.73403930664062,0.8094906210899353));
#161=VERTEX_POINT('',#160);
#162=CARTESIAN_POINT('',(134.75741577148438,88.73403930664062,3.80949068069458));
#163=VERTEX_POINT('',#162);
#164=CARTESIAN_POINT('',(134.33035278320312,88.7902603149414,0.8094906210899353));
#165=VERTEX_POINT('',#164);
#166=CARTESIAN_POINT('',(134.33035278320312,88.7902603149414,3.80949068069458));
#167=VERTEX_POINT('',#166);
#168=CARTESIAN_POINT('',(133.90330505371094,88.73403930664062,0.8094906210899353));
#169=VERTEX_POINT('',#168);
#170=CARTESIAN_POINT('',(133.90330505371094,88.73403930664062,3.80949068069458));
#171=VERTEX_POINT('',#170);
#172=CARTESIAN_POINT('',(133.50535583496094,88.56919860839844,0.8094906210899353));
#173=VERTEX_POINT('',#172);
#174=CARTESIAN_POINT('',(133.50535583496094,88.56919860839844,3.80949068069458));
#175=VERTEX_POINT('',#174);
#176=CARTESIAN_POINT('',(133.16363525390625,88.3069839477539,0.8094906210899353));
#177=VERTEX_POINT('',#176);
#178=CARTESIAN_POINT('',(133.16363525390625,88.3069839477539,3.80949068069458));
#179=VERTEX_POINT('',#178);
#180=CARTESIAN_POINT('',(132.9014129638672,87.96526336669922,0.8094906210899353));
#181=VERTEX_POINT('',#180);
#182=CARTESIAN_POINT('',(132.9014129638672,87.96526336669922,3.80949068069458));
#183=VERTEX_POINT('',#182);
#184=CARTESIAN_POINT('',(132.73658752441406,87.56731414794922,0.8094906210899353));
#185=VERTEX_POINT('',#184);
#186=CARTESIAN_POINT('',(132.73658752441406,87.56731414794922,3.80949068069458));
#187=VERTEX_POINT('',#186);
#188=CARTESIAN_POINT('',(132.68035888671875,87.1402587890625,0.8094906210899353));
#189=VERTEX_POINT('',#188);
#190=CARTESIAN_POINT('',(132.68035888671875,87.1402587890625,3.80949068069458));
#191=VERTEX_POINT('',#190);
#192=CARTESIAN_POINT('',(132.73658752441406,86.71321105957031,0.8094906210899353));
#193=VERTEX_POINT('',#192);
#194=CARTESIAN_POINT('',(132.73658752441406,86.71321105957031,3.80949068069458));
#195=VERTEX_POINT('',#194);
#196=CARTESIAN_POINT('',(132.9014129638672,86.31526184082031,0.8094906210899353));
#197=VERTEX_POINT('',#196);
#198=CARTESIAN_POINT('',(132.9014129638672,86.31526184082031,3.80949068069458));
#199=VERTEX_POINT('',#198);
#200=CARTESIAN_POINT('',(133.16363525390625,85.9735336303711,0.8094906210899353));
#201=VERTEX_POINT('',#200);
#202=CARTESIAN_POINT('',(133.16363525390625,85.9735336303711,3.80949068069458));
#203=VERTEX_POINT('',#202);
#204=CARTESIAN_POINT('',(133.50535583496094,85.71131896972656,0.8094906210899353));
#205=VERTEX_POINT('',#204);
#206=CARTESIAN_POINT('',(133.50535583496094,85.71131896972656,3.80949068069458));
#207=VERTEX_POINT('',#206);
#208=CARTESIAN_POINT('',(133.90330505371094,85.5464859008789,0.8094906210899353));
#209=VERTEX_POINT('',#208);
#210=CARTESIAN_POINT('',(133.90330505371094,85.5464859008789,3.80949068069458));
#211=VERTEX_POINT('',#210);
#212=CARTESIAN_POINT('',(134.33035278320312,85.4902572631836,0.8094906210899353));
#213=VERTEX_POINT('',#212);
#214=CARTESIAN_POINT('',(134.33035278320312,85.4902572631836,3.80949068069458));
#215=VERTEX_POINT('',#214);
#216=CARTESIAN_POINT('',(134.75741577148438,85.5464859008789,0.8094906210899353));
#217=VERTEX_POINT('',#216);
#218=CARTESIAN_POINT('',(134.75741577148438,85.5464859008789,3.80949068069458));
#219=VERTEX_POINT('',#218);
#220=CARTESIAN_POINT('',(135.15536499023438,85.71131896972656,0.8094906210899353));
#221=VERTEX_POINT('',#220);
#222=CARTESIAN_POINT('',(135.15536499023438,85.71131896972656,3.80949068069458));
#223=VERTEX_POINT('',#222);
#224=CARTESIAN_POINT('',(135.49708557128906,85.9735336303711,0.8094906210899353));
#225=VERTEX_POINT('',#224);
#226=CARTESIAN_POINT('',(135.49708557128906,85.9735336303711,3.80949068069458));
#227=VERTEX_POINT('',#226);
#228=CARTESIAN_POINT('',(135.75930786132812,86.31526184082031,0.8094906210899353));
#229=VERTEX_POINT('',#228);
#230=CARTESIAN_POINT('',(135.75930786132812,86.31526184082031,3.80949068069458));
#231=VERTEX_POINT('',#230);
#232=CARTESIAN_POINT('',(40.52413558959961,86.71321105957031,0.8094906210899353));
#233=VERTEX_POINT('',#232);
#234=CARTESIAN_POINT('',(40.52413558959961,86.71321105957031,3.80949068069458));
#235=VERTEX_POINT('',#234);
#236=CARTESIAN_POINT('',(40.580360412597656,87.1402587890625,0.8094906210899353));
#237=VERTEX_POINT('',#236);
#238=CARTESIAN_POINT('',(40.580360412597656,87.1402587890625,3.80949068069458));
#239=VERTEX_POINT('',#238);
#240=CARTESIAN_POINT('',(40.52413558959961,87.56731414794922,0.8094906210899353));
#241=VERTEX_POINT('',#240);
#242=CARTESIAN_POINT('',(40.52413558959961,87.56731414794922,3.80949068069458));
#243=VERTEX_POINT('',#242);
#244=CARTESIAN_POINT('',(40.35930252075195,87.96526336669922,0.8094906210899353));
#245=VERTEX_POINT('',#244);
#246=CARTESIAN_POINT('',(40.35930252075195,87.96526336669922,3.80949068069458));
#247=VERTEX_POINT('',#246);
#248=CARTESIAN_POINT('',(40.097084045410156,88.3069839477539,0.8094906210899353));
#249=VERTEX_POINT('',#248);
#250=CARTESIAN_POINT('',(40.097084045410156,88.3069839477539,3.80949068069458));
#251=VERTEX_POINT('',#250);
#252=CARTESIAN_POINT('',(39.7553596496582,88.56919860839844,0.8094906210899353));
#253=VERTEX_POINT('',#252);
#254=CARTESIAN_POINT('',(39.7553596496582,88.56919860839844,3.80949068069458));
#255=VERTEX_POINT('',#254);
#256=CARTESIAN_POINT('',(39.3574104309082,88.73403930664062,0.8094906210899353));
#257=VERTEX_POINT('',#256);
#258=CARTESIAN_POINT('',(39.3574104309082,88.73403930664062,3.80949068069458));
#259=VERTEX_POINT('',#258);
#260=CARTESIAN_POINT('',(38.93035888671875,88.7902603149414,0.8094906210899353));
#261=VERTEX_POINT('',#260);
#262=CARTESIAN_POINT('',(38.93035888671875,88.7902603149414,3.80949068069458));
#263=VERTEX_POINT('',#262);
#264=CARTESIAN_POINT('',(38.5033073425293,88.73403930664062,0.8094906210899353));
#265=VERTEX_POINT('',#264);
#266=CARTESIAN_POINT('',(38.5033073425293,88.73403930664062,3.80949068069458));
#267=VERTEX_POINT('',#266);
#268=CARTESIAN_POINT('',(38.1053581237793,88.56919860839844,0.8094906210899353));
#269=VERTEX_POINT('',#268);
#270=CARTESIAN_POINT('',(38.1053581237793,88.56919860839844,3.80949068069458));
#271=VERTEX_POINT('',#270);
#272=CARTESIAN_POINT('',(37.763633728027344,88.3069839477539,0.8094906210899353));
#273=VERTEX_POINT('',#272);
#274=CARTESIAN_POINT('',(37.763633728027344,88.3069839477539,3.80949068069458));
#275=VERTEX_POINT('',#274);
#276=CARTESIAN_POINT('',(37.50141525268555,87.96526336669922,0.8094906210899353));
#277=VERTEX_POINT('',#276);
#278=CARTESIAN_POINT('',(37.50141525268555,87.96526336669922,3.80949068069458));
#279=VERTEX_POINT('',#278);
#280=CARTESIAN_POINT('',(37.33658218383789,87.56731414794922,0.8094906210899353));
#281=VERTEX_POINT('',#280);
#282=CARTESIAN_POINT('',(37.33658218383789,87.56731414794922,3.80949068069458));
#283=VERTEX_POINT('',#282);
#284=CARTESIAN_POINT('',(37.280357360839844,87.1402587890625,0.8094906210899353));
#285=VERTEX_POINT('',#284);
#286=CARTESIAN_POINT('',(37.280357360839844,87.1402587890625,3.80949068069458));
#287=VERTEX_POINT('',#286);
#288=CARTESIAN_POINT('',(37.33658218383789,86.71321105957031,0.8094906210899353));
#289=VERTEX_POINT('',#288);
#290=CARTESIAN_POINT('',(37.33658218383789,86.71321105957031,3.80949068069458));
#291=VERTEX_POINT('',#290);
#292=CARTESIAN_POINT('',(37.50141525268555,86.31526184082031,0.8094906210899353));
#293=VERTEX_POINT('',#292);
#294=CARTESIAN_POINT('',(37.50141525268555,86.31526184082031,3.80949068069458));
#295=VERTEX_POINT('',#294);
#296=CARTESIAN_POINT('',(37.763633728027344,85.9735336303711,0.8094906210899353));
#297=VERTEX_POINT('',#296);
#298=CARTESIAN_POINT('',(37.763633728027344,85.9735336303711,3.80949068069458));
#299=VERTEX_POINT('',#298);
#300=CARTESIAN_POINT('',(38.1053581237793,85.71131896972656,0.8094906210899353));
#301=VERTEX_POINT('',#300);
#302=CARTESIAN_POINT('',(38.1053581237793,85.71131896972656,3.80949068069458));
#303=VERTEX_POINT('',#302);
#304=CARTESIAN_POINT('',(38.5033073425293,85.5464859008789,0.8094906210899353));
#305=VERTEX_POINT('',#304);
#306=CARTESIAN_POINT('',(38.5033073425293,85.5464859008789,3.80949068069458));
#307=VERTEX_POINT('',#306);
#308=CARTESIAN_POINT('',(38.93035888671875,85.4902572631836,0.8094906210899353));
#309=VERTEX_POINT('',#308);
#310=CARTESIAN_POINT('',(38.93035888671875,85.4902572631836,3.80949068069458));
#311=VERTEX_POINT('',#310);
#312=CARTESIAN_POINT('',(39.3574104309082,85.5464859008789,0.8094906210899353));
#313=VERTEX_POINT('',#312);
#314=CARTESIAN_POINT('',(39.3574104309082,85.5464859008789,3.80949068069458));
#315=VERTEX_POINT('',#314);
#316=CARTESIAN_POINT('',(39.7553596496582,85.71131896972656,0.8094906210899353));
#317=VERTEX_POINT('',#316);
#318=CARTESIAN_POINT('',(39.7553596496582,85.71131896972656,3.80949068069458));
#319=VERTEX_POINT('',#318);
#320=CARTESIAN_POINT('',(40.097084045410156,85.9735336303711,0.8094906210899353));
#321=VERTEX_POINT('',#320);
#322=CARTESIAN_POINT('',(40.097084045410156,85.9735336303711,3.80949068069458));
#323=VERTEX_POINT('',#322);
#324=CARTESIAN_POINT('',(40.35930252075195,86.31526184082031,0.8094906210899353));
#325=VERTEX_POINT('',#324);
#326=CARTESIAN_POINT('',(40.35930252075195,86.31526184082031,3.80949068069458));
#327=VERTEX_POINT('',#326);
#328=CARTESIAN_POINT('',(40.52413558959961,23.21320915222168,0.8094906210899353));
#329=VERTEX_POINT('',#328);
#330=CARTESIAN_POINT('',(40.52413558959961,23.21320915222168,3.80949068069458));
#331=VERTEX_POINT('',#330);
#332=CARTESIAN_POINT('',(40.580360412597656,23.640260696411133,0.8094906210899353));
#333=VERTEX_POINT('',#332);
#334=CARTESIAN_POINT('',(40.580360412597656,23.640260696411133,3.80949068069458));
#335=VERTEX_POINT('',#334);
#336=CARTESIAN_POINT('',(40.52413558959961,24.067310333251953,0.8094906210899353));
#337=VERTEX_POINT('',#336);
#338=CARTESIAN_POINT('',(40.52413558959961,24.067310333251953,3.80949068069458));
#339=VERTEX_POINT('',#338);
#340=CARTESIAN_POINT('',(40.35930252075195,24.465259552001953,0.8094906210899353));
#341=VERTEX_POINT('',#340);
#342=CARTESIAN_POINT('',(40.35930252075195,24.465259552001953,3.80949068069458));
#343=VERTEX_POINT('',#342);
#344=CARTESIAN_POINT('',(40.097084045410156,24.80698585510254,0.8094906210899353));
#345=VERTEX_POINT('',#344);
#346=CARTESIAN_POINT('',(40.097084045410156,24.80698585510254,3.80949068069458));
#347=VERTEX_POINT('',#346);
#348=CARTESIAN_POINT('',(39.7553596496582,25.069202423095703,0.8094906210899353));
#349=VERTEX_POINT('',#348);
#350=CARTESIAN_POINT('',(39.7553596496582,25.069202423095703,3.80949068069458));
#351=VERTEX_POINT('',#350);
#352=CARTESIAN_POINT('',(39.3574104309082,25.234037399291992,0.8094906210899353));
#353=VERTEX_POINT('',#352);
#354=CARTESIAN_POINT('',(39.3574104309082,25.234037399291992,3.80949068069458));
#355=VERTEX_POINT('',#354);
#356=CARTESIAN_POINT('',(38.93035888671875,25.290260314941406,0.8094906210899353));
#357=VERTEX_POINT('',#356);
#358=CARTESIAN_POINT('',(38.93035888671875,25.290260314941406,3.80949068069458));
#359=VERTEX_POINT('',#358);
#360=CARTESIAN_POINT('',(38.5033073425293,25.234037399291992,0.8094906210899353));
#361=VERTEX_POINT('',#360);
#362=CARTESIAN_POINT('',(38.5033073425293,25.234037399291992,3.80949068069458));
#363=VERTEX_POINT('',#362);
#364=CARTESIAN_POINT('',(38.1053581237793,25.069202423095703,0.8094906210899353));
#365=VERTEX_POINT('',#364);
#366=CARTESIAN_POINT('',(38.1053581237793,25.069202423095703,3.80949068069458));
#367=VERTEX_POINT('',#366);
#368=CARTESIAN_POINT('',(37.763633728027344,24.80698585510254,0.8094906210899353));
#369=VERTEX_POINT('',#368);
#370=CARTESIAN_POINT('',(37.763633728027344,24.80698585510254,3.80949068069458));
#371=VERTEX_POINT('',#370);
#372=CARTESIAN_POINT('',(37.50141525268555,24.465259552001953,0.8094906210899353));
#373=VERTEX_POINT('',#372);
#374=CARTESIAN_POINT('',(37.50141525268555,24.465259552001953,3.80949068069458));
#375=VERTEX_POINT('',#374);
#376=CARTESIAN_POINT('',(37.33658218383789,24.067310333251953,0.8094906210899353));
#377=VERTEX_POINT('',#376);
#378=CARTESIAN_POINT('',(37.33658218383789,24.067310333251953,3.80949068069458));
#379=VERTEX_POINT('',#378);
#380=CARTESIAN_POINT('',(37.280357360839844,23.640260696411133,0.8094906210899353));
#381=VERTEX_POINT('',#380);
#382=CARTESIAN_POINT('',(37.280357360839844,23.640260696411133,3.80949068069458));
#383=VERTEX_POINT('',#382);
#384=CARTESIAN_POINT('',(37.33658218383789,23.21320915222168,0.8094906210899353));
#385=VERTEX_POINT('',#384);
#386=CARTESIAN_POINT('',(37.33658218383789,23.21320915222168,3.80949068069458));
#387=VERTEX_POINT('',#386);
#388=CARTESIAN_POINT('',(37.50141525268555,22.81525993347168,0.8094906210899353));
#389=VERTEX_POINT('',#388);
#390=CARTESIAN_POINT('',(37.50141525268555,22.81525993347168,3.80949068069458));
#391=VERTEX_POINT('',#390);
#392=CARTESIAN_POINT('',(37.763633728027344,22.473533630371094,0.8094906210899353));
#393=VERTEX_POINT('',#392);
#394=CARTESIAN_POINT('',(37.763633728027344,22.473533630371094,3.80949068069458));
#395=VERTEX_POINT('',#394);
#396=CARTESIAN_POINT('',(38.1053581237793,22.21131706237793,0.8094906210899353));
#397=VERTEX_POINT('',#396);
#398=CARTESIAN_POINT('',(38.1053581237793,22.21131706237793,3.80949068069458));
#399=VERTEX_POINT('',#398);
#400=CARTESIAN_POINT('',(38.5033073425293,22.04648208618164,0.8094906210899353));
#401=VERTEX_POINT('',#400);
#402=CARTESIAN_POINT('',(38.5033073425293,22.04648208618164,3.80949068069458));
#403=VERTEX_POINT('',#402);
#404=CARTESIAN_POINT('',(38.93035888671875,21.990259170532227,0.8094906210899353));
#405=VERTEX_POINT('',#404);
#406=CARTESIAN_POINT('',(38.93035888671875,21.990259170532227,3.80949068069458));
#407=VERTEX_POINT('',#406);
#408=CARTESIAN_POINT('',(39.3574104309082,22.04648208618164,0.8094906210899353));
#409=VERTEX_POINT('',#408);
#410=CARTESIAN_POINT('',(39.3574104309082,22.04648208618164,3.80949068069458));
#411=VERTEX_POINT('',#410);
#412=CARTESIAN_POINT('',(39.7553596496582,22.21131706237793,0.8094906210899353));
#413=VERTEX_POINT('',#412);
#414=CARTESIAN_POINT('',(39.7553596496582,22.21131706237793,3.80949068069458));
#415=VERTEX_POINT('',#414);
#416=CARTESIAN_POINT('',(40.097084045410156,22.473533630371094,0.8094906210899353));
#417=VERTEX_POINT('',#416);
#418=CARTESIAN_POINT('',(40.097084045410156,22.473533630371094,3.80949068069458));
#419=VERTEX_POINT('',#418);
#420=CARTESIAN_POINT('',(40.35930252075195,22.81525993347168,0.8094906210899353));
#421=VERTEX_POINT('',#420);
#422=CARTESIAN_POINT('',(40.35930252075195,22.81525993347168,3.80949068069458));
#423=VERTEX_POINT('',#422);
#424=CARTESIAN_POINT('',(52.680362701416016,58.700260162353516,0.8094906210899353));
#425=VERTEX_POINT('',#424);
#426=CARTESIAN_POINT('',(52.680362701416016,71.25025939941406,0.8094906210899353));
#427=VERTEX_POINT('',#426);
#428=CARTESIAN_POINT('',(52.680362701416016,58.700260162353516,3.80949068069458));
#429=VERTEX_POINT('',#428);
#430=CARTESIAN_POINT('',(52.680362701416016,71.25025939941406,3.80949068069458));
#431=VERTEX_POINT('',#430);
#432=CARTESIAN_POINT('',(91.23036193847656,58.700260162353516,0.8094906210899353));
#433=VERTEX_POINT('',#432);
#434=CARTESIAN_POINT('',(91.23036193847656,58.700260162353516,3.80949068069458));
#435=VERTEX_POINT('',#434);
#436=CARTESIAN_POINT('',(91.23036193847656,71.25025939941406,0.8094906210899353));
#437=VERTEX_POINT('',#436);
#438=CARTESIAN_POINT('',(91.23036193847656,71.25025939941406,3.80949068069458));
#439=VERTEX_POINT('',#438);
#440=CARTESIAN_POINT('',(85.19036102294922,37.373130798339844,0.8094906210899353));
#441=VERTEX_POINT('',#440);
#442=CARTESIAN_POINT('',(85.19036102294922,37.41775894165039,0.8094906210899353));
#443=VERTEX_POINT('',#442);
#444=CARTESIAN_POINT('',(85.19036102294922,37.373130798339844,3.80949068069458));
#445=VERTEX_POINT('',#444);
#446=CARTESIAN_POINT('',(85.19036102294922,37.41775894165039,3.80949068069458));
#447=VERTEX_POINT('',#446);
#448=CARTESIAN_POINT('',(104.05473327636719,37.373130798339844,0.8094906210899353));
#449=VERTEX_POINT('',#448);
#450=CARTESIAN_POINT('',(104.05473327636719,37.373130798339844,3.80949068069458));
#451=VERTEX_POINT('',#450);
#452=CARTESIAN_POINT('',(104.05473327636719,37.41816329956055,0.8094906210899353));
#453=VERTEX_POINT('',#452);
#454=CARTESIAN_POINT('',(104.05473327636719,37.41816329956055,3.80949068069458));
#455=VERTEX_POINT('',#454);
#456=CARTESIAN_POINT('',(123.0547866821289,37.41816329956055,0.8094906210899353));
#457=VERTEX_POINT('',#456);
#458=CARTESIAN_POINT('',(123.0547866821289,37.41816329956055,3.80949068069458));
#459=VERTEX_POINT('',#458);
#460=CARTESIAN_POINT('',(123.0547866821289,56.618045806884766,0.8094906210899353));
#461=VERTEX_POINT('',#460);
#462=CARTESIAN_POINT('',(123.0547866821289,56.618045806884766,3.80949068069458));
#463=VERTEX_POINT('',#462);
#464=CARTESIAN_POINT('',(46.854671478271484,56.618045806884766,0.8094906210899353));
#465=VERTEX_POINT('',#464);
#466=CARTESIAN_POINT('',(46.854671478271484,56.618045806884766,3.80949068069458));
#467=VERTEX_POINT('',#466);
#468=CARTESIAN_POINT('',(46.854671478271484,37.4181022644043,0.8094906210899353));
#469=VERTEX_POINT('',#468);
#470=CARTESIAN_POINT('',(46.854671478271484,37.4181022644043,3.80949068069458));
#471=VERTEX_POINT('',#470);
#472=CARTESIAN_POINT('',(66.05474090576172,37.4181022644043,0.8094906210899353));
#473=VERTEX_POINT('',#472);
#474=CARTESIAN_POINT('',(66.05474090576172,37.4181022644043,3.80949068069458));
#475=VERTEX_POINT('',#474);
#476=CARTESIAN_POINT('',(66.05474090576172,37.41775894165039,0.8094906210899353));
#477=VERTEX_POINT('',#476);
#478=CARTESIAN_POINT('',(66.05474090576172,37.41775894165039,3.80949068069458));
#479=VERTEX_POINT('',#478);
#480=CARTESIAN_POINT('',(33.93035888671875,18.640260696411133,0.8094906210899353));
#481=VERTEX_POINT('',#480);
#482=CARTESIAN_POINT('',(139.33035278320312,18.640260696411133,0.8094906210899353));
#483=VERTEX_POINT('',#482);
#484=CARTESIAN_POINT('',(33.93035888671875,92.1402587890625,0.8094906210899353));
#485=VERTEX_POINT('',#484);
#486=CARTESIAN_POINT('',(139.33035278320312,92.1402587890625,0.8094906210899353));
#487=VERTEX_POINT('',#486);
#488=CARTESIAN_POINT('',(33.93035888671875,92.1402587890625,3.80949068069458));
#489=VERTEX_POINT('',#488);
#490=CARTESIAN_POINT('',(33.93035888671875,18.640260696411133,3.80949068069458));
#491=VERTEX_POINT('',#490);
#492=CARTESIAN_POINT('',(139.33035278320312,92.1402587890625,3.80949068069458));
#493=VERTEX_POINT('',#492);
#494=CARTESIAN_POINT('',(139.33035278320312,18.640260696411133,3.80949068069458));
#495=VERTEX_POINT('',#494);
#496=STYLED_ITEM('',(#25),#497);
#497=FACE_SURFACE('',(#502),#498,.T.);
#498=PLANE('',#499);
#499=AXIS2_PLACEMENT_3D('',#40,#500,#501);
#500=DIRECTION('',(-0.9914429879544556,0.13054042146377973,0));
#501=DIRECTION('',(0,0,1));
#502=FACE_BOUND('',#503,.T.);
#503=EDGE_LOOP('',(#504,#505,#506));
#504=ORIENTED_EDGE('',*,*,#507,.T.);
#505=ORIENTED_EDGE('',*,*,#508,.T.);
#506=ORIENTED_EDGE('',*,*,#509,.T.);
#507=EDGE_CURVE('',#41,#43,#510,.F.);
#508=EDGE_CURVE('',#43,#45,#511,.T.);
#509=EDGE_CURVE('',#45,#41,#512,.T.);
#510=LINE('',#40,#513);
#511=LINE('',#42,#514);
#512=LINE('',#44,#515);
#513=VECTOR('',#516,1.0);
#514=VECTOR('',#517,1.0);
#515=VECTOR('',#518,1.0);
#516=DIRECTION('',(0,0,1));
#517=DIRECTION('',(0.01855262355301565,0.14090553962934527,-0.9898491951105799));
#518=DIRECTION('',(-0.13054042146377973,-0.9914429879544556,0));
#519=FACE_SURFACE('',(#524),#520,.T.);
#520=PLANE('',#521);
#521=AXIS2_PLACEMENT_3D('',#44,#522,#523);
#522=DIRECTION('',(-0.9914429879544556,0.13054042146377973,0));
#523=DIRECTION('',(-0.01855262355301565,-0.14090553962934527,0.9898491951105799));
#524=FACE_BOUND('',#525,.T.);
#525=EDGE_LOOP('',(#526,#527,#528));
#526=ORIENTED_EDGE('',*,*,#529,.T.);
#527=ORIENTED_EDGE('',*,*,#530,.T.);
#528=ORIENTED_EDGE('',*,*,#531,.T.);
#529=EDGE_CURVE('',#45,#43,#532,.F.);
#530=EDGE_CURVE('',#43,#47,#533,.T.);
#531=EDGE_CURVE('',#47,#45,#534,.T.);
#532=LINE('',#44,#535);
#533=LINE('',#42,#536);
#534=LINE('',#46,#537);
#535=VECTOR('',#538,1.0);
#536=VECTOR('',#539,1.0);
#537=VECTOR('',#540,1.0);
#538=DIRECTION('',(-0.01855262355301565,-0.14090553962934527,0.9898491951105799));
#539=DIRECTION('',(0.13054042146377973,0.9914429879544556,0));
#540=DIRECTION('',(0,0,-1));
#541=FACE_SURFACE('',(#546),#542,.T.);
#542=PLANE('',#543);
#543=AXIS2_PLACEMENT_3D('',#44,#544,#545);
#544=DIRECTION('',(-0.9914429124955657,-0.13054099456611423,0));
#545=DIRECTION('',(0,0,1));
#546=FACE_BOUND('',#547,.T.);
#547=EDGE_LOOP('',(#548,#549,#550));
#548=ORIENTED_EDGE('',*,*,#551,.T.);
#549=ORIENTED_EDGE('',*,*,#552,.T.);
#550=ORIENTED_EDGE('',*,*,#553,.T.);
#551=EDGE_CURVE('',#45,#47,#554,.F.);
#552=EDGE_CURVE('',#47,#49,#555,.T.);
#553=EDGE_CURVE('',#49,#45,#556,.T.);
#554=LINE('',#44,#557);
#555=LINE('',#46,#558);
#556=LINE('',#48,#559);
#557=VECTOR('',#560,1.0);
#558=VECTOR('',#561,1.0);
#559=VECTOR('',#562,1.0);
#560=DIRECTION('',(0,0,1));
#561=DIRECTION('',(-0.018552625198183986,0.1409049227950407,-0.9898492828862276));
#562=DIRECTION('',(0.1305409945661142,-0.9914429124955655,0));
#563=FACE_SURFACE('',(#568),#564,.T.);
#564=PLANE('',#565);
#565=AXIS2_PLACEMENT_3D('',#48,#566,#567);
#566=DIRECTION('',(-0.9914429124955657,-0.13054099456611423,0));
#567=DIRECTION('',(0.018552625198183986,-0.1409049227950407,0.9898492828862276));
#568=FACE_BOUND('',#569,.T.);
#569=EDGE_LOOP('',(#570,#571,#572));
#570=ORIENTED_EDGE('',*,*,#573,.T.);
#571=ORIENTED_EDGE('',*,*,#574,.T.);
#572=ORIENTED_EDGE('',*,*,#575,.T.);
#573=EDGE_CURVE('',#49,#47,#576,.F.);
#574=EDGE_CURVE('',#47,#51,#577,.T.);
#575=EDGE_CURVE('',#51,#49,#578,.T.);
#576=LINE('',#48,#579);
#577=LINE('',#46,#580);
#578=LINE('',#50,#581);
#579=VECTOR('',#582,1.0);
#580=VECTOR('',#583,1.0);
#581=VECTOR('',#584,1.0);
#582=DIRECTION('',(0.018552625198183986,-0.1409049227950407,0.9898492828862276));
#583=DIRECTION('',(-0.1305409945661142,0.9914429124955655,0));
#584=DIRECTION('',(0,0,-1));
#585=FACE_SURFACE('',(#590),#586,.T.);
#586=PLANE('',#587);
#587=AXIS2_PLACEMENT_3D('',#48,#588,#589);
#588=DIRECTION('',(-0.9238881706352224,-0.38266257742337706,0));
#589=DIRECTION('',(0,0,1));
#590=FACE_BOUND('',#591,.T.);
#591=EDGE_LOOP('',(#592,#593,#594));
#592=ORIENTED_EDGE('',*,*,#595,.T.);
#593=ORIENTED_EDGE('',*,*,#596,.T.);
#594=ORIENTED_EDGE('',*,*,#597,.T.);
#595=EDGE_CURVE('',#49,#51,#598,.F.);
#596=EDGE_CURVE('',#51,#53,#599,.T.);
#597=EDGE_CURVE('',#53,#49,#600,.T.);
#598=LINE('',#48,#601);
#599=LINE('',#50,#602);
#600=LINE('',#52,#603);
#601=VECTOR('',#604,1.0);
#602=VECTOR('',#605,1.0);
#603=VECTOR('',#606,1.0);
#604=DIRECTION('',(0,0,1));
#605=DIRECTION('',(-0.054384119323806164,0.1313032616149662,-0.989849393117279));
#606=DIRECTION('',(0.38266257742337706,-0.9238881706352224,0));
#607=FACE_SURFACE('',(#612),#608,.T.);
#608=PLANE('',#609);
#609=AXIS2_PLACEMENT_3D('',#52,#610,#611);
#610=DIRECTION('',(-0.9238881706352224,-0.38266257742337706,0));
#611=DIRECTION('',(0.054384119323806164,-0.1313032616149662,0.989849393117279));
#612=FACE_BOUND('',#613,.T.);
#613=EDGE_LOOP('',(#614,#615,#616));
#614=ORIENTED_EDGE('',*,*,#617,.T.);
#615=ORIENTED_EDGE('',*,*,#618,.T.);
#616=ORIENTED_EDGE('',*,*,#619,.T.);
#617=EDGE_CURVE('',#53,#51,#620,.F.);
#618=EDGE_CURVE('',#51,#55,#621,.T.);
#619=EDGE_CURVE('',#55,#53,#622,.T.);
#620=LINE('',#52,#623);
#621=LINE('',#50,#624);
#622=LINE('',#54,#625);
#623=VECTOR('',#626,1.0);
#624=VECTOR('',#627,1.0);
#625=VECTOR('',#628,1.0);
#626=DIRECTION('',(0.054384119323806164,-0.1313032616149662,0.989849393117279));
#627=DIRECTION('',(-0.38266257742337706,0.9238881706352224,0));
#628=DIRECTION('',(0,0,-1));
#629=FACE_SURFACE('',(#634),#630,.T.);
#630=PLANE('',#631);
#631=AXIS2_PLACEMENT_3D('',#52,#632,#633);
#632=DIRECTION('',(-0.7933460800266097,-0.6087708906529713,0));
#633=DIRECTION('',(0,0,1));
#634=FACE_BOUND('',#635,.T.);
#635=EDGE_LOOP('',(#636,#637,#638));
#636=ORIENTED_EDGE('',*,*,#639,.T.);
#637=ORIENTED_EDGE('',*,*,#640,.T.);
#638=ORIENTED_EDGE('',*,*,#641,.T.);
#639=EDGE_CURVE('',#53,#55,#642,.F.);
#640=EDGE_CURVE('',#55,#57,#643,.T.);
#641=EDGE_CURVE('',#57,#53,#644,.T.);
#642=LINE('',#52,#645);
#643=LINE('',#54,#646);
#644=LINE('',#56,#647);
#645=VECTOR('',#648,1.0);
#646=VECTOR('',#649,1.0);
#647=VECTOR('',#650,1.0);
#648=DIRECTION('',(0,0,1));
#649=DIRECTION('',(-0.08652015974174479,0.11275248312343775,-0.9898490488492484));
#650=DIRECTION('',(0.6087708906529714,-0.7933460800266099,0));
#651=FACE_SURFACE('',(#656),#652,.T.);
#652=PLANE('',#653);
#653=AXIS2_PLACEMENT_3D('',#56,#654,#655);
#654=DIRECTION('',(-0.7933460800266097,-0.6087708906529713,0));
#655=DIRECTION('',(0.08652015974174479,-0.11275248312343775,0.9898490488492484));
#656=FACE_BOUND('',#657,.T.);
#657=EDGE_LOOP('',(#658,#659,#660));
#658=ORIENTED_EDGE('',*,*,#661,.T.);
#659=ORIENTED_EDGE('',*,*,#662,.T.);
#660=ORIENTED_EDGE('',*,*,#663,.T.);
#661=EDGE_CURVE('',#57,#55,#664,.F.);
#662=EDGE_CURVE('',#55,#59,#665,.T.);
#663=EDGE_CURVE('',#59,#57,#666,.T.);
#664=LINE('',#56,#667);
#665=LINE('',#54,#668);
#666=LINE('',#58,#669);
#667=VECTOR('',#670,1.0);
#668=VECTOR('',#671,1.0);
#669=VECTOR('',#672,1.0);
#670=DIRECTION('',(0.08652015974174479,-0.11275248312343775,0.9898490488492484));
#671=DIRECTION('',(-0.6087708906529714,0.7933460800266099,0));
#672=DIRECTION('',(0,0,-1));
#673=FACE_SURFACE('',(#678),#674,.T.);
#674=PLANE('',#675);
#675=AXIS2_PLACEMENT_3D('',#56,#676,#677);
#676=DIRECTION('',(-0.6087689453819835,-0.7933475727186086,0));
#677=DIRECTION('',(0,0,1));
#678=FACE_BOUND('',#679,.T.);
#679=EDGE_LOOP('',(#680,#681,#682));
#680=ORIENTED_EDGE('',*,*,#683,.T.);
#681=ORIENTED_EDGE('',*,*,#684,.T.);
#682=ORIENTED_EDGE('',*,*,#685,.T.);
#683=EDGE_CURVE('',#57,#59,#686,.F.);
#684=EDGE_CURVE('',#59,#61,#687,.T.);
#685=EDGE_CURVE('',#61,#57,#688,.T.);
#686=LINE('',#56,#689);
#687=LINE('',#58,#690);
#688=LINE('',#60,#691);
#689=VECTOR('',#692,1.0);
#690=VECTOR('',#693,1.0);
#691=VECTOR('',#694,1.0);
#692=DIRECTION('',(0,0,1));
#693=DIRECTION('',(-0.11275063755536947,0.08651830430452963,-0.9898494212510943));
#694=DIRECTION('',(0.7933475727186086,-0.6087689453819833,0));
#695=FACE_SURFACE('',(#700),#696,.T.);
#696=PLANE('',#697);
#697=AXIS2_PLACEMENT_3D('',#60,#698,#699);
#698=DIRECTION('',(-0.6087689453819835,-0.7933475727186086,0));
#699=DIRECTION('',(0.11275063755536947,-0.08651830430452963,0.9898494212510943));
#700=FACE_BOUND('',#701,.T.);
#701=EDGE_LOOP('',(#702,#703,#704));
#702=ORIENTED_EDGE('',*,*,#705,.T.);
#703=ORIENTED_EDGE('',*,*,#706,.T.);
#704=ORIENTED_EDGE('',*,*,#707,.T.);
#705=EDGE_CURVE('',#61,#59,#708,.F.);
#706=EDGE_CURVE('',#59,#63,#709,.T.);
#707=EDGE_CURVE('',#63,#61,#710,.T.);
#708=LINE('',#60,#711);
#709=LINE('',#58,#712);
#710=LINE('',#62,#713);
#711=VECTOR('',#714,1.0);
#712=VECTOR('',#715,1.0);
#713=VECTOR('',#716,1.0);
#714=DIRECTION('',(0.11275063755536947,-0.08651830430452963,0.9898494212510943));
#715=DIRECTION('',(-0.7933475727186086,0.6087689453819833,0));
#716=DIRECTION('',(0,0,-1));
#717=FACE_SURFACE('',(#722),#718,.T.);
#718=PLANE('',#719);
#719=AXIS2_PLACEMENT_3D('',#60,#720,#721);
#720=DIRECTION('',(-0.382681475827443,-0.9238803429332882,0));
#721=DIRECTION('',(0,0,1));
#722=FACE_BOUND('',#723,.T.);
#723=EDGE_LOOP('',(#724,#725,#726));
#724=ORIENTED_EDGE('',*,*,#727,.T.);
#725=ORIENTED_EDGE('',*,*,#728,.T.);
#726=ORIENTED_EDGE('',*,*,#729,.T.);
#727=EDGE_CURVE('',#61,#63,#730,.F.);
#728=EDGE_CURVE('',#63,#65,#731,.T.);
#729=EDGE_CURVE('',#65,#61,#732,.T.);
#730=LINE('',#60,#733);
#731=LINE('',#62,#734);
#732=LINE('',#64,#735);
#733=VECTOR('',#736,1.0);
#734=VECTOR('',#737,1.0);
#735=VECTOR('',#738,1.0);
#736=DIRECTION('',(0,0,1));
#737=DIRECTION('',(-0.13130323914471068,0.054387256662792566,-0.989849223721877));
#738=DIRECTION('',(0.9238803429332881,-0.38268147582744294,0));
#739=FACE_SURFACE('',(#744),#740,.T.);
#740=PLANE('',#741);
#741=AXIS2_PLACEMENT_3D('',#64,#742,#743);
#742=DIRECTION('',(-0.382681475827443,-0.9238803429332882,0));
#743=DIRECTION('',(0.13130323914471068,-0.054387256662792566,0.989849223721877));
#744=FACE_BOUND('',#745,.T.);
#745=EDGE_LOOP('',(#746,#747,#748));
#746=ORIENTED_EDGE('',*,*,#749,.T.);
#747=ORIENTED_EDGE('',*,*,#750,.T.);
#748=ORIENTED_EDGE('',*,*,#751,.T.);
#749=EDGE_CURVE('',#65,#63,#752,.F.);
#750=EDGE_CURVE('',#63,#67,#753,.T.);
#751=EDGE_CURVE('',#67,#65,#754,.T.);
#752=LINE('',#64,#755);
#753=LINE('',#62,#756);
#754=LINE('',#66,#757);
#755=VECTOR('',#758,1.0);
#756=VECTOR('',#759,1.0);
#757=VECTOR('',#760,1.0);
#758=DIRECTION('',(0.13130323914471068,-0.054387256662792566,0.989849223721877));
#759=DIRECTION('',(-0.9238803429332881,0.38268147582744294,0));
#760=DIRECTION('',(0,0,-1));
#761=FACE_SURFACE('',(#766),#762,.T.);
#762=PLANE('',#763);
#763=AXIS2_PLACEMENT_3D('',#64,#764,#765);
#764=DIRECTION('',(-0.13052392532436685,-0.9914451598136527,0));
#765=DIRECTION('',(0,0,1));
#766=FACE_BOUND('',#767,.T.);
#767=EDGE_LOOP('',(#768,#769,#770));
#768=ORIENTED_EDGE('',*,*,#771,.T.);
#769=ORIENTED_EDGE('',*,*,#772,.T.);
#770=ORIENTED_EDGE('',*,*,#773,.T.);
#771=EDGE_CURVE('',#65,#67,#774,.F.);
#772=EDGE_CURVE('',#67,#69,#775,.T.);
#773=EDGE_CURVE('',#69,#65,#776,.T.);
#774=LINE('',#64,#777);
#775=LINE('',#66,#778);
#776=LINE('',#68,#779);
#777=VECTOR('',#780,1.0);
#778=VECTOR('',#781,1.0);
#779=VECTOR('',#782,1.0);
#780=DIRECTION('',(0,0,1));
#781=DIRECTION('',(-0.1409092455671156,0.01855072634513839,-0.9898487031187009));
#782=DIRECTION('',(0.9914451598136526,-0.13052392532436685,0));
#783=FACE_SURFACE('',(#788),#784,.T.);
#784=PLANE('',#785);
#785=AXIS2_PLACEMENT_3D('',#68,#786,#787);
#786=DIRECTION('',(-0.13052392532436685,-0.9914451598136527,0));
#787=DIRECTION('',(0.1409092455671156,-0.01855072634513839,0.9898487031187009));
#788=FACE_BOUND('',#789,.T.);
#789=EDGE_LOOP('',(#790,#791,#792));
#790=ORIENTED_EDGE('',*,*,#793,.T.);
#791=ORIENTED_EDGE('',*,*,#794,.T.);
#792=ORIENTED_EDGE('',*,*,#795,.T.);
#793=EDGE_CURVE('',#69,#67,#796,.F.);
#794=EDGE_CURVE('',#67,#71,#797,.T.);
#795=EDGE_CURVE('',#71,#69,#798,.T.);
#796=LINE('',#68,#799);
#797=LINE('',#66,#800);
#798=LINE('',#70,#801);
#799=VECTOR('',#802,1.0);
#800=VECTOR('',#803,1.0);
#801=VECTOR('',#804,1.0);
#802=DIRECTION('',(0.1409092455671156,-0.01855072634513839,0.9898487031187009));
#803=DIRECTION('',(-0.9914451598136526,0.13052392532436685,0));
#804=DIRECTION('',(0,0,-1));
#805=FACE_SURFACE('',(#810),#806,.T.);
#806=PLANE('',#807);
#807=AXIS2_PLACEMENT_3D('',#68,#808,#809);
#808=DIRECTION('',(0.13052850960056514,-0.9914445562821228,0));
#809=DIRECTION('',(0,0,1));
#810=FACE_BOUND('',#811,.T.);
#811=EDGE_LOOP('',(#812,#813,#814));
#812=ORIENTED_EDGE('',*,*,#815,.T.);
#813=ORIENTED_EDGE('',*,*,#816,.T.);
#814=ORIENTED_EDGE('',*,*,#817,.T.);
#815=EDGE_CURVE('',#69,#71,#818,.F.);
#816=EDGE_CURVE('',#71,#73,#819,.T.);
#817=EDGE_CURVE('',#73,#69,#820,.T.);
#818=LINE('',#68,#821);
#819=LINE('',#70,#822);
#820=LINE('',#72,#823);
#821=VECTOR('',#824,1.0);
#822=VECTOR('',#825,1.0);
#823=VECTOR('',#826,1.0);
#824=DIRECTION('',(0,0,1));
#825=DIRECTION('',(-0.14090431089579508,-0.018550739505285272,-0.9898494053313304));
#826=DIRECTION('',(0.9914445562821227,0.13052850960056514,0));
#827=FACE_SURFACE('',(#832),#828,.T.);
#828=PLANE('',#829);
#829=AXIS2_PLACEMENT_3D('',#72,#830,#831);
#830=DIRECTION('',(0.13052850960056514,-0.9914445562821228,0));
#831=DIRECTION('',(0.14090431089579508,0.018550739505285272,0.9898494053313304));
#832=FACE_BOUND('',#833,.T.);
#833=EDGE_LOOP('',(#834,#835,#836));
#834=ORIENTED_EDGE('',*,*,#837,.T.);
#835=ORIENTED_EDGE('',*,*,#838,.T.);
#836=ORIENTED_EDGE('',*,*,#839,.T.);
#837=EDGE_CURVE('',#73,#71,#840,.F.);
#838=EDGE_CURVE('',#71,#75,#841,.T.);
#839=EDGE_CURVE('',#75,#73,#842,.T.);
#840=LINE('',#72,#843);
#841=LINE('',#70,#844);
#842=LINE('',#74,#845);
#843=VECTOR('',#846,1.0);
#844=VECTOR('',#847,1.0);
#845=VECTOR('',#848,1.0);
#846=DIRECTION('',(0.14090431089579508,0.018550739505285272,0.9898494053313304));
#847=DIRECTION('',(-0.9914445562821227,-0.13052850960056514,0));
#848=DIRECTION('',(0,0,-1));
#849=FACE_SURFACE('',(#854),#850,.T.);
#850=PLANE('',#851);
#851=AXIS2_PLACEMENT_3D('',#72,#852,#853);
#852=DIRECTION('',(0.382681475827443,-0.9238803429332882,0));
#853=DIRECTION('',(0,0,1));
#854=FACE_BOUND('',#855,.T.);
#855=EDGE_LOOP('',(#856,#857,#858));
#856=ORIENTED_EDGE('',*,*,#859,.T.);
#857=ORIENTED_EDGE('',*,*,#860,.T.);
#858=ORIENTED_EDGE('',*,*,#861,.T.);
#859=EDGE_CURVE('',#73,#75,#862,.F.);
#860=EDGE_CURVE('',#75,#77,#863,.T.);
#861=EDGE_CURVE('',#77,#73,#864,.T.);
#862=LINE('',#72,#865);
#863=LINE('',#74,#866);
#864=LINE('',#76,#867);
#865=VECTOR('',#868,1.0);
#866=VECTOR('',#869,1.0);
#867=VECTOR('',#870,1.0);
#868=DIRECTION('',(0,0,1));
#869=DIRECTION('',(-0.13130323914471068,-0.054387256662792566,-0.989849223721877));
#870=DIRECTION('',(0.9238803429332881,0.38268147582744294,0));
#871=FACE_SURFACE('',(#876),#872,.T.);
#872=PLANE('',#873);
#873=AXIS2_PLACEMENT_3D('',#76,#874,#875);
#874=DIRECTION('',(0.382681475827443,-0.9238803429332882,0));
#875=DIRECTION('',(0.13130323914471068,0.054387256662792566,0.989849223721877));
#876=FACE_BOUND('',#877,.T.);
#877=EDGE_LOOP('',(#878,#879,#880));
#878=ORIENTED_EDGE('',*,*,#881,.T.);
#879=ORIENTED_EDGE('',*,*,#882,.T.);
#880=ORIENTED_EDGE('',*,*,#883,.T.);
#881=EDGE_CURVE('',#77,#75,#884,.F.);
#882=EDGE_CURVE('',#75,#79,#885,.T.);
#883=EDGE_CURVE('',#79,#77,#886,.T.);
#884=LINE('',#76,#887);
#885=LINE('',#74,#888);
#886=LINE('',#78,#889);
#887=VECTOR('',#890,1.0);
#888=VECTOR('',#891,1.0);
#889=VECTOR('',#892,1.0);
#890=DIRECTION('',(0.13130323914471068,0.054387256662792566,0.989849223721877));
#891=DIRECTION('',(-0.9238803429332881,-0.38268147582744294,0));
#892=DIRECTION('',(0,0,-1));
#893=FACE_SURFACE('',(#898),#894,.T.);
#894=PLANE('',#895);
#895=AXIS2_PLACEMENT_3D('',#76,#896,#897);
#896=DIRECTION('',(0.6087689453819835,-0.7933475727186086,0));
#897=DIRECTION('',(0,0,1));
#898=FACE_BOUND('',#899,.T.);
#899=EDGE_LOOP('',(#900,#901,#902));
#900=ORIENTED_EDGE('',*,*,#903,.T.);
#901=ORIENTED_EDGE('',*,*,#904,.T.);
#902=ORIENTED_EDGE('',*,*,#905,.T.);
#903=EDGE_CURVE('',#77,#79,#906,.F.);
#904=EDGE_CURVE('',#79,#81,#907,.T.);
#905=EDGE_CURVE('',#81,#77,#908,.T.);
#906=LINE('',#76,#909);
#907=LINE('',#78,#910);
#908=LINE('',#80,#911);
#909=VECTOR('',#912,1.0);
#910=VECTOR('',#913,1.0);
#911=VECTOR('',#914,1.0);
#912=DIRECTION('',(0,0,1));
#913=DIRECTION('',(-0.11275063755536947,-0.08651830430452963,-0.9898494212510943));
#914=DIRECTION('',(0.7933475727186086,0.6087689453819833,0));
#915=FACE_SURFACE('',(#920),#916,.T.);
#916=PLANE('',#917);
#917=AXIS2_PLACEMENT_3D('',#80,#918,#919);
#918=DIRECTION('',(0.6087689453819835,-0.7933475727186086,0));
#919=DIRECTION('',(0.11275063755536947,0.08651830430452963,0.9898494212510943));
#920=FACE_BOUND('',#921,.T.);
#921=EDGE_LOOP('',(#922,#923,#924));
#922=ORIENTED_EDGE('',*,*,#925,.T.);
#923=ORIENTED_EDGE('',*,*,#926,.T.);
#924=ORIENTED_EDGE('',*,*,#927,.T.);
#925=EDGE_CURVE('',#81,#79,#928,.F.);
#926=EDGE_CURVE('',#79,#83,#929,.T.);
#927=EDGE_CURVE('',#83,#81,#930,.T.);
#928=LINE('',#80,#931);
#929=LINE('',#78,#932);
#930=LINE('',#82,#933);
#931=VECTOR('',#934,1.0);
#932=VECTOR('',#935,1.0);
#933=VECTOR('',#936,1.0);
#934=DIRECTION('',(0.11275063755536947,0.08651830430452963,0.9898494212510943));
#935=DIRECTION('',(-0.7933475727186086,-0.6087689453819833,0));
#936=DIRECTION('',(0,0,-1));
#937=FACE_SURFACE('',(#942),#938,.T.);
#938=PLANE('',#939);
#939=AXIS2_PLACEMENT_3D('',#80,#940,#941);
#940=DIRECTION('',(0.7933460800266097,-0.6087708906529713,0));
#941=DIRECTION('',(0,0,1));
#942=FACE_BOUND('',#943,.T.);
#943=EDGE_LOOP('',(#944,#945,#946));
#944=ORIENTED_EDGE('',*,*,#947,.T.);
#945=ORIENTED_EDGE('',*,*,#948,.T.);
#946=ORIENTED_EDGE('',*,*,#949,.T.);
#947=EDGE_CURVE('',#81,#83,#950,.F.);
#948=EDGE_CURVE('',#83,#85,#951,.T.);
#949=EDGE_CURVE('',#85,#81,#952,.T.);
#950=LINE('',#80,#953);
#951=LINE('',#82,#954);
#952=LINE('',#84,#955);
#953=VECTOR('',#956,1.0);
#954=VECTOR('',#957,1.0);
#955=VECTOR('',#958,1.0);
#956=DIRECTION('',(0,0,1));
#957=DIRECTION('',(-0.08652015974174479,-0.11275248312343775,-0.9898490488492484));
#958=DIRECTION('',(0.6087708906529714,0.7933460800266099,0));
#959=FACE_SURFACE('',(#964),#960,.T.);
#960=PLANE('',#961);
#961=AXIS2_PLACEMENT_3D('',#84,#962,#963);
#962=DIRECTION('',(0.7933460800266097,-0.6087708906529713,0));
#963=DIRECTION('',(0.08652015974174479,0.11275248312343775,0.9898490488492484));
#964=FACE_BOUND('',#965,.T.);
#965=EDGE_LOOP('',(#966,#967,#968));
#966=ORIENTED_EDGE('',*,*,#969,.T.);
#967=ORIENTED_EDGE('',*,*,#970,.T.);
#968=ORIENTED_EDGE('',*,*,#971,.T.);
#969=EDGE_CURVE('',#85,#83,#972,.F.);
#970=EDGE_CURVE('',#83,#87,#973,.T.);
#971=EDGE_CURVE('',#87,#85,#974,.T.);
#972=LINE('',#84,#975);
#973=LINE('',#82,#976);
#974=LINE('',#86,#977);
#975=VECTOR('',#978,1.0);
#976=VECTOR('',#979,1.0);
#977=VECTOR('',#980,1.0);
#978=DIRECTION('',(0.08652015974174479,0.11275248312343775,0.9898490488492484));
#979=DIRECTION('',(-0.6087708906529714,-0.7933460800266099,0));
#980=DIRECTION('',(0,0,-1));
#981=FACE_SURFACE('',(#986),#982,.T.);
#982=PLANE('',#983);
#983=AXIS2_PLACEMENT_3D('',#84,#984,#985);
#984=DIRECTION('',(0.9238881706352224,-0.38266257742337706,0));
#985=DIRECTION('',(0,0,1));
#986=FACE_BOUND('',#987,.T.);
#987=EDGE_LOOP('',(#988,#989,#990));
#988=ORIENTED_EDGE('',*,*,#991,.T.);
#989=ORIENTED_EDGE('',*,*,#992,.T.);
#990=ORIENTED_EDGE('',*,*,#993,.T.);
#991=EDGE_CURVE('',#85,#87,#994,.F.);
#992=EDGE_CURVE('',#87,#89,#995,.T.);
#993=EDGE_CURVE('',#89,#85,#996,.T.);
#994=LINE('',#84,#997);
#995=LINE('',#86,#998);
#996=LINE('',#88,#999);
#997=VECTOR('',#1000,1.0);
#998=VECTOR('',#1001,1.0);
#999=VECTOR('',#1002,1.0);
#1000=DIRECTION('',(0,0,1));
#1001=DIRECTION('',(-0.054384119323806164,-0.1313032616149662,-0.989849393117279));
#1002=DIRECTION('',(0.38266257742337706,0.9238881706352224,0));
#1003=FACE_SURFACE('',(#1008),#1004,.T.);
#1004=PLANE('',#1005);
#1005=AXIS2_PLACEMENT_3D('',#88,#1006,#1007);
#1006=DIRECTION('',(0.9238881706352224,-0.38266257742337706,0));
#1007=DIRECTION('',(0.054384119323806164,0.1313032616149662,0.989849393117279));
#1008=FACE_BOUND('',#1009,.T.);
#1009=EDGE_LOOP('',(#1010,#1011,#1012));
#1010=ORIENTED_EDGE('',*,*,#1013,.T.);
#1011=ORIENTED_EDGE('',*,*,#1014,.T.);
#1012=ORIENTED_EDGE('',*,*,#1015,.T.);
#1013=EDGE_CURVE('',#89,#87,#1016,.F.);
#1014=EDGE_CURVE('',#87,#91,#1017,.T.);
#1015=EDGE_CURVE('',#91,#89,#1018,.T.);
#1016=LINE('',#88,#1019);
#1017=LINE('',#86,#1020);
#1018=LINE('',#90,#1021);
#1019=VECTOR('',#1022,1.0);
#1020=VECTOR('',#1023,1.0);
#1021=VECTOR('',#1024,1.0);
#1022=DIRECTION('',(0.054384119323806164,0.1313032616149662,0.989849393117279));
#1023=DIRECTION('',(-0.38266257742337706,-0.9238881706352224,0));
#1024=DIRECTION('',(0,0,-1));
#1025=FACE_SURFACE('',(#1030),#1026,.T.);
#1026=PLANE('',#1027);
#1027=AXIS2_PLACEMENT_3D('',#88,#1028,#1029);
#1028=DIRECTION('',(0.9914429124955657,-0.13054099456611423,0));
#1029=DIRECTION('',(0,0,1));
#1030=FACE_BOUND('',#1031,.T.);
#1031=EDGE_LOOP('',(#1032,#1033,#1034));
#1032=ORIENTED_EDGE('',*,*,#1035,.T.);
#1033=ORIENTED_EDGE('',*,*,#1036,.T.);
#1034=ORIENTED_EDGE('',*,*,#1037,.T.);
#1035=EDGE_CURVE('',#89,#91,#1038,.F.);
#1036=EDGE_CURVE('',#91,#93,#1039,.T.);
#1037=EDGE_CURVE('',#93,#89,#1040,.T.);
#1038=LINE('',#88,#1041);
#1039=LINE('',#90,#1042);
#1040=LINE('',#92,#1043);
#1041=VECTOR('',#1044,1.0);
#1042=VECTOR('',#1045,1.0);
#1043=VECTOR('',#1046,1.0);
#1044=DIRECTION('',(0,0,1));
#1045=DIRECTION('',(-0.018552625198183986,-0.1409049227950407,-0.9898492828862276));
#1046=DIRECTION('',(0.1305409945661142,0.9914429124955655,0));
#1047=FACE_SURFACE('',(#1052),#1048,.T.);
#1048=PLANE('',#1049);
#1049=AXIS2_PLACEMENT_3D('',#92,#1050,#1051);
#1050=DIRECTION('',(0.9914429124955657,-0.13054099456611423,0));
#1051=DIRECTION('',(0.018552625198183986,0.1409049227950407,0.9898492828862276));
#1052=FACE_BOUND('',#1053,.T.);
#1053=EDGE_LOOP('',(#1054,#1055,#1056));
#1054=ORIENTED_EDGE('',*,*,#1057,.T.);
#1055=ORIENTED_EDGE('',*,*,#1058,.T.);
#1056=ORIENTED_EDGE('',*,*,#1059,.T.);
#1057=EDGE_CURVE('',#93,#91,#1060,.F.);
#1058=EDGE_CURVE('',#91,#95,#1061,.T.);
#1059=EDGE_CURVE('',#95,#93,#1062,.T.);
#1060=LINE('',#92,#1063);
#1061=LINE('',#90,#1064);
#1062=LINE('',#94,#1065);
#1063=VECTOR('',#1066,1.0);
#1064=VECTOR('',#1067,1.0);
#1065=VECTOR('',#1068,1.0);
#1066=DIRECTION('',(0.018552625198183986,0.1409049227950407,0.9898492828862276));
#1067=DIRECTION('',(-0.1305409945661142,-0.9914429124955655,0));
#1068=DIRECTION('',(0,0,-1));
#1069=FACE_SURFACE('',(#1074),#1070,.T.);
#1070=PLANE('',#1071);
#1071=AXIS2_PLACEMENT_3D('',#92,#1072,#1073);
#1072=DIRECTION('',(0.9914429879544556,0.13054042146377973,-0));
#1073=DIRECTION('',(0,0,1));
#1074=FACE_BOUND('',#1075,.T.);
#1075=EDGE_LOOP('',(#1076,#1077,#1078));
#1076=ORIENTED_EDGE('',*,*,#1079,.T.);
#1077=ORIENTED_EDGE('',*,*,#1080,.T.);
#1078=ORIENTED_EDGE('',*,*,#1081,.T.);
#1079=EDGE_CURVE('',#93,#95,#1082,.F.);
#1080=EDGE_CURVE('',#95,#97,#1083,.T.);
#1081=EDGE_CURVE('',#97,#93,#1084,.T.);
#1082=LINE('',#92,#1085);
#1083=LINE('',#94,#1086);
#1084=LINE('',#96,#1087);
#1085=VECTOR('',#1088,1.0);
#1086=VECTOR('',#1089,1.0);
#1087=VECTOR('',#1090,1.0);
#1088=DIRECTION('',(0,0,1));
#1089=DIRECTION('',(0.01855262355301565,-0.14090553962934527,-0.9898491951105799));
#1090=DIRECTION('',(-0.13054042146377973,0.9914429879544556,0));
#1091=FACE_SURFACE('',(#1096),#1092,.T.);
#1092=PLANE('',#1093);
#1093=AXIS2_PLACEMENT_3D('',#96,#1094,#1095);
#1094=DIRECTION('',(0.9914429879544556,0.13054042146377973,-0));
#1095=DIRECTION('',(-0.01855262355301565,0.14090553962934527,0.9898491951105799));
#1096=FACE_BOUND('',#1097,.T.);
#1097=EDGE_LOOP('',(#1098,#1099,#1100));
#1098=ORIENTED_EDGE('',*,*,#1101,.T.);
#1099=ORIENTED_EDGE('',*,*,#1102,.T.);
#1100=ORIENTED_EDGE('',*,*,#1103,.T.);
#1101=EDGE_CURVE('',#97,#95,#1104,.F.);
#1102=EDGE_CURVE('',#95,#99,#1105,.T.);
#1103=EDGE_CURVE('',#99,#97,#1106,.T.);
#1104=LINE('',#96,#1107);
#1105=LINE('',#94,#1108);
#1106=LINE('',#98,#1109);
#1107=VECTOR('',#1110,1.0);
#1108=VECTOR('',#1111,1.0);
#1109=VECTOR('',#1112,1.0);
#1110=DIRECTION('',(-0.01855262355301565,0.14090553962934527,0.9898491951105799));
#1111=DIRECTION('',(0.13054042146377973,-0.9914429879544556,0));
#1112=DIRECTION('',(0,0,-1));
#1113=FACE_SURFACE('',(#1118),#1114,.T.);
#1114=PLANE('',#1115);
#1115=AXIS2_PLACEMENT_3D('',#96,#1116,#1117);
#1116=DIRECTION('',(0.9238881706352224,0.38266257742337706,-0));
#1117=DIRECTION('',(0,0,1));
#1118=FACE_BOUND('',#1119,.T.);
#1119=EDGE_LOOP('',(#1120,#1121,#1122));
#1120=ORIENTED_EDGE('',*,*,#1123,.T.);
#1121=ORIENTED_EDGE('',*,*,#1124,.T.);
#1122=ORIENTED_EDGE('',*,*,#1125,.T.);
#1123=EDGE_CURVE('',#97,#99,#1126,.F.);
#1124=EDGE_CURVE('',#99,#101,#1127,.T.);
#1125=EDGE_CURVE('',#101,#97,#1128,.T.);
#1126=LINE('',#96,#1129);
#1127=LINE('',#98,#1130);
#1128=LINE('',#100,#1131);
#1129=VECTOR('',#1132,1.0);
#1130=VECTOR('',#1133,1.0);
#1131=VECTOR('',#1134,1.0);
#1132=DIRECTION('',(0,0,1));
#1133=DIRECTION('',(0.054384119323806164,-0.1313032616149662,-0.989849393117279));
#1134=DIRECTION('',(-0.38266257742337706,0.9238881706352224,0));
#1135=FACE_SURFACE('',(#1140),#1136,.T.);
#1136=PLANE('',#1137);
#1137=AXIS2_PLACEMENT_3D('',#100,#1138,#1139);
#1138=DIRECTION('',(0.9238881706352224,0.38266257742337706,-0));
#1139=DIRECTION('',(-0.054384119323806164,0.1313032616149662,0.989849393117279));
#1140=FACE_BOUND('',#1141,.T.);
#1141=EDGE_LOOP('',(#1142,#1143,#1144));
#1142=ORIENTED_EDGE('',*,*,#1145,.T.);
#1143=ORIENTED_EDGE('',*,*,#1146,.T.);
#1144=ORIENTED_EDGE('',*,*,#1147,.T.);
#1145=EDGE_CURVE('',#101,#99,#1148,.F.);
#1146=EDGE_CURVE('',#99,#103,#1149,.T.);
#1147=EDGE_CURVE('',#103,#101,#1150,.T.);
#1148=LINE('',#100,#1151);
#1149=LINE('',#98,#1152);
#1150=LINE('',#102,#1153);
#1151=VECTOR('',#1154,1.0);
#1152=VECTOR('',#1155,1.0);
#1153=VECTOR('',#1156,1.0);
#1154=DIRECTION('',(-0.054384119323806164,0.1313032616149662,0.989849393117279));
#1155=DIRECTION('',(0.38266257742337706,-0.9238881706352224,0));
#1156=DIRECTION('',(0,0,-1));
#1157=FACE_SURFACE('',(#1162),#1158,.T.);
#1158=PLANE('',#1159);
#1159=AXIS2_PLACEMENT_3D('',#100,#1160,#1161);
#1160=DIRECTION('',(0.7933460800266097,0.6087708906529713,-0));
#1161=DIRECTION('',(0,0,1));
#1162=FACE_BOUND('',#1163,.T.);
#1163=EDGE_LOOP('',(#1164,#1165,#1166));
#1164=ORIENTED_EDGE('',*,*,#1167,.T.);
#1165=ORIENTED_EDGE('',*,*,#1168,.T.);
#1166=ORIENTED_EDGE('',*,*,#1169,.T.);
#1167=EDGE_CURVE('',#101,#103,#1170,.F.);
#1168=EDGE_CURVE('',#103,#105,#1171,.T.);
#1169=EDGE_CURVE('',#105,#101,#1172,.T.);
#1170=LINE('',#100,#1173);
#1171=LINE('',#102,#1174);
#1172=LINE('',#104,#1175);
#1173=VECTOR('',#1176,1.0);
#1174=VECTOR('',#1177,1.0);
#1175=VECTOR('',#1178,1.0);
#1176=DIRECTION('',(0,0,1));
#1177=DIRECTION('',(0.08652015974174479,-0.11275248312343775,-0.9898490488492484));
#1178=DIRECTION('',(-0.6087708906529714,0.7933460800266099,0));
#1179=FACE_SURFACE('',(#1184),#1180,.T.);
#1180=PLANE('',#1181);
#1181=AXIS2_PLACEMENT_3D('',#104,#1182,#1183);
#1182=DIRECTION('',(0.7933460800266097,0.6087708906529713,-0));
#1183=DIRECTION('',(-0.08652015974174479,0.11275248312343775,0.9898490488492484));
#1184=FACE_BOUND('',#1185,.T.);
#1185=EDGE_LOOP('',(#1186,#1187,#1188));
#1186=ORIENTED_EDGE('',*,*,#1189,.T.);
#1187=ORIENTED_EDGE('',*,*,#1190,.T.);
#1188=ORIENTED_EDGE('',*,*,#1191,.T.);
#1189=EDGE_CURVE('',#105,#103,#1192,.F.);
#1190=EDGE_CURVE('',#103,#107,#1193,.T.);
#1191=EDGE_CURVE('',#107,#105,#1194,.T.);
#1192=LINE('',#104,#1195);
#1193=LINE('',#102,#1196);
#1194=LINE('',#106,#1197);
#1195=VECTOR('',#1198,1.0);
#1196=VECTOR('',#1199,1.0);
#1197=VECTOR('',#1200,1.0);
#1198=DIRECTION('',(-0.08652015974174479,0.11275248312343775,0.9898490488492484));
#1199=DIRECTION('',(0.6087708906529714,-0.7933460800266099,0));
#1200=DIRECTION('',(0,0,-1));
#1201=FACE_SURFACE('',(#1206),#1202,.T.);
#1202=PLANE('',#1203);
#1203=AXIS2_PLACEMENT_3D('',#104,#1204,#1205);
#1204=DIRECTION('',(0.6087689453819835,0.7933475727186086,-0));
#1205=DIRECTION('',(0,0,1));
#1206=FACE_BOUND('',#1207,.T.);
#1207=EDGE_LOOP('',(#1208,#1209,#1210));
#1208=ORIENTED_EDGE('',*,*,#1211,.T.);
#1209=ORIENTED_EDGE('',*,*,#1212,.T.);
#1210=ORIENTED_EDGE('',*,*,#1213,.T.);
#1211=EDGE_CURVE('',#105,#107,#1214,.F.);
#1212=EDGE_CURVE('',#107,#109,#1215,.T.);
#1213=EDGE_CURVE('',#109,#105,#1216,.T.);
#1214=LINE('',#104,#1217);
#1215=LINE('',#106,#1218);
#1216=LINE('',#108,#1219);
#1217=VECTOR('',#1220,1.0);
#1218=VECTOR('',#1221,1.0);
#1219=VECTOR('',#1222,1.0);
#1220=DIRECTION('',(0,0,1));
#1221=DIRECTION('',(0.11275063755536947,-0.08651830430452963,-0.9898494212510943));
#1222=DIRECTION('',(-0.7933475727186086,0.6087689453819833,0));
#1223=FACE_SURFACE('',(#1228),#1224,.T.);
#1224=PLANE('',#1225);
#1225=AXIS2_PLACEMENT_3D('',#108,#1226,#1227);
#1226=DIRECTION('',(0.6087689453819835,0.7933475727186086,-0));
#1227=DIRECTION('',(-0.11275063755536947,0.08651830430452963,0.9898494212510943));
#1228=FACE_BOUND('',#1229,.T.);
#1229=EDGE_LOOP('',(#1230,#1231,#1232));
#1230=ORIENTED_EDGE('',*,*,#1233,.T.);
#1231=ORIENTED_EDGE('',*,*,#1234,.T.);
#1232=ORIENTED_EDGE('',*,*,#1235,.T.);
#1233=EDGE_CURVE('',#109,#107,#1236,.F.);
#1234=EDGE_CURVE('',#107,#111,#1237,.T.);
#1235=EDGE_CURVE('',#111,#109,#1238,.T.);
#1236=LINE('',#108,#1239);
#1237=LINE('',#106,#1240);
#1238=LINE('',#110,#1241);
#1239=VECTOR('',#1242,1.0);
#1240=VECTOR('',#1243,1.0);
#1241=VECTOR('',#1244,1.0);
#1242=DIRECTION('',(-0.11275063755536947,0.08651830430452963,0.9898494212510943));
#1243=DIRECTION('',(0.7933475727186086,-0.6087689453819833,0));
#1244=DIRECTION('',(0,0,-1));
#1245=FACE_SURFACE('',(#1250),#1246,.T.);
#1246=PLANE('',#1247);
#1247=AXIS2_PLACEMENT_3D('',#108,#1248,#1249);
#1248=DIRECTION('',(0.382681475827443,0.9238803429332882,-0));
#1249=DIRECTION('',(0,0,1));
#1250=FACE_BOUND('',#1251,.T.);
#1251=EDGE_LOOP('',(#1252,#1253,#1254));
#1252=ORIENTED_EDGE('',*,*,#1255,.T.);
#1253=ORIENTED_EDGE('',*,*,#1256,.T.);
#1254=ORIENTED_EDGE('',*,*,#1257,.T.);
#1255=EDGE_CURVE('',#109,#111,#1258,.F.);
#1256=EDGE_CURVE('',#111,#113,#1259,.T.);
#1257=EDGE_CURVE('',#113,#109,#1260,.T.);
#1258=LINE('',#108,#1261);
#1259=LINE('',#110,#1262);
#1260=LINE('',#112,#1263);
#1261=VECTOR('',#1264,1.0);
#1262=VECTOR('',#1265,1.0);
#1263=VECTOR('',#1266,1.0);
#1264=DIRECTION('',(0,0,1));
#1265=DIRECTION('',(0.13130323914471068,-0.054387256662792566,-0.989849223721877));
#1266=DIRECTION('',(-0.9238803429332881,0.38268147582744294,0));
#1267=FACE_SURFACE('',(#1272),#1268,.T.);
#1268=PLANE('',#1269);
#1269=AXIS2_PLACEMENT_3D('',#112,#1270,#1271);
#1270=DIRECTION('',(0.382681475827443,0.9238803429332882,-0));
#1271=DIRECTION('',(-0.13130323914471068,0.054387256662792566,0.989849223721877));
#1272=FACE_BOUND('',#1273,.T.);
#1273=EDGE_LOOP('',(#1274,#1275,#1276));
#1274=ORIENTED_EDGE('',*,*,#1277,.T.);
#1275=ORIENTED_EDGE('',*,*,#1278,.T.);
#1276=ORIENTED_EDGE('',*,*,#1279,.T.);
#1277=EDGE_CURVE('',#113,#111,#1280,.F.);
#1278=EDGE_CURVE('',#111,#115,#1281,.T.);
#1279=EDGE_CURVE('',#115,#113,#1282,.T.);
#1280=LINE('',#112,#1283);
#1281=LINE('',#110,#1284);
#1282=LINE('',#114,#1285);
#1283=VECTOR('',#1286,1.0);
#1284=VECTOR('',#1287,1.0);
#1285=VECTOR('',#1288,1.0);
#1286=DIRECTION('',(-0.13130323914471068,0.054387256662792566,0.989849223721877));
#1287=DIRECTION('',(0.9238803429332881,-0.38268147582744294,0));
#1288=DIRECTION('',(0,0,-1));
#1289=FACE_SURFACE('',(#1294),#1290,.T.);
#1290=PLANE('',#1291);
#1291=AXIS2_PLACEMENT_3D('',#112,#1292,#1293);
#1292=DIRECTION('',(0.13052850960056514,0.9914445562821228,-0));
#1293=DIRECTION('',(0,0,1));
#1294=FACE_BOUND('',#1295,.T.);
#1295=EDGE_LOOP('',(#1296,#1297,#1298));
#1296=ORIENTED_EDGE('',*,*,#1299,.T.);
#1297=ORIENTED_EDGE('',*,*,#1300,.T.);
#1298=ORIENTED_EDGE('',*,*,#1301,.T.);
#1299=EDGE_CURVE('',#113,#115,#1302,.F.);
#1300=EDGE_CURVE('',#115,#117,#1303,.T.);
#1301=EDGE_CURVE('',#117,#113,#1304,.T.);
#1302=LINE('',#112,#1305);
#1303=LINE('',#114,#1306);
#1304=LINE('',#116,#1307);
#1305=VECTOR('',#1308,1.0);
#1306=VECTOR('',#1309,1.0);
#1307=VECTOR('',#1310,1.0);
#1308=DIRECTION('',(0,0,1));
#1309=DIRECTION('',(0.14090431089579508,-0.018550739505285272,-0.9898494053313304));
#1310=DIRECTION('',(-0.9914445562821227,0.13052850960056514,0));
#1311=FACE_SURFACE('',(#1316),#1312,.T.);
#1312=PLANE('',#1313);
#1313=AXIS2_PLACEMENT_3D('',#116,#1314,#1315);
#1314=DIRECTION('',(0.13052850960056514,0.9914445562821228,-0));
#1315=DIRECTION('',(-0.14090431089579508,0.018550739505285272,0.9898494053313304));
#1316=FACE_BOUND('',#1317,.T.);
#1317=EDGE_LOOP('',(#1318,#1319,#1320));
#1318=ORIENTED_EDGE('',*,*,#1321,.T.);
#1319=ORIENTED_EDGE('',*,*,#1322,.T.);
#1320=ORIENTED_EDGE('',*,*,#1323,.T.);
#1321=EDGE_CURVE('',#117,#115,#1324,.F.);
#1322=EDGE_CURVE('',#115,#119,#1325,.T.);
#1323=EDGE_CURVE('',#119,#117,#1326,.T.);
#1324=LINE('',#116,#1327);
#1325=LINE('',#114,#1328);
#1326=LINE('',#118,#1329);
#1327=VECTOR('',#1330,1.0);
#1328=VECTOR('',#1331,1.0);
#1329=VECTOR('',#1332,1.0);
#1330=DIRECTION('',(-0.14090431089579508,0.018550739505285272,0.9898494053313304));
#1331=DIRECTION('',(0.9914445562821227,-0.13052850960056514,0));
#1332=DIRECTION('',(0,0,-1));
#1333=FACE_SURFACE('',(#1338),#1334,.T.);
#1334=PLANE('',#1335);
#1335=AXIS2_PLACEMENT_3D('',#116,#1336,#1337);
#1336=DIRECTION('',(-0.13052392532436685,0.9914451598136527,0));
#1337=DIRECTION('',(0,0,1));
#1338=FACE_BOUND('',#1339,.T.);
#1339=EDGE_LOOP('',(#1340,#1341,#1342));
#1340=ORIENTED_EDGE('',*,*,#1343,.T.);
#1341=ORIENTED_EDGE('',*,*,#1344,.T.);
#1342=ORIENTED_EDGE('',*,*,#1345,.T.);
#1343=EDGE_CURVE('',#117,#119,#1346,.F.);
#1344=EDGE_CURVE('',#119,#121,#1347,.T.);
#1345=EDGE_CURVE('',#121,#117,#1348,.T.);
#1346=LINE('',#116,#1349);
#1347=LINE('',#118,#1350);
#1348=LINE('',#120,#1351);
#1349=VECTOR('',#1352,1.0);
#1350=VECTOR('',#1353,1.0);
#1351=VECTOR('',#1354,1.0);
#1352=DIRECTION('',(0,0,1));
#1353=DIRECTION('',(0.1409092455671156,0.01855072634513839,-0.9898487031187009));
#1354=DIRECTION('',(-0.9914451598136526,-0.13052392532436685,0));
#1355=FACE_SURFACE('',(#1360),#1356,.T.);
#1356=PLANE('',#1357);
#1357=AXIS2_PLACEMENT_3D('',#120,#1358,#1359);
#1358=DIRECTION('',(-0.13052392532436685,0.9914451598136527,0));
#1359=DIRECTION('',(-0.1409092455671156,-0.01855072634513839,0.9898487031187009));
#1360=FACE_BOUND('',#1361,.T.);
#1361=EDGE_LOOP('',(#1362,#1363,#1364));
#1362=ORIENTED_EDGE('',*,*,#1365,.T.);
#1363=ORIENTED_EDGE('',*,*,#1366,.T.);
#1364=ORIENTED_EDGE('',*,*,#1367,.T.);
#1365=EDGE_CURVE('',#121,#119,#1368,.F.);
#1366=EDGE_CURVE('',#119,#123,#1369,.T.);
#1367=EDGE_CURVE('',#123,#121,#1370,.T.);
#1368=LINE('',#120,#1371);
#1369=LINE('',#118,#1372);
#1370=LINE('',#122,#1373);
#1371=VECTOR('',#1374,1.0);
#1372=VECTOR('',#1375,1.0);
#1373=VECTOR('',#1376,1.0);
#1374=DIRECTION('',(-0.1409092455671156,-0.01855072634513839,0.9898487031187009));
#1375=DIRECTION('',(0.9914451598136526,0.13052392532436685,0));
#1376=DIRECTION('',(0,0,-1));
#1377=FACE_SURFACE('',(#1382),#1378,.T.);
#1378=PLANE('',#1379);
#1379=AXIS2_PLACEMENT_3D('',#120,#1380,#1381);
#1380=DIRECTION('',(-0.382681475827443,0.9238803429332882,0));
#1381=DIRECTION('',(0,0,1));
#1382=FACE_BOUND('',#1383,.T.);
#1383=EDGE_LOOP('',(#1384,#1385,#1386));
#1384=ORIENTED_EDGE('',*,*,#1387,.T.);
#1385=ORIENTED_EDGE('',*,*,#1388,.T.);
#1386=ORIENTED_EDGE('',*,*,#1389,.T.);
#1387=EDGE_CURVE('',#121,#123,#1390,.F.);
#1388=EDGE_CURVE('',#123,#125,#1391,.T.);
#1389=EDGE_CURVE('',#125,#121,#1392,.T.);
#1390=LINE('',#120,#1393);
#1391=LINE('',#122,#1394);
#1392=LINE('',#124,#1395);
#1393=VECTOR('',#1396,1.0);
#1394=VECTOR('',#1397,1.0);
#1395=VECTOR('',#1398,1.0);
#1396=DIRECTION('',(0,0,1));
#1397=DIRECTION('',(0.13130323914471068,0.054387256662792566,-0.989849223721877));
#1398=DIRECTION('',(-0.9238803429332881,-0.38268147582744294,0));
#1399=FACE_SURFACE('',(#1404),#1400,.T.);
#1400=PLANE('',#1401);
#1401=AXIS2_PLACEMENT_3D('',#124,#1402,#1403);
#1402=DIRECTION('',(-0.382681475827443,0.9238803429332882,0));
#1403=DIRECTION('',(-0.13130323914471068,-0.054387256662792566,0.989849223721877));
#1404=FACE_BOUND('',#1405,.T.);
#1405=EDGE_LOOP('',(#1406,#1407,#1408));
#1406=ORIENTED_EDGE('',*,*,#1409,.T.);
#1407=ORIENTED_EDGE('',*,*,#1410,.T.);
#1408=ORIENTED_EDGE('',*,*,#1411,.T.);
#1409=EDGE_CURVE('',#125,#123,#1412,.F.);
#1410=EDGE_CURVE('',#123,#127,#1413,.T.);
#1411=EDGE_CURVE('',#127,#125,#1414,.T.);
#1412=LINE('',#124,#1415);
#1413=LINE('',#122,#1416);
#1414=LINE('',#126,#1417);
#1415=VECTOR('',#1418,1.0);
#1416=VECTOR('',#1419,1.0);
#1417=VECTOR('',#1420,1.0);
#1418=DIRECTION('',(-0.13130323914471068,-0.054387256662792566,0.989849223721877));
#1419=DIRECTION('',(0.9238803429332881,0.38268147582744294,0));
#1420=DIRECTION('',(0,0,-1));
#1421=FACE_SURFACE('',(#1426),#1422,.T.);
#1422=PLANE('',#1423);
#1423=AXIS2_PLACEMENT_3D('',#124,#1424,#1425);
#1424=DIRECTION('',(-0.6087689453819835,0.7933475727186086,0));
#1425=DIRECTION('',(0,0,1));
#1426=FACE_BOUND('',#1427,.T.);
#1427=EDGE_LOOP('',(#1428,#1429,#1430));
#1428=ORIENTED_EDGE('',*,*,#1431,.T.);
#1429=ORIENTED_EDGE('',*,*,#1432,.T.);
#1430=ORIENTED_EDGE('',*,*,#1433,.T.);
#1431=EDGE_CURVE('',#125,#127,#1434,.F.);
#1432=EDGE_CURVE('',#127,#129,#1435,.T.);
#1433=EDGE_CURVE('',#129,#125,#1436,.T.);
#1434=LINE('',#124,#1437);
#1435=LINE('',#126,#1438);
#1436=LINE('',#128,#1439);
#1437=VECTOR('',#1440,1.0);
#1438=VECTOR('',#1441,1.0);
#1439=VECTOR('',#1442,1.0);
#1440=DIRECTION('',(0,0,1));
#1441=DIRECTION('',(0.11275063755536947,0.08651830430452963,-0.9898494212510943));
#1442=DIRECTION('',(-0.7933475727186086,-0.6087689453819833,0));
#1443=FACE_SURFACE('',(#1448),#1444,.T.);
#1444=PLANE('',#1445);
#1445=AXIS2_PLACEMENT_3D('',#128,#1446,#1447);
#1446=DIRECTION('',(-0.6087689453819835,0.7933475727186086,0));
#1447=DIRECTION('',(-0.11275063755536947,-0.08651830430452963,0.9898494212510943));
#1448=FACE_BOUND('',#1449,.T.);
#1449=EDGE_LOOP('',(#1450,#1451,#1452));
#1450=ORIENTED_EDGE('',*,*,#1453,.T.);
#1451=ORIENTED_EDGE('',*,*,#1454,.T.);
#1452=ORIENTED_EDGE('',*,*,#1455,.T.);
#1453=EDGE_CURVE('',#129,#127,#1456,.F.);
#1454=EDGE_CURVE('',#127,#131,#1457,.T.);
#1455=EDGE_CURVE('',#131,#129,#1458,.T.);
#1456=LINE('',#128,#1459);
#1457=LINE('',#126,#1460);
#1458=LINE('',#130,#1461);
#1459=VECTOR('',#1462,1.0);
#1460=VECTOR('',#1463,1.0);
#1461=VECTOR('',#1464,1.0);
#1462=DIRECTION('',(-0.11275063755536947,-0.08651830430452963,0.9898494212510943));
#1463=DIRECTION('',(0.7933475727186086,0.6087689453819833,0));
#1464=DIRECTION('',(0,0,-1));
#1465=FACE_SURFACE('',(#1470),#1466,.T.);
#1466=PLANE('',#1467);
#1467=AXIS2_PLACEMENT_3D('',#128,#1468,#1469);
#1468=DIRECTION('',(-0.7933460800266097,0.6087708906529713,0));
#1469=DIRECTION('',(0,0,1));
#1470=FACE_BOUND('',#1471,.T.);
#1471=EDGE_LOOP('',(#1472,#1473,#1474));
#1472=ORIENTED_EDGE('',*,*,#1475,.T.);
#1473=ORIENTED_EDGE('',*,*,#1476,.T.);
#1474=ORIENTED_EDGE('',*,*,#1477,.T.);
#1475=EDGE_CURVE('',#129,#131,#1478,.F.);
#1476=EDGE_CURVE('',#131,#133,#1479,.T.);
#1477=EDGE_CURVE('',#133,#129,#1480,.T.);
#1478=LINE('',#128,#1481);
#1479=LINE('',#130,#1482);
#1480=LINE('',#132,#1483);
#1481=VECTOR('',#1484,1.0);
#1482=VECTOR('',#1485,1.0);
#1483=VECTOR('',#1486,1.0);
#1484=DIRECTION('',(0,0,1));
#1485=DIRECTION('',(0.08652015974174479,0.11275248312343775,-0.9898490488492484));
#1486=DIRECTION('',(-0.6087708906529714,-0.7933460800266099,0));
#1487=FACE_SURFACE('',(#1492),#1488,.T.);
#1488=PLANE('',#1489);
#1489=AXIS2_PLACEMENT_3D('',#132,#1490,#1491);
#1490=DIRECTION('',(-0.7933460800266097,0.6087708906529713,0));
#1491=DIRECTION('',(-0.08652015974174479,-0.11275248312343775,0.9898490488492484));
#1492=FACE_BOUND('',#1493,.T.);
#1493=EDGE_LOOP('',(#1494,#1495,#1496));
#1494=ORIENTED_EDGE('',*,*,#1497,.T.);
#1495=ORIENTED_EDGE('',*,*,#1498,.T.);
#1496=ORIENTED_EDGE('',*,*,#1499,.T.);
#1497=EDGE_CURVE('',#133,#131,#1500,.F.);
#1498=EDGE_CURVE('',#131,#135,#1501,.T.);
#1499=EDGE_CURVE('',#135,#133,#1502,.T.);
#1500=LINE('',#132,#1503);
#1501=LINE('',#130,#1504);
#1502=LINE('',#134,#1505);
#1503=VECTOR('',#1506,1.0);
#1504=VECTOR('',#1507,1.0);
#1505=VECTOR('',#1508,1.0);
#1506=DIRECTION('',(-0.08652015974174479,-0.11275248312343775,0.9898490488492484));
#1507=DIRECTION('',(0.6087708906529714,0.7933460800266099,0));
#1508=DIRECTION('',(0,0,-1));
#1509=FACE_SURFACE('',(#1514),#1510,.T.);
#1510=PLANE('',#1511);
#1511=AXIS2_PLACEMENT_3D('',#132,#1512,#1513);
#1512=DIRECTION('',(-0.9238881706352224,0.38266257742337706,0));
#1513=DIRECTION('',(0,0,1));
#1514=FACE_BOUND('',#1515,.T.);
#1515=EDGE_LOOP('',(#1516,#1517,#1518));
#1516=ORIENTED_EDGE('',*,*,#1519,.T.);
#1517=ORIENTED_EDGE('',*,*,#1520,.T.);
#1518=ORIENTED_EDGE('',*,*,#1521,.T.);
#1519=EDGE_CURVE('',#133,#135,#1522,.F.);
#1520=EDGE_CURVE('',#135,#41,#1523,.T.);
#1521=EDGE_CURVE('',#41,#133,#1524,.T.);
#1522=LINE('',#132,#1525);
#1523=LINE('',#134,#1526);
#1524=LINE('',#40,#1527);
#1525=VECTOR('',#1528,1.0);
#1526=VECTOR('',#1529,1.0);
#1527=VECTOR('',#1530,1.0);
#1528=DIRECTION('',(0,0,1));
#1529=DIRECTION('',(0.054384119323806164,0.1313032616149662,-0.989849393117279));
#1530=DIRECTION('',(-0.38266257742337706,-0.9238881706352224,0));
#1531=FACE_SURFACE('',(#1536),#1532,.T.);
#1532=PLANE('',#1533);
#1533=AXIS2_PLACEMENT_3D('',#40,#1534,#1535);
#1534=DIRECTION('',(-0.9238881706352224,0.38266257742337706,0));
#1535=DIRECTION('',(-0.054384119323806164,-0.1313032616149662,0.989849393117279));
#1536=FACE_BOUND('',#1537,.T.);
#1537=EDGE_LOOP('',(#1538,#1539,#1540));
#1538=ORIENTED_EDGE('',*,*,#1541,.T.);
#1539=ORIENTED_EDGE('',*,*,#1542,.T.);
#1540=ORIENTED_EDGE('',*,*,#1543,.T.);
#1541=EDGE_CURVE('',#41,#135,#1544,.F.);
#1542=EDGE_CURVE('',#135,#43,#1545,.T.);
#1543=EDGE_CURVE('',#43,#41,#1546,.T.);
#1544=LINE('',#40,#1547);
#1545=LINE('',#134,#1548);
#1546=LINE('',#42,#1549);
#1547=VECTOR('',#1550,1.0);
#1548=VECTOR('',#1551,1.0);
#1549=VECTOR('',#1552,1.0);
#1550=DIRECTION('',(-0.054384119323806164,-0.1313032616149662,0.989849393117279));
#1551=DIRECTION('',(0.38266257742337706,0.9238881706352224,0));
#1552=DIRECTION('',(0,0,-1));
#1553=FACE_SURFACE('',(#1558),#1554,.T.);
#1554=PLANE('',#1555);
#1555=AXIS2_PLACEMENT_3D('',#136,#1556,#1557);
#1556=DIRECTION('',(-0.9914428370356817,0.13054156767343722,0));
#1557=DIRECTION('',(0,0,1));
#1558=FACE_BOUND('',#1559,.T.);
#1559=EDGE_LOOP('',(#1560,#1561,#1562));
#1560=ORIENTED_EDGE('',*,*,#1563,.T.);
#1561=ORIENTED_EDGE('',*,*,#1564,.T.);
#1562=ORIENTED_EDGE('',*,*,#1565,.T.);
#1563=EDGE_CURVE('',#137,#139,#1566,.F.);
#1564=EDGE_CURVE('',#139,#141,#1567,.T.);
#1565=EDGE_CURVE('',#141,#137,#1568,.T.);
#1566=LINE('',#136,#1569);
#1567=LINE('',#138,#1570);
#1568=LINE('',#140,#1571);
#1569=VECTOR('',#1572,1.0);
#1570=VECTOR('',#1573,1.0);
#1571=VECTOR('',#1574,1.0);
#1572=DIRECTION('',(0,0,1));
#1573=DIRECTION('',(0.018552626843345407,0.14090430596057202,-0.9898493706615068));
#1574=DIRECTION('',(-0.13054156767343722,-0.9914428370356817,0));
#1575=FACE_SURFACE('',(#1580),#1576,.T.);
#1576=PLANE('',#1577);
#1577=AXIS2_PLACEMENT_3D('',#140,#1578,#1579);
#1578=DIRECTION('',(-0.9914428370356817,0.13054156767343722,0));
#1579=DIRECTION('',(-0.018552626843345407,-0.14090430596057202,0.9898493706615068));
#1580=FACE_BOUND('',#1581,.T.);
#1581=EDGE_LOOP('',(#1582,#1583,#1584));
#1582=ORIENTED_EDGE('',*,*,#1585,.T.);
#1583=ORIENTED_EDGE('',*,*,#1586,.T.);
#1584=ORIENTED_EDGE('',*,*,#1587,.T.);
#1585=EDGE_CURVE('',#141,#139,#1588,.F.);
#1586=EDGE_CURVE('',#139,#143,#1589,.T.);
#1587=EDGE_CURVE('',#143,#141,#1590,.T.);
#1588=LINE('',#140,#1591);
#1589=LINE('',#138,#1592);
#1590=LINE('',#142,#1593);
#1591=VECTOR('',#1594,1.0);
#1592=VECTOR('',#1595,1.0);
#1593=VECTOR('',#1596,1.0);
#1594=DIRECTION('',(-0.018552626843345407,-0.14090430596057202,0.9898493706615068));
#1595=DIRECTION('',(0.13054156767343722,0.9914428370356817,0));
#1596=DIRECTION('',(0,0,-1));
#1597=FACE_SURFACE('',(#1602),#1598,.T.);
#1598=PLANE('',#1599);
#1599=AXIS2_PLACEMENT_3D('',#140,#1600,#1601);
#1600=DIRECTION('',(-0.9914431388692541,-0.13053927527407597,0));
#1601=DIRECTION('',(0,0,1));
#1602=FACE_BOUND('',#1603,.T.);
#1603=EDGE_LOOP('',(#1604,#1605,#1606));
#1604=ORIENTED_EDGE('',*,*,#1607,.T.);
#1605=ORIENTED_EDGE('',*,*,#1608,.T.);
#1606=ORIENTED_EDGE('',*,*,#1609,.T.);
#1607=EDGE_CURVE('',#141,#143,#1610,.F.);
#1608=EDGE_CURVE('',#143,#145,#1611,.T.);
#1609=EDGE_CURVE('',#145,#141,#1612,.T.);
#1610=LINE('',#140,#1613);
#1611=LINE('',#142,#1614);
#1612=LINE('',#144,#1615);
#1613=VECTOR('',#1616,1.0);
#1614=VECTOR('',#1617,1.0);
#1615=VECTOR('',#1618,1.0);
#1616=DIRECTION('',(0,0,1));
#1617=DIRECTION('',(-0.01855262026265826,0.14090677329746215,-0.9898490195581785));
#1618=DIRECTION('',(0.13053927527407597,-0.9914431388692541,0));
#1619=FACE_SURFACE('',(#1624),#1620,.T.);
#1620=PLANE('',#1621);
#1621=AXIS2_PLACEMENT_3D('',#144,#1622,#1623);
#1622=DIRECTION('',(-0.9914431388692541,-0.13053927527407597,0));
#1623=DIRECTION('',(0.01855262026265826,-0.14090677329746215,0.9898490195581785));
#1624=FACE_BOUND('',#1625,.T.);
#1625=EDGE_LOOP('',(#1626,#1627,#1628));
#1626=ORIENTED_EDGE('',*,*,#1629,.T.);
#1627=ORIENTED_EDGE('',*,*,#1630,.T.);
#1628=ORIENTED_EDGE('',*,*,#1631,.T.);
#1629=EDGE_CURVE('',#145,#143,#1632,.F.);
#1630=EDGE_CURVE('',#143,#147,#1633,.T.);
#1631=EDGE_CURVE('',#147,#145,#1634,.T.);
#1632=LINE('',#144,#1635);
#1633=LINE('',#142,#1636);
#1634=LINE('',#146,#1637);
#1635=VECTOR('',#1638,1.0);
#1636=VECTOR('',#1639,1.0);
#1637=VECTOR('',#1640,1.0);
#1638=DIRECTION('',(0.01855262026265826,-0.14090677329746215,0.9898490195581785));
#1639=DIRECTION('',(-0.13053927527407597,0.9914431388692541,0));
#1640=DIRECTION('',(0,0,-1));
#1641=FACE_SURFACE('',(#1646),#1642,.T.);
#1642=PLANE('',#1643);
#1643=AXIS2_PLACEMENT_3D('',#144,#1644,#1645);
#1644=DIRECTION('',(-0.9238881706352224,-0.38266257742337706,0));
#1645=DIRECTION('',(0,0,1));
#1646=FACE_BOUND('',#1647,.T.);
#1647=EDGE_LOOP('',(#1648,#1649,#1650));
#1648=ORIENTED_EDGE('',*,*,#1651,.T.);
#1649=ORIENTED_EDGE('',*,*,#1652,.T.);
#1650=ORIENTED_EDGE('',*,*,#1653,.T.);
#1651=EDGE_CURVE('',#145,#147,#1654,.F.);
#1652=EDGE_CURVE('',#147,#149,#1655,.T.);
#1653=EDGE_CURVE('',#149,#145,#1656,.T.);
#1654=LINE('',#144,#1657);
#1655=LINE('',#146,#1658);
#1656=LINE('',#148,#1659);
#1657=VECTOR('',#1660,1.0);
#1658=VECTOR('',#1661,1.0);
#1659=VECTOR('',#1662,1.0);
#1660=DIRECTION('',(0,0,1));
#1661=DIRECTION('',(-0.054384119323806164,0.1313032616149662,-0.989849393117279));
#1662=DIRECTION('',(0.38266257742337706,-0.9238881706352224,0));
#1663=FACE_SURFACE('',(#1668),#1664,.T.);
#1664=PLANE('',#1665);
#1665=AXIS2_PLACEMENT_3D('',#148,#1666,#1667);
#1666=DIRECTION('',(-0.9238881706352224,-0.38266257742337706,0));
#1667=DIRECTION('',(0.054384119323806164,-0.1313032616149662,0.989849393117279));
#1668=FACE_BOUND('',#1669,.T.);
#1669=EDGE_LOOP('',(#1670,#1671,#1672));
#1670=ORIENTED_EDGE('',*,*,#1673,.T.);
#1671=ORIENTED_EDGE('',*,*,#1674,.T.);
#1672=ORIENTED_EDGE('',*,*,#1675,.T.);
#1673=EDGE_CURVE('',#149,#147,#1676,.F.);
#1674=EDGE_CURVE('',#147,#151,#1677,.T.);
#1675=EDGE_CURVE('',#151,#149,#1678,.T.);
#1676=LINE('',#148,#1679);
#1677=LINE('',#146,#1680);
#1678=LINE('',#150,#1681);
#1679=VECTOR('',#1682,1.0);
#1680=VECTOR('',#1683,1.0);
#1681=VECTOR('',#1684,1.0);
#1682=DIRECTION('',(0.054384119323806164,-0.1313032616149662,0.989849393117279));
#1683=DIRECTION('',(-0.38266257742337706,0.9238881706352224,0));
#1684=DIRECTION('',(0,0,-1));
#1685=FACE_SURFACE('',(#1690),#1686,.T.);
#1686=PLANE('',#1687);
#1687=AXIS2_PLACEMENT_3D('',#148,#1688,#1689);
#1688=DIRECTION('',(-0.7933411567954215,-0.6087773065206215,0));
#1689=DIRECTION('',(0,0,1));
#1690=FACE_BOUND('',#1691,.T.);
#1691=EDGE_LOOP('',(#1692,#1693,#1694));
#1692=ORIENTED_EDGE('',*,*,#1695,.T.);
#1693=ORIENTED_EDGE('',*,*,#1696,.T.);
#1694=ORIENTED_EDGE('',*,*,#1697,.T.);
#1695=EDGE_CURVE('',#149,#151,#1698,.F.);
#1696=EDGE_CURVE('',#151,#153,#1699,.T.);
#1697=EDGE_CURVE('',#153,#149,#1700,.T.);
#1698=LINE('',#148,#1701);
#1699=LINE('',#150,#1702);
#1700=LINE('',#152,#1703);
#1701=VECTOR('',#1704,1.0);
#1702=VECTOR('',#1705,1.0);
#1703=VECTOR('',#1706,1.0);
#1704=DIRECTION('',(0,0,1));
#1705=DIRECTION('',(-0.08652017815959659,0.11275061913786241,-0.9898492595619094));
#1706=DIRECTION('',(0.6087773065206213,-0.7933411567954214,0));
#1707=FACE_SURFACE('',(#1712),#1708,.T.);
#1708=PLANE('',#1709);
#1709=AXIS2_PLACEMENT_3D('',#152,#1710,#1711);
#1710=DIRECTION('',(-0.7933411567954215,-0.6087773065206215,0));
#1711=DIRECTION('',(0.08652017815959659,-0.11275061913786241,0.9898492595619094));
#1712=FACE_BOUND('',#1713,.T.);
#1713=EDGE_LOOP('',(#1714,#1715,#1716));
#1714=ORIENTED_EDGE('',*,*,#1717,.T.);
#1715=ORIENTED_EDGE('',*,*,#1718,.T.);
#1716=ORIENTED_EDGE('',*,*,#1719,.T.);
#1717=EDGE_CURVE('',#153,#151,#1720,.F.);
#1718=EDGE_CURVE('',#151,#155,#1721,.T.);
#1719=EDGE_CURVE('',#155,#153,#1722,.T.);
#1720=LINE('',#152,#1723);
#1721=LINE('',#150,#1724);
#1722=LINE('',#154,#1725);
#1723=VECTOR('',#1726,1.0);
#1724=VECTOR('',#1727,1.0);
#1725=VECTOR('',#1728,1.0);
#1726=DIRECTION('',(0.08652017815959659,-0.11275061913786241,0.9898492595619094));
#1727=DIRECTION('',(-0.6087773065206213,0.7933411567954214,0));
#1728=DIRECTION('',(0,0,-1));
#1729=FACE_SURFACE('',(#1734),#1730,.T.);
#1730=PLANE('',#1731);
#1731=AXIS2_PLACEMENT_3D('',#152,#1732,#1733);
#1732=DIRECTION('',(-0.6087661582906917,-0.7933497113631494,0));
#1733=DIRECTION('',(0,0,1));
#1734=FACE_BOUND('',#1735,.T.);
#1735=EDGE_LOOP('',(#1736,#1737,#1738));
#1736=ORIENTED_EDGE('',*,*,#1739,.T.);
#1737=ORIENTED_EDGE('',*,*,#1740,.T.);
#1738=ORIENTED_EDGE('',*,*,#1741,.T.);
#1739=EDGE_CURVE('',#153,#155,#1742,.F.);
#1740=EDGE_CURVE('',#155,#157,#1743,.T.);
#1741=EDGE_CURVE('',#157,#153,#1744,.T.);
#1742=LINE('',#152,#1745);
#1743=LINE('',#154,#1746);
#1744=LINE('',#156,#1747);
#1745=VECTOR('',#1748,1.0);
#1746=VECTOR('',#1749,1.0);
#1747=VECTOR('',#1750,1.0);
#1748=DIRECTION('',(0,0,1));
#1749=DIRECTION('',(-0.11275064369445117,0.08651767968596992,-0.9898494751467228));
#1750=DIRECTION('',(0.7933497113631495,-0.6087661582906917,0));
#1751=FACE_SURFACE('',(#1756),#1752,.T.);
#1752=PLANE('',#1753);
#1753=AXIS2_PLACEMENT_3D('',#156,#1754,#1755);
#1754=DIRECTION('',(-0.6087661582906917,-0.7933497113631494,0));
#1755=DIRECTION('',(0.11275064369445117,-0.08651767968596992,0.9898494751467228));
#1756=FACE_BOUND('',#1757,.T.);
#1757=EDGE_LOOP('',(#1758,#1759,#1760));
#1758=ORIENTED_EDGE('',*,*,#1761,.T.);
#1759=ORIENTED_EDGE('',*,*,#1762,.T.);
#1760=ORIENTED_EDGE('',*,*,#1763,.T.);
#1761=EDGE_CURVE('',#157,#155,#1764,.F.);
#1762=EDGE_CURVE('',#155,#159,#1765,.T.);
#1763=EDGE_CURVE('',#159,#157,#1766,.T.);
#1764=LINE('',#156,#1767);
#1765=LINE('',#154,#1768);
#1766=LINE('',#158,#1769);
#1767=VECTOR('',#1770,1.0);
#1768=VECTOR('',#1771,1.0);
#1769=VECTOR('',#1772,1.0);
#1770=DIRECTION('',(0.11275064369445117,-0.08651767968596992,0.9898494751467228));
#1771=DIRECTION('',(-0.7933497113631495,0.6087661582906917,0));
#1772=DIRECTION('',(0,0,-1));
#1773=FACE_SURFACE('',(#1778),#1774,.T.);
#1774=PLANE('',#1775);
#1775=AXIS2_PLACEMENT_3D('',#156,#1776,#1777);
#1776=DIRECTION('',(-0.3826928146393104,-0.9238756461902449,0));
#1777=DIRECTION('',(0,0,1));
#1778=FACE_BOUND('',#1779,.T.);
#1779=EDGE_LOOP('',(#1780,#1781,#1782));
#1780=ORIENTED_EDGE('',*,*,#1783,.T.);
#1781=ORIENTED_EDGE('',*,*,#1784,.T.);
#1782=ORIENTED_EDGE('',*,*,#1785,.T.);
#1783=EDGE_CURVE('',#157,#159,#1786,.F.);
#1784=EDGE_CURVE('',#159,#161,#1787,.T.);
#1785=EDGE_CURVE('',#161,#157,#1788,.T.);
#1786=LINE('',#156,#1789);
#1787=LINE('',#158,#1790);
#1788=LINE('',#160,#1791);
#1789=VECTOR('',#1792,1.0);
#1790=VECTOR('',#1793,1.0);
#1791=VECTOR('',#1794,1.0);
#1792=DIRECTION('',(0,0,1));
#1793=DIRECTION('',(-0.13130322566193883,0.05438913906541124,-0.989849122079973));
#1794=DIRECTION('',(0.9238756461902449,-0.38269281463931043,0));
#1795=FACE_SURFACE('',(#1800),#1796,.T.);
#1796=PLANE('',#1797);
#1797=AXIS2_PLACEMENT_3D('',#160,#1798,#1799);
#1798=DIRECTION('',(-0.3826928146393104,-0.9238756461902449,0));
#1799=DIRECTION('',(0.13130322566193883,-0.05438913906541124,0.989849122079973));
#1800=FACE_BOUND('',#1801,.T.);
#1801=EDGE_LOOP('',(#1802,#1803,#1804));
#1802=ORIENTED_EDGE('',*,*,#1805,.T.);
#1803=ORIENTED_EDGE('',*,*,#1806,.T.);
#1804=ORIENTED_EDGE('',*,*,#1807,.T.);
#1805=EDGE_CURVE('',#161,#159,#1808,.F.);
#1806=EDGE_CURVE('',#159,#163,#1809,.T.);
#1807=EDGE_CURVE('',#163,#161,#1810,.T.);
#1808=LINE('',#160,#1811);
#1809=LINE('',#158,#1812);
#1810=LINE('',#162,#1813);
#1811=VECTOR('',#1814,1.0);
#1812=VECTOR('',#1815,1.0);
#1813=VECTOR('',#1816,1.0);
#1814=DIRECTION('',(0.13130322566193883,-0.05438913906541124,0.989849122079973));
#1815=DIRECTION('',(-0.9238756461902449,0.38269281463931043,0));
#1816=DIRECTION('',(0,0,-1));
#1817=FACE_SURFACE('',(#1822),#1818,.T.);
#1818=PLANE('',#1819);
#1819=AXIS2_PLACEMENT_3D('',#160,#1820,#1821);
#1820=DIRECTION('',(-0.13051957276588602,-0.9914457328190034,0));
#1821=DIRECTION('',(0,0,1));
#1822=FACE_BOUND('',#1823,.T.);
#1823=EDGE_LOOP('',(#1824,#1825,#1826));
#1824=ORIENTED_EDGE('',*,*,#1827,.T.);
#1825=ORIENTED_EDGE('',*,*,#1828,.T.);
#1826=ORIENTED_EDGE('',*,*,#1829,.T.);
#1827=EDGE_CURVE('',#161,#163,#1830,.F.);
#1828=EDGE_CURVE('',#163,#165,#1831,.T.);
#1829=EDGE_CURVE('',#165,#161,#1832,.T.);
#1830=LINE('',#160,#1833);
#1831=LINE('',#162,#1834);
#1832=LINE('',#164,#1835);
#1833=VECTOR('',#1836,1.0);
#1834=VECTOR('',#1837,1.0);
#1835=VECTOR('',#1838,1.0);
#1836=DIRECTION('',(0,0,1));
#1837=DIRECTION('',(-0.14090924721213371,0.018550097232853602,-0.9898487146745009));
#1838=DIRECTION('',(0.9914457328190034,-0.13051957276588602,0));
#1839=FACE_SURFACE('',(#1844),#1840,.T.);
#1840=PLANE('',#1841);
#1841=AXIS2_PLACEMENT_3D('',#164,#1842,#1843);
#1842=DIRECTION('',(-0.13051957276588602,-0.9914457328190034,0));
#1843=DIRECTION('',(0.14090924721213371,-0.018550097232853602,0.9898487146745009));
#1844=FACE_BOUND('',#1845,.T.);
#1845=EDGE_LOOP('',(#1846,#1847,#1848));
#1846=ORIENTED_EDGE('',*,*,#1849,.T.);
#1847=ORIENTED_EDGE('',*,*,#1850,.T.);
#1848=ORIENTED_EDGE('',*,*,#1851,.T.);
#1849=EDGE_CURVE('',#165,#163,#1852,.F.);
#1850=EDGE_CURVE('',#163,#167,#1853,.T.);
#1851=EDGE_CURVE('',#167,#165,#1854,.T.);
#1852=LINE('',#164,#1855);
#1853=LINE('',#162,#1856);
#1854=LINE('',#166,#1857);
#1855=VECTOR('',#1858,1.0);
#1856=VECTOR('',#1859,1.0);
#1857=VECTOR('',#1860,1.0);
#1858=DIRECTION('',(0.14090924721213371,-0.018550097232853602,0.9898487146745009));
#1859=DIRECTION('',(-0.9914457328190034,0.13051957276588602,0));
#1860=DIRECTION('',(0,0,-1));
#1861=FACE_SURFACE('',(#1866),#1862,.T.);
#1862=PLANE('',#1863);
#1863=AXIS2_PLACEMENT_3D('',#164,#1864,#1865);
#1864=DIRECTION('',(0.1305241568945123,-0.9914451293273757,0));
#1865=DIRECTION('',(0,0,1));
#1866=FACE_BOUND('',#1867,.T.);
#1867=EDGE_LOOP('',(#1868,#1869,#1870));
#1868=ORIENTED_EDGE('',*,*,#1871,.T.);
#1869=ORIENTED_EDGE('',*,*,#1872,.T.);
#1870=ORIENTED_EDGE('',*,*,#1873,.T.);
#1871=EDGE_CURVE('',#165,#167,#1874,.F.);
#1872=EDGE_CURVE('',#167,#169,#1875,.T.);
#1873=EDGE_CURVE('',#169,#165,#1876,.T.);
#1874=LINE('',#164,#1877);
#1875=LINE('',#166,#1878);
#1876=LINE('',#168,#1879);
#1877=VECTOR('',#1880,1.0);
#1878=VECTOR('',#1881,1.0);
#1879=VECTOR('',#1882,1.0);
#1880=DIRECTION('',(0,0,1));
#1881=DIRECTION('',(-0.14090431254075791,-0.01855011039255449,-0.9898494168871549));
#1882=DIRECTION('',(0.9914451293273757,0.1305241568945123,0));
#1883=FACE_SURFACE('',(#1888),#1884,.T.);
#1884=PLANE('',#1885);
#1885=AXIS2_PLACEMENT_3D('',#168,#1886,#1887);
#1886=DIRECTION('',(0.1305241568945123,-0.9914451293273757,0));
#1887=DIRECTION('',(0.14090431254075791,0.01855011039255449,0.9898494168871549));
#1888=FACE_BOUND('',#1889,.T.);
#1889=EDGE_LOOP('',(#1890,#1891,#1892));
#1890=ORIENTED_EDGE('',*,*,#1893,.T.);
#1891=ORIENTED_EDGE('',*,*,#1894,.T.);
#1892=ORIENTED_EDGE('',*,*,#1895,.T.);
#1893=EDGE_CURVE('',#169,#167,#1896,.F.);
#1894=EDGE_CURVE('',#167,#171,#1897,.T.);
#1895=EDGE_CURVE('',#171,#169,#1898,.T.);
#1896=LINE('',#168,#1899);
#1897=LINE('',#166,#1900);
#1898=LINE('',#170,#1901);
#1899=VECTOR('',#1902,1.0);
#1900=VECTOR('',#1903,1.0);
#1901=VECTOR('',#1904,1.0);
#1902=DIRECTION('',(0.14090431254075791,0.01855011039255449,0.9898494168871549));
#1903=DIRECTION('',(-0.9914451293273757,-0.1305241568945123,0));
#1904=DIRECTION('',(0,0,-1));
#1905=FACE_SURFACE('',(#1910),#1906,.T.);
#1906=PLANE('',#1907);
#1907=AXIS2_PLACEMENT_3D('',#168,#1908,#1909);
#1908=DIRECTION('',(0.3826928146393104,-0.9238756461902449,0));
#1909=DIRECTION('',(0,0,1));
#1910=FACE_BOUND('',#1911,.T.);
#1911=EDGE_LOOP('',(#1912,#1913,#1914));
#1912=ORIENTED_EDGE('',*,*,#1915,.T.);
#1913=ORIENTED_EDGE('',*,*,#1916,.T.);
#1914=ORIENTED_EDGE('',*,*,#1917,.T.);
#1915=EDGE_CURVE('',#169,#171,#1918,.F.);
#1916=EDGE_CURVE('',#171,#173,#1919,.T.);
#1917=EDGE_CURVE('',#173,#169,#1920,.T.);
#1918=LINE('',#168,#1921);
#1919=LINE('',#170,#1922);
#1920=LINE('',#172,#1923);
#1921=VECTOR('',#1924,1.0);
#1922=VECTOR('',#1925,1.0);
#1923=VECTOR('',#1926,1.0);
#1924=DIRECTION('',(0,0,1));
#1925=DIRECTION('',(-0.13130322566193883,-0.05438913906541124,-0.989849122079973));
#1926=DIRECTION('',(0.9238756461902449,0.38269281463931043,0));
#1927=FACE_SURFACE('',(#1932),#1928,.T.);
#1928=PLANE('',#1929);
#1929=AXIS2_PLACEMENT_3D('',#172,#1930,#1931);
#1930=DIRECTION('',(0.3826928146393104,-0.9238756461902449,0));
#1931=DIRECTION('',(0.13130322566193883,0.05438913906541124,0.989849122079973));
#1932=FACE_BOUND('',#1933,.T.);
#1933=EDGE_LOOP('',(#1934,#1935,#1936));
#1934=ORIENTED_EDGE('',*,*,#1937,.T.);
#1935=ORIENTED_EDGE('',*,*,#1938,.T.);
#1936=ORIENTED_EDGE('',*,*,#1939,.T.);
#1937=EDGE_CURVE('',#173,#171,#1940,.F.);
#1938=EDGE_CURVE('',#171,#175,#1941,.T.);
#1939=EDGE_CURVE('',#175,#173,#1942,.T.);
#1940=LINE('',#172,#1943);
#1941=LINE('',#170,#1944);
#1942=LINE('',#174,#1945);
#1943=VECTOR('',#1946,1.0);
#1944=VECTOR('',#1947,1.0);
#1945=VECTOR('',#1948,1.0);
#1946=DIRECTION('',(0.13130322566193883,0.05438913906541124,0.989849122079973));
#1947=DIRECTION('',(-0.9238756461902449,-0.38269281463931043,0));
#1948=DIRECTION('',(0,0,-1));
#1949=FACE_SURFACE('',(#1954),#1950,.T.);
#1950=PLANE('',#1951);
#1951=AXIS2_PLACEMENT_3D('',#172,#1952,#1953);
#1952=DIRECTION('',(0.6087661582906917,-0.7933497113631494,0));
#1953=DIRECTION('',(0,0,1));
#1954=FACE_BOUND('',#1955,.T.);
#1955=EDGE_LOOP('',(#1956,#1957,#1958));
#1956=ORIENTED_EDGE('',*,*,#1959,.T.);
#1957=ORIENTED_EDGE('',*,*,#1960,.T.);
#1958=ORIENTED_EDGE('',*,*,#1961,.T.);
#1959=EDGE_CURVE('',#173,#175,#1962,.F.);
#1960=EDGE_CURVE('',#175,#177,#1963,.T.);
#1961=EDGE_CURVE('',#177,#173,#1964,.T.);
#1962=LINE('',#172,#1965);
#1963=LINE('',#174,#1966);
#1964=LINE('',#176,#1967);
#1965=VECTOR('',#1968,1.0);
#1966=VECTOR('',#1969,1.0);
#1967=VECTOR('',#1970,1.0);
#1968=DIRECTION('',(0,0,1));
#1969=DIRECTION('',(-0.11275064369445117,-0.08651767968596992,-0.9898494751467228));
#1970=DIRECTION('',(0.7933497113631495,0.6087661582906917,0));
#1971=FACE_SURFACE('',(#1976),#1972,.T.);
#1972=PLANE('',#1973);
#1973=AXIS2_PLACEMENT_3D('',#176,#1974,#1975);
#1974=DIRECTION('',(0.6087661582906917,-0.7933497113631494,0));
#1975=DIRECTION('',(0.11275064369445117,0.08651767968596992,0.9898494751467228));
#1976=FACE_BOUND('',#1977,.T.);
#1977=EDGE_LOOP('',(#1978,#1979,#1980));
#1978=ORIENTED_EDGE('',*,*,#1981,.T.);
#1979=ORIENTED_EDGE('',*,*,#1982,.T.);
#1980=ORIENTED_EDGE('',*,*,#1983,.T.);
#1981=EDGE_CURVE('',#177,#175,#1984,.F.);
#1982=EDGE_CURVE('',#175,#179,#1985,.T.);
#1983=EDGE_CURVE('',#179,#177,#1986,.T.);
#1984=LINE('',#176,#1987);
#1985=LINE('',#174,#1988);
#1986=LINE('',#178,#1989);
#1987=VECTOR('',#1990,1.0);
#1988=VECTOR('',#1991,1.0);
#1989=VECTOR('',#1992,1.0);
#1990=DIRECTION('',(0.11275064369445117,0.08651767968596992,0.9898494751467228));
#1991=DIRECTION('',(-0.7933497113631495,-0.6087661582906917,0));
#1992=DIRECTION('',(0,0,-1));
#1993=FACE_SURFACE('',(#1998),#1994,.T.);
#1994=PLANE('',#1995);
#1995=AXIS2_PLACEMENT_3D('',#176,#1996,#1997);
#1996=DIRECTION('',(0.7933411567954215,-0.6087773065206215,0));
#1997=DIRECTION('',(0,0,1));
#1998=FACE_BOUND('',#1999,.T.);
#1999=EDGE_LOOP('',(#2000,#2001,#2002));
#2000=ORIENTED_EDGE('',*,*,#2003,.T.);
#2001=ORIENTED_EDGE('',*,*,#2004,.T.);
#2002=ORIENTED_EDGE('',*,*,#2005,.T.);
#2003=EDGE_CURVE('',#177,#179,#2006,.F.);
#2004=EDGE_CURVE('',#179,#181,#2007,.T.);
#2005=EDGE_CURVE('',#181,#177,#2008,.T.);
#2006=LINE('',#176,#2009);
#2007=LINE('',#178,#2010);
#2008=LINE('',#180,#2011);
#2009=VECTOR('',#2012,1.0);
#2010=VECTOR('',#2013,1.0);
#2011=VECTOR('',#2014,1.0);
#2012=DIRECTION('',(0,0,1));
#2013=DIRECTION('',(-0.08652017815959659,-0.11275061913786241,-0.9898492595619094));
#2014=DIRECTION('',(0.6087773065206213,0.7933411567954214,0));
#2015=FACE_SURFACE('',(#2020),#2016,.T.);
#2016=PLANE('',#2017);
#2017=AXIS2_PLACEMENT_3D('',#180,#2018,#2019);
#2018=DIRECTION('',(0.7933411567954215,-0.6087773065206215,0));
#2019=DIRECTION('',(0.08652017815959659,0.11275061913786241,0.9898492595619094));
#2020=FACE_BOUND('',#2021,.T.);
#2021=EDGE_LOOP('',(#2022,#2023,#2024));
#2022=ORIENTED_EDGE('',*,*,#2025,.T.);
#2023=ORIENTED_EDGE('',*,*,#2026,.T.);
#2024=ORIENTED_EDGE('',*,*,#2027,.T.);
#2025=EDGE_CURVE('',#181,#179,#2028,.F.);
#2026=EDGE_CURVE('',#179,#183,#2029,.T.);
#2027=EDGE_CURVE('',#183,#181,#2030,.T.);
#2028=LINE('',#180,#2031);
#2029=LINE('',#178,#2032);
#2030=LINE('',#182,#2033);
#2031=VECTOR('',#2034,1.0);
#2032=VECTOR('',#2035,1.0);
#2033=VECTOR('',#2036,1.0);
#2034=DIRECTION('',(0.08652017815959659,0.11275061913786241,0.9898492595619094));
#2035=DIRECTION('',(-0.6087773065206213,-0.7933411567954214,0));
#2036=DIRECTION('',(0,0,-1));
#2037=FACE_SURFACE('',(#2042),#2038,.T.);
#2038=PLANE('',#2039);
#2039=AXIS2_PLACEMENT_3D('',#180,#2040,#2041);
#2040=DIRECTION('',(0.9238881706352224,-0.38266257742337706,0));
#2041=DIRECTION('',(0,0,1));
#2042=FACE_BOUND('',#2043,.T.);
#2043=EDGE_LOOP('',(#2044,#2045,#2046));
#2044=ORIENTED_EDGE('',*,*,#2047,.T.);
#2045=ORIENTED_EDGE('',*,*,#2048,.T.);
#2046=ORIENTED_EDGE('',*,*,#2049,.T.);
#2047=EDGE_CURVE('',#181,#183,#2050,.F.);
#2048=EDGE_CURVE('',#183,#185,#2051,.T.);
#2049=EDGE_CURVE('',#185,#181,#2052,.T.);
#2050=LINE('',#180,#2053);
#2051=LINE('',#182,#2054);
#2052=LINE('',#184,#2055);
#2053=VECTOR('',#2056,1.0);
#2054=VECTOR('',#2057,1.0);
#2055=VECTOR('',#2058,1.0);
#2056=DIRECTION('',(0,0,1));
#2057=DIRECTION('',(-0.054384119323806164,-0.1313032616149662,-0.989849393117279));
#2058=DIRECTION('',(0.38266257742337706,0.9238881706352224,0));
#2059=FACE_SURFACE('',(#2064),#2060,.T.);
#2060=PLANE('',#2061);
#2061=AXIS2_PLACEMENT_3D('',#184,#2062,#2063);
#2062=DIRECTION('',(0.9238881706352224,-0.38266257742337706,0));
#2063=DIRECTION('',(0.054384119323806164,0.1313032616149662,0.989849393117279));
#2064=FACE_BOUND('',#2065,.T.);
#2065=EDGE_LOOP('',(#2066,#2067,#2068));
#2066=ORIENTED_EDGE('',*,*,#2069,.T.);
#2067=ORIENTED_EDGE('',*,*,#2070,.T.);
#2068=ORIENTED_EDGE('',*,*,#2071,.T.);
#2069=EDGE_CURVE('',#185,#183,#2072,.F.);
#2070=EDGE_CURVE('',#183,#187,#2073,.T.);
#2071=EDGE_CURVE('',#187,#185,#2074,.T.);
#2072=LINE('',#184,#2075);
#2073=LINE('',#182,#2076);
#2074=LINE('',#186,#2077);
#2075=VECTOR('',#2078,1.0);
#2076=VECTOR('',#2079,1.0);
#2077=VECTOR('',#2080,1.0);
#2078=DIRECTION('',(0.054384119323806164,0.1313032616149662,0.989849393117279));
#2079=DIRECTION('',(-0.38266257742337706,-0.9238881706352224,0));
#2080=DIRECTION('',(0,0,-1));
#2081=FACE_SURFACE('',(#2086),#2082,.T.);
#2082=PLANE('',#2083);
#2083=AXIS2_PLACEMENT_3D('',#184,#2084,#2085);
#2084=DIRECTION('',(0.9914431388692541,-0.13053927527407597,0));
#2085=DIRECTION('',(0,0,1));
#2086=FACE_BOUND('',#2087,.T.);
#2087=EDGE_LOOP('',(#2088,#2089,#2090));
#2088=ORIENTED_EDGE('',*,*,#2091,.T.);
#2089=ORIENTED_EDGE('',*,*,#2092,.T.);
#2090=ORIENTED_EDGE('',*,*,#2093,.T.);
#2091=EDGE_CURVE('',#185,#187,#2094,.F.);
#2092=EDGE_CURVE('',#187,#189,#2095,.T.);
#2093=EDGE_CURVE('',#189,#185,#2096,.T.);
#2094=LINE('',#184,#2097);
#2095=LINE('',#186,#2098);
#2096=LINE('',#188,#2099);
#2097=VECTOR('',#2100,1.0);
#2098=VECTOR('',#2101,1.0);
#2099=VECTOR('',#2102,1.0);
#2100=DIRECTION('',(0,0,1));
#2101=DIRECTION('',(-0.01855262026265826,-0.14090677329746215,-0.9898490195581785));
#2102=DIRECTION('',(0.13053927527407597,0.9914431388692541,0));
#2103=FACE_SURFACE('',(#2108),#2104,.T.);
#2104=PLANE('',#2105);
#2105=AXIS2_PLACEMENT_3D('',#188,#2106,#2107);
#2106=DIRECTION('',(0.9914431388692541,-0.13053927527407597,0));
#2107=DIRECTION('',(0.01855262026265826,0.14090677329746215,0.9898490195581785));
#2108=FACE_BOUND('',#2109,.T.);
#2109=EDGE_LOOP('',(#2110,#2111,#2112));
#2110=ORIENTED_EDGE('',*,*,#2113,.T.);
#2111=ORIENTED_EDGE('',*,*,#2114,.T.);
#2112=ORIENTED_EDGE('',*,*,#2115,.T.);
#2113=EDGE_CURVE('',#189,#187,#2116,.F.);
#2114=EDGE_CURVE('',#187,#191,#2117,.T.);
#2115=EDGE_CURVE('',#191,#189,#2118,.T.);
#2116=LINE('',#188,#2119);
#2117=LINE('',#186,#2120);
#2118=LINE('',#190,#2121);
#2119=VECTOR('',#2122,1.0);
#2120=VECTOR('',#2123,1.0);
#2121=VECTOR('',#2124,1.0);
#2122=DIRECTION('',(0.01855262026265826,0.14090677329746215,0.9898490195581785));
#2123=DIRECTION('',(-0.13053927527407597,-0.9914431388692541,0));
#2124=DIRECTION('',(0,0,-1));
#2125=FACE_SURFACE('',(#2130),#2126,.T.);
#2126=PLANE('',#2127);
#2127=AXIS2_PLACEMENT_3D('',#188,#2128,#2129);
#2128=DIRECTION('',(0.9914428370356817,0.13054156767343722,-0));
#2129=DIRECTION('',(0,0,1));
#2130=FACE_BOUND('',#2131,.T.);
#2131=EDGE_LOOP('',(#2132,#2133,#2134));
#2132=ORIENTED_EDGE('',*,*,#2135,.T.);
#2133=ORIENTED_EDGE('',*,*,#2136,.T.);
#2134=ORIENTED_EDGE('',*,*,#2137,.T.);
#2135=EDGE_CURVE('',#189,#191,#2138,.F.);
#2136=EDGE_CURVE('',#191,#193,#2139,.T.);
#2137=EDGE_CURVE('',#193,#189,#2140,.T.);
#2138=LINE('',#188,#2141);
#2139=LINE('',#190,#2142);
#2140=LINE('',#192,#2143);
#2141=VECTOR('',#2144,1.0);
#2142=VECTOR('',#2145,1.0);
#2143=VECTOR('',#2146,1.0);
#2144=DIRECTION('',(0,0,1));
#2145=DIRECTION('',(0.018552626843345407,-0.14090430596057202,-0.9898493706615068));
#2146=DIRECTION('',(-0.13054156767343722,0.9914428370356817,0));
#2147=FACE_SURFACE('',(#2152),#2148,.T.);
#2148=PLANE('',#2149);
#2149=AXIS2_PLACEMENT_3D('',#192,#2150,#2151);
#2150=DIRECTION('',(0.9914428370356817,0.13054156767343722,-0));
#2151=DIRECTION('',(-0.018552626843345407,0.14090430596057202,0.9898493706615068));
#2152=FACE_BOUND('',#2153,.T.);
#2153=EDGE_LOOP('',(#2154,#2155,#2156));
#2154=ORIENTED_EDGE('',*,*,#2157,.T.);
#2155=ORIENTED_EDGE('',*,*,#2158,.T.);
#2156=ORIENTED_EDGE('',*,*,#2159,.T.);
#2157=EDGE_CURVE('',#193,#191,#2160,.F.);
#2158=EDGE_CURVE('',#191,#195,#2161,.T.);
#2159=EDGE_CURVE('',#195,#193,#2162,.T.);
#2160=LINE('',#192,#2163);
#2161=LINE('',#190,#2164);
#2162=LINE('',#194,#2165);
#2163=VECTOR('',#2166,1.0);
#2164=VECTOR('',#2167,1.0);
#2165=VECTOR('',#2168,1.0);
#2166=DIRECTION('',(-0.018552626843345407,0.14090430596057202,0.9898493706615068));
#2167=DIRECTION('',(0.13054156767343722,-0.9914428370356817,0));
#2168=DIRECTION('',(0,0,-1));
#2169=FACE_SURFACE('',(#2174),#2170,.T.);
#2170=PLANE('',#2171);
#2171=AXIS2_PLACEMENT_3D('',#192,#2172,#2173);
#2172=DIRECTION('',(0.9238881706352224,0.38266257742337706,-0));
#2173=DIRECTION('',(0,0,1));
#2174=FACE_BOUND('',#2175,.T.);
#2175=EDGE_LOOP('',(#2176,#2177,#2178));
#2176=ORIENTED_EDGE('',*,*,#2179,.T.);
#2177=ORIENTED_EDGE('',*,*,#2180,.T.);
#2178=ORIENTED_EDGE('',*,*,#2181,.T.);
#2179=EDGE_CURVE('',#193,#195,#2182,.F.);
#2180=EDGE_CURVE('',#195,#197,#2183,.T.);
#2181=EDGE_CURVE('',#197,#193,#2184,.T.);
#2182=LINE('',#192,#2185);
#2183=LINE('',#194,#2186);
#2184=LINE('',#196,#2187);
#2185=VECTOR('',#2188,1.0);
#2186=VECTOR('',#2189,1.0);
#2187=VECTOR('',#2190,1.0);
#2188=DIRECTION('',(0,0,1));
#2189=DIRECTION('',(0.054384119323806164,-0.1313032616149662,-0.989849393117279));
#2190=DIRECTION('',(-0.38266257742337706,0.9238881706352224,0));
#2191=FACE_SURFACE('',(#2196),#2192,.T.);
#2192=PLANE('',#2193);
#2193=AXIS2_PLACEMENT_3D('',#196,#2194,#2195);
#2194=DIRECTION('',(0.9238881706352224,0.38266257742337706,-0));
#2195=DIRECTION('',(-0.054384119323806164,0.1313032616149662,0.989849393117279));
#2196=FACE_BOUND('',#2197,.T.);
#2197=EDGE_LOOP('',(#2198,#2199,#2200));
#2198=ORIENTED_EDGE('',*,*,#2201,.T.);
#2199=ORIENTED_EDGE('',*,*,#2202,.T.);
#2200=ORIENTED_EDGE('',*,*,#2203,.T.);
#2201=EDGE_CURVE('',#197,#195,#2204,.F.);
#2202=EDGE_CURVE('',#195,#199,#2205,.T.);
#2203=EDGE_CURVE('',#199,#197,#2206,.T.);
#2204=LINE('',#196,#2207);
#2205=LINE('',#194,#2208);
#2206=LINE('',#198,#2209);
#2207=VECTOR('',#2210,1.0);
#2208=VECTOR('',#2211,1.0);
#2209=VECTOR('',#2212,1.0);
#2210=DIRECTION('',(-0.054384119323806164,0.1313032616149662,0.989849393117279));
#2211=DIRECTION('',(0.38266257742337706,-0.9238881706352224,0));
#2212=DIRECTION('',(0,0,-1));
#2213=FACE_SURFACE('',(#2218),#2214,.T.);
#2214=PLANE('',#2215);
#2215=AXIS2_PLACEMENT_3D('',#196,#2216,#2217);
#2216=DIRECTION('',(0.7933477210690824,0.6087687520516255,-0));
#2217=DIRECTION('',(0,0,1));
#2218=FACE_BOUND('',#2219,.T.);
#2219=EDGE_LOOP('',(#2220,#2221,#2222));
#2220=ORIENTED_EDGE('',*,*,#2223,.T.);
#2221=ORIENTED_EDGE('',*,*,#2224,.T.);
#2222=ORIENTED_EDGE('',*,*,#2225,.T.);
#2223=EDGE_CURVE('',#197,#199,#2226,.F.);
#2224=EDGE_CURVE('',#199,#201,#2227,.T.);
#2225=EDGE_CURVE('',#201,#197,#2228,.T.);
#2226=LINE('',#196,#2229);
#2227=LINE('',#198,#2230);
#2228=LINE('',#200,#2231);
#2229=VECTOR('',#2232,1.0);
#2230=VECTOR('',#2233,1.0);
#2231=VECTOR('',#2234,1.0);
#2232=DIRECTION('',(0,0,1));
#2233=DIRECTION('',(0.08652015360239494,-0.11275310445169834,-0.9898489786109407));
#2234=DIRECTION('',(-0.6087687520516256,0.7933477210690824,0));
#2235=FACE_SURFACE('',(#2240),#2236,.T.);
#2236=PLANE('',#2237);
#2237=AXIS2_PLACEMENT_3D('',#200,#2238,#2239);
#2238=DIRECTION('',(0.7933477210690824,0.6087687520516255,-0));
#2239=DIRECTION('',(-0.08652015360239494,0.11275310445169834,0.9898489786109407));
#2240=FACE_BOUND('',#2241,.T.);
#2241=EDGE_LOOP('',(#2242,#2243,#2244));
#2242=ORIENTED_EDGE('',*,*,#2245,.T.);
#2243=ORIENTED_EDGE('',*,*,#2246,.T.);
#2244=ORIENTED_EDGE('',*,*,#2247,.T.);
#2245=EDGE_CURVE('',#201,#199,#2248,.F.);
#2246=EDGE_CURVE('',#199,#203,#2249,.T.);
#2247=EDGE_CURVE('',#203,#201,#2250,.T.);
#2248=LINE('',#200,#2251);
#2249=LINE('',#198,#2252);
#2250=LINE('',#202,#2253);
#2251=VECTOR('',#2254,1.0);
#2252=VECTOR('',#2255,1.0);
#2253=VECTOR('',#2256,1.0);
#2254=DIRECTION('',(-0.08652015360239494,0.11275310445169834,0.9898489786109407));
#2255=DIRECTION('',(0.6087687520516256,-0.7933477210690824,0));
#2256=DIRECTION('',(0,0,-1));
#2257=FACE_SURFACE('',(#2262),#2258,.T.);
#2258=PLANE('',#2259);
#2259=AXIS2_PLACEMENT_3D('',#200,#2260,#2261);
#2260=DIRECTION('',(0.6087661582906917,0.7933497113631494,-0));
#2261=DIRECTION('',(0,0,1));
#2262=FACE_BOUND('',#2263,.T.);
#2263=EDGE_LOOP('',(#2264,#2265,#2266));
#2264=ORIENTED_EDGE('',*,*,#2267,.T.);
#2265=ORIENTED_EDGE('',*,*,#2268,.T.);
#2266=ORIENTED_EDGE('',*,*,#2269,.T.);
#2267=EDGE_CURVE('',#201,#203,#2270,.F.);
#2268=EDGE_CURVE('',#203,#205,#2271,.T.);
#2269=EDGE_CURVE('',#205,#201,#2272,.T.);
#2270=LINE('',#200,#2273);
#2271=LINE('',#202,#2274);
#2272=LINE('',#204,#2275);
#2273=VECTOR('',#2276,1.0);
#2274=VECTOR('',#2277,1.0);
#2275=VECTOR('',#2278,1.0);
#2276=DIRECTION('',(0,0,1));
#2277=DIRECTION('',(0.11275064369445117,-0.08651767968596992,-0.9898494751467228));
#2278=DIRECTION('',(-0.7933497113631495,0.6087661582906917,0));
#2279=FACE_SURFACE('',(#2284),#2280,.T.);
#2280=PLANE('',#2281);
#2281=AXIS2_PLACEMENT_3D('',#204,#2282,#2283);
#2282=DIRECTION('',(0.6087661582906917,0.7933497113631494,-0));
#2283=DIRECTION('',(-0.11275064369445117,0.08651767968596992,0.9898494751467228));
#2284=FACE_BOUND('',#2285,.T.);
#2285=EDGE_LOOP('',(#2286,#2287,#2288));
#2286=ORIENTED_EDGE('',*,*,#2289,.T.);
#2287=ORIENTED_EDGE('',*,*,#2290,.T.);
#2288=ORIENTED_EDGE('',*,*,#2291,.T.);
#2289=EDGE_CURVE('',#205,#203,#2292,.F.);
#2290=EDGE_CURVE('',#203,#207,#2293,.T.);
#2291=EDGE_CURVE('',#207,#205,#2294,.T.);
#2292=LINE('',#204,#2295);
#2293=LINE('',#202,#2296);
#2294=LINE('',#206,#2297);
#2295=VECTOR('',#2298,1.0);
#2296=VECTOR('',#2299,1.0);
#2297=VECTOR('',#2300,1.0);
#2298=DIRECTION('',(-0.11275064369445117,0.08651767968596992,0.9898494751467228));
#2299=DIRECTION('',(0.7933497113631495,-0.6087661582906917,0));
#2300=DIRECTION('',(0,0,-1));
#2301=FACE_SURFACE('',(#2306),#2302,.T.);
#2302=PLANE('',#2303);
#2303=AXIS2_PLACEMENT_3D('',#204,#2304,#2305);
#2304=DIRECTION('',(0.3826776961850583,0.9238819084939894,-0));
#2305=DIRECTION('',(0,0,1));
#2306=FACE_BOUND('',#2307,.T.);
#2307=EDGE_LOOP('',(#2308,#2309,#2310));
#2308=ORIENTED_EDGE('',*,*,#2311,.T.);
#2309=ORIENTED_EDGE('',*,*,#2312,.T.);
#2310=ORIENTED_EDGE('',*,*,#2313,.T.);
#2311=EDGE_CURVE('',#205,#207,#2314,.F.);
#2312=EDGE_CURVE('',#207,#209,#2315,.T.);
#2313=EDGE_CURVE('',#209,#205,#2316,.T.);
#2314=LINE('',#204,#2317);
#2315=LINE('',#206,#2318);
#2316=LINE('',#208,#2319);
#2317=VECTOR('',#2320,1.0);
#2318=VECTOR('',#2321,1.0);
#2319=VECTOR('',#2322,1.0);
#2320=DIRECTION('',(0,0,1));
#2321=DIRECTION('',(0.13130324363886486,-0.05438662919512414,-0.9898492576017346));
#2322=DIRECTION('',(-0.9238819084939894,0.3826776961850583,0));
#2323=FACE_SURFACE('',(#2328),#2324,.T.);
#2324=PLANE('',#2325);
#2325=AXIS2_PLACEMENT_3D('',#208,#2326,#2327);
#2326=DIRECTION('',(0.3826776961850583,0.9238819084939894,-0));
#2327=DIRECTION('',(-0.13130324363886486,0.05438662919512414,0.9898492576017346));
#2328=FACE_BOUND('',#2329,.T.);
#2329=EDGE_LOOP('',(#2330,#2331,#2332));
#2330=ORIENTED_EDGE('',*,*,#2333,.T.);
#2331=ORIENTED_EDGE('',*,*,#2334,.T.);
#2332=ORIENTED_EDGE('',*,*,#2335,.T.);
#2333=EDGE_CURVE('',#209,#207,#2336,.F.);
#2334=EDGE_CURVE('',#207,#211,#2337,.T.);
#2335=EDGE_CURVE('',#211,#209,#2338,.T.);
#2336=LINE('',#208,#2339);
#2337=LINE('',#206,#2340);
#2338=LINE('',#210,#2341);
#2339=VECTOR('',#2342,1.0);
#2340=VECTOR('',#2343,1.0);
#2341=VECTOR('',#2344,1.0);
#2342=DIRECTION('',(-0.13130324363886486,0.05438662919512414,0.9898492576017346));
#2343=DIRECTION('',(0.9238819084939894,-0.3826776961850583,0));
#2344=DIRECTION('',(0,0,-1));
#2345=FACE_SURFACE('',(#2350),#2346,.T.);
#2346=PLANE('',#2347);
#2347=AXIS2_PLACEMENT_3D('',#208,#2348,#2349);
#2348=DIRECTION('',(0.13054156767343722,0.9914428370356817,-0));
#2349=DIRECTION('',(0,0,1));
#2350=FACE_BOUND('',#2351,.T.);
#2351=EDGE_LOOP('',(#2352,#2353,#2354));
#2352=ORIENTED_EDGE('',*,*,#2355,.T.);
#2353=ORIENTED_EDGE('',*,*,#2356,.T.);
#2354=ORIENTED_EDGE('',*,*,#2357,.T.);
#2355=EDGE_CURVE('',#209,#211,#2358,.F.);
#2356=EDGE_CURVE('',#211,#213,#2359,.T.);
#2357=EDGE_CURVE('',#213,#209,#2360,.T.);
#2358=LINE('',#208,#2361);
#2359=LINE('',#210,#2362);
#2360=LINE('',#212,#2363);
#2361=VECTOR('',#2364,1.0);
#2362=VECTOR('',#2365,1.0);
#2363=VECTOR('',#2366,1.0);
#2364=DIRECTION('',(0,0,1));
#2365=DIRECTION('',(0.14090430596057202,-0.018552626843345407,-0.9898493706615068));
#2366=DIRECTION('',(-0.9914428370356817,0.13054156767343722,0));
#2367=FACE_SURFACE('',(#2372),#2368,.T.);
#2368=PLANE('',#2369);
#2369=AXIS2_PLACEMENT_3D('',#212,#2370,#2371);
#2370=DIRECTION('',(0.13054156767343722,0.9914428370356817,-0));
#2371=DIRECTION('',(-0.14090430596057202,0.018552626843345407,0.9898493706615068));
#2372=FACE_BOUND('',#2373,.T.);
#2373=EDGE_LOOP('',(#2374,#2375,#2376));
#2374=ORIENTED_EDGE('',*,*,#2377,.T.);
#2375=ORIENTED_EDGE('',*,*,#2378,.T.);
#2376=ORIENTED_EDGE('',*,*,#2379,.T.);
#2377=EDGE_CURVE('',#213,#211,#2380,.F.);
#2378=EDGE_CURVE('',#211,#215,#2381,.T.);
#2379=EDGE_CURVE('',#215,#213,#2382,.T.);
#2380=LINE('',#212,#2383);
#2381=LINE('',#210,#2384);
#2382=LINE('',#214,#2385);
#2383=VECTOR('',#2386,1.0);
#2384=VECTOR('',#2387,1.0);
#2385=VECTOR('',#2388,1.0);
#2386=DIRECTION('',(-0.14090430596057202,0.018552626843345407,0.9898493706615068));
#2387=DIRECTION('',(0.9914428370356817,-0.13054156767343722,0));
#2388=DIRECTION('',(0,0,-1));
#2389=FACE_SURFACE('',(#2394),#2390,.T.);
#2390=PLANE('',#2391);
#2391=AXIS2_PLACEMENT_3D('',#212,#2392,#2393);
#2392=DIRECTION('',(-0.13053698295452767,0.9914434406869256,0));
#2393=DIRECTION('',(0,0,1));
#2394=FACE_BOUND('',#2395,.T.);
#2395=EDGE_LOOP('',(#2396,#2397,#2398));
#2396=ORIENTED_EDGE('',*,*,#2399,.T.);
#2397=ORIENTED_EDGE('',*,*,#2400,.T.);
#2398=ORIENTED_EDGE('',*,*,#2401,.T.);
#2399=EDGE_CURVE('',#213,#215,#2402,.F.);
#2400=EDGE_CURVE('',#215,#217,#2403,.T.);
#2401=EDGE_CURVE('',#217,#213,#2404,.T.);
#2402=LINE('',#212,#2405);
#2403=LINE('',#214,#2406);
#2404=LINE('',#216,#2407);
#2405=VECTOR('',#2408,1.0);
#2406=VECTOR('',#2409,1.0);
#2407=VECTOR('',#2410,1.0);
#2408=DIRECTION('',(0,0,1));
#2409=DIRECTION('',(0.14090924063172672,0.018552613681860546,-0.9898486684489513));
#2410=DIRECTION('',(-0.9914434406869257,-0.1305369829545277,0));
#2411=FACE_SURFACE('',(#2416),#2412,.T.);
#2412=PLANE('',#2413);
#2413=AXIS2_PLACEMENT_3D('',#216,#2414,#2415);
#2414=DIRECTION('',(-0.13053698295452767,0.9914434406869256,0));
#2415=DIRECTION('',(-0.14090924063172672,-0.018552613681860546,0.9898486684489513));
#2416=FACE_BOUND('',#2417,.T.);
#2417=EDGE_LOOP('',(#2418,#2419,#2420));
#2418=ORIENTED_EDGE('',*,*,#2421,.T.);
#2419=ORIENTED_EDGE('',*,*,#2422,.T.);
#2420=ORIENTED_EDGE('',*,*,#2423,.T.);
#2421=EDGE_CURVE('',#217,#215,#2424,.F.);
#2422=EDGE_CURVE('',#215,#219,#2425,.T.);
#2423=EDGE_CURVE('',#219,#217,#2426,.T.);
#2424=LINE('',#216,#2427);
#2425=LINE('',#214,#2428);
#2426=LINE('',#218,#2429);
#2427=VECTOR('',#2430,1.0);
#2428=VECTOR('',#2431,1.0);
#2429=VECTOR('',#2432,1.0);
#2430=DIRECTION('',(-0.14090924063172672,-0.018552613681860546,0.9898486684489513));
#2431=DIRECTION('',(0.9914434406869257,0.1305369829545277,0));
#2432=DIRECTION('',(0,0,-1));
#2433=FACE_SURFACE('',(#2438),#2434,.T.);
#2434=PLANE('',#2435);
#2435=AXIS2_PLACEMENT_3D('',#216,#2436,#2437);
#2436=DIRECTION('',(-0.3826776961850583,0.9238819084939894,0));
#2437=DIRECTION('',(0,0,1));
#2438=FACE_BOUND('',#2439,.T.);
#2439=EDGE_LOOP('',(#2440,#2441,#2442));
#2440=ORIENTED_EDGE('',*,*,#2443,.T.);
#2441=ORIENTED_EDGE('',*,*,#2444,.T.);
#2442=ORIENTED_EDGE('',*,*,#2445,.T.);
#2443=EDGE_CURVE('',#217,#219,#2446,.F.);
#2444=EDGE_CURVE('',#219,#221,#2447,.T.);
#2445=EDGE_CURVE('',#221,#217,#2448,.T.);
#2446=LINE('',#216,#2449);
#2447=LINE('',#218,#2450);
#2448=LINE('',#220,#2451);
#2449=VECTOR('',#2452,1.0);
#2450=VECTOR('',#2453,1.0);
#2451=VECTOR('',#2454,1.0);
#2452=DIRECTION('',(0,0,1));
#2453=DIRECTION('',(0.13130324363886486,0.05438662919512414,-0.9898492576017346));
#2454=DIRECTION('',(-0.9238819084939894,-0.3826776961850583,0));
#2455=FACE_SURFACE('',(#2460),#2456,.T.);
#2456=PLANE('',#2457);
#2457=AXIS2_PLACEMENT_3D('',#220,#2458,#2459);
#2458=DIRECTION('',(-0.3826776961850583,0.9238819084939894,0));
#2459=DIRECTION('',(-0.13130324363886486,-0.05438662919512414,0.9898492576017346));
#2460=FACE_BOUND('',#2461,.T.);
#2461=EDGE_LOOP('',(#2462,#2463,#2464));
#2462=ORIENTED_EDGE('',*,*,#2465,.T.);
#2463=ORIENTED_EDGE('',*,*,#2466,.T.);
#2464=ORIENTED_EDGE('',*,*,#2467,.T.);
#2465=EDGE_CURVE('',#221,#219,#2468,.F.);
#2466=EDGE_CURVE('',#219,#223,#2469,.T.);
#2467=EDGE_CURVE('',#223,#221,#2470,.T.);
#2468=LINE('',#220,#2471);
#2469=LINE('',#218,#2472);
#2470=LINE('',#222,#2473);
#2471=VECTOR('',#2474,1.0);
#2472=VECTOR('',#2475,1.0);
#2473=VECTOR('',#2476,1.0);
#2474=DIRECTION('',(-0.13130324363886486,-0.05438662919512414,0.9898492576017346));
#2475=DIRECTION('',(0.9238819084939894,0.3826776961850583,0));
#2476=DIRECTION('',(0,0,-1));
#2477=FACE_SURFACE('',(#2482),#2478,.T.);
#2478=PLANE('',#2479);
#2479=AXIS2_PLACEMENT_3D('',#220,#2480,#2481);
#2480=DIRECTION('',(-0.6087661582906917,0.7933497113631494,0));
#2481=DIRECTION('',(0,0,1));
#2482=FACE_BOUND('',#2483,.T.);
#2483=EDGE_LOOP('',(#2484,#2485,#2486));
#2484=ORIENTED_EDGE('',*,*,#2487,.T.);
#2485=ORIENTED_EDGE('',*,*,#2488,.T.);
#2486=ORIENTED_EDGE('',*,*,#2489,.T.);
#2487=EDGE_CURVE('',#221,#223,#2490,.F.);
#2488=EDGE_CURVE('',#223,#225,#2491,.T.);
#2489=EDGE_CURVE('',#225,#221,#2492,.T.);
#2490=LINE('',#220,#2493);
#2491=LINE('',#222,#2494);
#2492=LINE('',#224,#2495);
#2493=VECTOR('',#2496,1.0);
#2494=VECTOR('',#2497,1.0);
#2495=VECTOR('',#2498,1.0);
#2496=DIRECTION('',(0,0,1));
#2497=DIRECTION('',(0.11275064369445117,0.08651767968596992,-0.9898494751467228));
#2498=DIRECTION('',(-0.7933497113631495,-0.6087661582906917,0));
#2499=FACE_SURFACE('',(#2504),#2500,.T.);
#2500=PLANE('',#2501);
#2501=AXIS2_PLACEMENT_3D('',#224,#2502,#2503);
#2502=DIRECTION('',(-0.6087661582906917,0.7933497113631494,0));
#2503=DIRECTION('',(-0.11275064369445117,-0.08651767968596992,0.9898494751467228));
#2504=FACE_BOUND('',#2505,.T.);
#2505=EDGE_LOOP('',(#2506,#2507,#2508));
#2506=ORIENTED_EDGE('',*,*,#2509,.T.);
#2507=ORIENTED_EDGE('',*,*,#2510,.T.);
#2508=ORIENTED_EDGE('',*,*,#2511,.T.);
#2509=EDGE_CURVE('',#225,#223,#2512,.F.);
#2510=EDGE_CURVE('',#223,#227,#2513,.T.);
#2511=EDGE_CURVE('',#227,#225,#2514,.T.);
#2512=LINE('',#224,#2515);
#2513=LINE('',#222,#2516);
#2514=LINE('',#226,#2517);
#2515=VECTOR('',#2518,1.0);
#2516=VECTOR('',#2519,1.0);
#2517=VECTOR('',#2520,1.0);
#2518=DIRECTION('',(-0.11275064369445117,-0.08651767968596992,0.9898494751467228));
#2519=DIRECTION('',(0.7933497113631495,0.6087661582906917,0));
#2520=DIRECTION('',(0,0,-1));
#2521=FACE_SURFACE('',(#2526),#2522,.T.);
#2522=PLANE('',#2523);
#2523=AXIS2_PLACEMENT_3D('',#224,#2524,#2525);
#2524=DIRECTION('',(-0.7933477210690824,0.6087687520516255,0));
#2525=DIRECTION('',(0,0,1));
#2526=FACE_BOUND('',#2527,.T.);
#2527=EDGE_LOOP('',(#2528,#2529,#2530));
#2528=ORIENTED_EDGE('',*,*,#2531,.T.);
#2529=ORIENTED_EDGE('',*,*,#2532,.T.);
#2530=ORIENTED_EDGE('',*,*,#2533,.T.);
#2531=EDGE_CURVE('',#225,#227,#2534,.F.);
#2532=EDGE_CURVE('',#227,#229,#2535,.T.);
#2533=EDGE_CURVE('',#229,#225,#2536,.T.);
#2534=LINE('',#224,#2537);
#2535=LINE('',#226,#2538);
#2536=LINE('',#228,#2539);
#2537=VECTOR('',#2540,1.0);
#2538=VECTOR('',#2541,1.0);
#2539=VECTOR('',#2542,1.0);
#2540=DIRECTION('',(0,0,1));
#2541=DIRECTION('',(0.08652015360239494,0.11275310445169834,-0.9898489786109407));
#2542=DIRECTION('',(-0.6087687520516256,-0.7933477210690824,0));
#2543=FACE_SURFACE('',(#2548),#2544,.T.);
#2544=PLANE('',#2545);
#2545=AXIS2_PLACEMENT_3D('',#228,#2546,#2547);
#2546=DIRECTION('',(-0.7933477210690824,0.6087687520516255,0));
#2547=DIRECTION('',(-0.08652015360239494,-0.11275310445169834,0.9898489786109407));
#2548=FACE_BOUND('',#2549,.T.);
#2549=EDGE_LOOP('',(#2550,#2551,#2552));
#2550=ORIENTED_EDGE('',*,*,#2553,.T.);
#2551=ORIENTED_EDGE('',*,*,#2554,.T.);
#2552=ORIENTED_EDGE('',*,*,#2555,.T.);
#2553=EDGE_CURVE('',#229,#227,#2556,.F.);
#2554=EDGE_CURVE('',#227,#231,#2557,.T.);
#2555=EDGE_CURVE('',#231,#229,#2558,.T.);
#2556=LINE('',#228,#2559);
#2557=LINE('',#226,#2560);
#2558=LINE('',#230,#2561);
#2559=VECTOR('',#2562,1.0);
#2560=VECTOR('',#2563,1.0);
#2561=VECTOR('',#2564,1.0);
#2562=DIRECTION('',(-0.08652015360239494,-0.11275310445169834,0.9898489786109407));
#2563=DIRECTION('',(0.6087687520516256,0.7933477210690824,0));
#2564=DIRECTION('',(0,0,-1));
#2565=FACE_SURFACE('',(#2570),#2566,.T.);
#2566=PLANE('',#2567);
#2567=AXIS2_PLACEMENT_3D('',#228,#2568,#2569);
#2568=DIRECTION('',(-0.9238881706352224,0.38266257742337706,0));
#2569=DIRECTION('',(0,0,1));
#2570=FACE_BOUND('',#2571,.T.);
#2571=EDGE_LOOP('',(#2572,#2573,#2574));
#2572=ORIENTED_EDGE('',*,*,#2575,.T.);
#2573=ORIENTED_EDGE('',*,*,#2576,.T.);
#2574=ORIENTED_EDGE('',*,*,#2577,.T.);
#2575=EDGE_CURVE('',#229,#231,#2578,.F.);
#2576=EDGE_CURVE('',#231,#137,#2579,.T.);
#2577=EDGE_CURVE('',#137,#229,#2580,.T.);
#2578=LINE('',#228,#2581);
#2579=LINE('',#230,#2582);
#2580=LINE('',#136,#2583);
#2581=VECTOR('',#2584,1.0);
#2582=VECTOR('',#2585,1.0);
#2583=VECTOR('',#2586,1.0);
#2584=DIRECTION('',(0,0,1));
#2585=DIRECTION('',(0.054384119323806164,0.1313032616149662,-0.989849393117279));
#2586=DIRECTION('',(-0.38266257742337706,-0.9238881706352224,0));
#2587=FACE_SURFACE('',(#2592),#2588,.T.);
#2588=PLANE('',#2589);
#2589=AXIS2_PLACEMENT_3D('',#136,#2590,#2591);
#2590=DIRECTION('',(-0.9238881706352224,0.38266257742337706,0));
#2591=DIRECTION('',(-0.054384119323806164,-0.1313032616149662,0.989849393117279));
#2592=FACE_BOUND('',#2593,.T.);
#2593=EDGE_LOOP('',(#2594,#2595,#2596));
#2594=ORIENTED_EDGE('',*,*,#2597,.T.);
#2595=ORIENTED_EDGE('',*,*,#2598,.T.);
#2596=ORIENTED_EDGE('',*,*,#2599,.T.);
#2597=EDGE_CURVE('',#137,#231,#2600,.F.);
#2598=EDGE_CURVE('',#231,#139,#2601,.T.);
#2599=EDGE_CURVE('',#139,#137,#2602,.T.);
#2600=LINE('',#136,#2603);
#2601=LINE('',#230,#2604);
#2602=LINE('',#138,#2605);
#2603=VECTOR('',#2606,1.0);
#2604=VECTOR('',#2607,1.0);
#2605=VECTOR('',#2608,1.0);
#2606=DIRECTION('',(-0.054384119323806164,-0.1313032616149662,0.989849393117279));
#2607=DIRECTION('',(0.38266257742337706,0.9238881706352224,0));
#2608=DIRECTION('',(0,0,-1));
#2609=FACE_SURFACE('',(#2614),#2610,.T.);
#2610=PLANE('',#2611);
#2611=AXIS2_PLACEMENT_3D('',#232,#2612,#2613);
#2612=DIRECTION('',(-0.9914439832184226,0.13053286229907038,0));
#2613=DIRECTION('',(0,0,1));
#2614=FACE_BOUND('',#2615,.T.);
#2615=EDGE_LOOP('',(#2616,#2617,#2618));
#2616=ORIENTED_EDGE('',*,*,#2619,.T.);
#2617=ORIENTED_EDGE('',*,*,#2620,.T.);
#2618=ORIENTED_EDGE('',*,*,#2621,.T.);
#2619=EDGE_CURVE('',#233,#235,#2622,.F.);
#2620=EDGE_CURVE('',#235,#237,#2623,.T.);
#2621=EDGE_CURVE('',#237,#233,#2624,.T.);
#2622=LINE('',#232,#2625);
#2623=LINE('',#234,#2626);
#2624=LINE('',#236,#2627);
#2625=VECTOR('',#2628,1.0);
#2626=VECTOR('',#2629,1.0);
#2627=VECTOR('',#2630,1.0);
#2628=DIRECTION('',(0,0,1));
#2629=DIRECTION('',(0.01855136861799402,0.14090430925077646,-0.989849393775114));
#2630=DIRECTION('',(-0.13053286229907038,-0.9914439832184226,0));
#2631=FACE_SURFACE('',(#2636),#2632,.T.);
#2632=PLANE('',#2633);
#2633=AXIS2_PLACEMENT_3D('',#236,#2634,#2635);
#2634=DIRECTION('',(-0.9914439832184226,0.13053286229907038,0));
#2635=DIRECTION('',(-0.01855136861799402,-0.14090430925077646,0.989849393775114));
#2636=FACE_BOUND('',#2637,.T.);
#2637=EDGE_LOOP('',(#2638,#2639,#2640));
#2638=ORIENTED_EDGE('',*,*,#2641,.T.);
#2639=ORIENTED_EDGE('',*,*,#2642,.T.);
#2640=ORIENTED_EDGE('',*,*,#2643,.T.);
#2641=EDGE_CURVE('',#237,#235,#2644,.F.);
#2642=EDGE_CURVE('',#235,#239,#2645,.T.);
#2643=EDGE_CURVE('',#239,#237,#2646,.T.);
#2644=LINE('',#236,#2647);
#2645=LINE('',#234,#2648);
#2646=LINE('',#238,#2649);
#2647=VECTOR('',#2650,1.0);
#2648=VECTOR('',#2651,1.0);
#2649=VECTOR('',#2652,1.0);
#2650=DIRECTION('',(-0.01855136861799402,-0.14090430925077646,0.989849393775114));
#2651=DIRECTION('',(0.13053286229907038,0.9914439832184226,0));
#2652=DIRECTION('',(0,0,-1));
#2653=FACE_SURFACE('',(#2658),#2654,.T.);
#2654=PLANE('',#2655);
#2655=AXIS2_PLACEMENT_3D('',#236,#2656,#2657);
#2656=DIRECTION('',(-0.9914442850120886,-0.13053057004728158,0));
#2657=DIRECTION('',(0,0,1));
#2658=FACE_BOUND('',#2659,.T.);
#2659=EDGE_LOOP('',(#2660,#2661,#2662));
#2660=ORIENTED_EDGE('',*,*,#2663,.T.);
#2661=ORIENTED_EDGE('',*,*,#2664,.T.);
#2662=ORIENTED_EDGE('',*,*,#2665,.T.);
#2663=EDGE_CURVE('',#237,#239,#2666,.F.);
#2664=EDGE_CURVE('',#239,#241,#2667,.T.);
#2665=EDGE_CURVE('',#241,#237,#2668,.T.);
#2666=LINE('',#236,#2669);
#2667=LINE('',#238,#2670);
#2668=LINE('',#240,#2671);
#2669=VECTOR('',#2672,1.0);
#2670=VECTOR('',#2673,1.0);
#2671=VECTOR('',#2674,1.0);
#2672=DIRECTION('',(0,0,1));
#2673=DIRECTION('',(-0.018551362037752858,0.14090677658772185,-0.9898490426717611));
#2674=DIRECTION('',(0.1305305700472816,-0.9914442850120887,0));
#2675=FACE_SURFACE('',(#2680),#2676,.T.);
#2676=PLANE('',#2677);
#2677=AXIS2_PLACEMENT_3D('',#240,#2678,#2679);
#2678=DIRECTION('',(-0.9914442850120886,-0.13053057004728158,0));
#2679=DIRECTION('',(0.018551362037752858,-0.14090677658772185,0.9898490426717611));
#2680=FACE_BOUND('',#2681,.T.);
#2681=EDGE_LOOP('',(#2682,#2683,#2684));
#2682=ORIENTED_EDGE('',*,*,#2685,.T.);
#2683=ORIENTED_EDGE('',*,*,#2686,.T.);
#2684=ORIENTED_EDGE('',*,*,#2687,.T.);
#2685=EDGE_CURVE('',#241,#239,#2688,.F.);
#2686=EDGE_CURVE('',#239,#243,#2689,.T.);
#2687=EDGE_CURVE('',#243,#241,#2690,.T.);
#2688=LINE('',#240,#2691);
#2689=LINE('',#238,#2692);
#2690=LINE('',#242,#2693);
#2691=VECTOR('',#2694,1.0);
#2692=VECTOR('',#2695,1.0);
#2693=VECTOR('',#2696,1.0);
#2694=DIRECTION('',(0.018551362037752858,-0.14090677658772185,0.9898490426717611));
#2695=DIRECTION('',(-0.1305305700472816,0.9914442850120887,0));
#2696=DIRECTION('',(0,0,-1));
#2697=FACE_SURFACE('',(#2702),#2698,.T.);
#2698=PLANE('',#2699);
#2699=AXIS2_PLACEMENT_3D('',#240,#2700,#2701);
#2700=DIRECTION('',(-0.9238819084939894,-0.3826776961850583,0));
#2701=DIRECTION('',(0,0,1));
#2702=FACE_BOUND('',#2703,.T.);
#2703=EDGE_LOOP('',(#2704,#2705,#2706));
#2704=ORIENTED_EDGE('',*,*,#2707,.T.);
#2705=ORIENTED_EDGE('',*,*,#2708,.T.);
#2706=ORIENTED_EDGE('',*,*,#2709,.T.);
#2707=EDGE_CURVE('',#241,#243,#2710,.F.);
#2708=EDGE_CURVE('',#243,#245,#2711,.T.);
#2709=EDGE_CURVE('',#245,#241,#2712,.T.);
#2710=LINE('',#240,#2713);
#2711=LINE('',#242,#2714);
#2712=LINE('',#244,#2715);
#2713=VECTOR('',#2716,1.0);
#2714=VECTOR('',#2717,1.0);
#2715=VECTOR('',#2718,1.0);
#2716=DIRECTION('',(0,0,1));
#2717=DIRECTION('',(-0.05438662919512414,0.13130324363886486,-0.9898492576017346));
#2718=DIRECTION('',(0.3826776961850583,-0.9238819084939894,0));
#2719=FACE_SURFACE('',(#2724),#2720,.T.);
#2720=PLANE('',#2721);
#2721=AXIS2_PLACEMENT_3D('',#244,#2722,#2723);
#2722=DIRECTION('',(-0.9238819084939894,-0.3826776961850583,0));
#2723=DIRECTION('',(0.05438662919512414,-0.13130324363886486,0.9898492576017346));
#2724=FACE_BOUND('',#2725,.T.);
#2725=EDGE_LOOP('',(#2726,#2727,#2728));
#2726=ORIENTED_EDGE('',*,*,#2729,.T.);
#2727=ORIENTED_EDGE('',*,*,#2730,.T.);
#2728=ORIENTED_EDGE('',*,*,#2731,.T.);
#2729=EDGE_CURVE('',#245,#243,#2732,.F.);
#2730=EDGE_CURVE('',#243,#247,#2733,.T.);
#2731=EDGE_CURVE('',#247,#245,#2734,.T.);
#2732=LINE('',#244,#2735);
#2733=LINE('',#242,#2736);
#2734=LINE('',#246,#2737);
#2735=VECTOR('',#2738,1.0);
#2736=VECTOR('',#2739,1.0);
#2737=VECTOR('',#2740,1.0);
#2738=DIRECTION('',(0.05438662919512414,-0.13130324363886486,0.9898492576017346));
#2739=DIRECTION('',(-0.3826776961850583,0.9238819084939894,0));
#2740=DIRECTION('',(0,0,-1));
#2741=FACE_SURFACE('',(#2746),#2742,.T.);
#2742=PLANE('',#2743);
#2743=AXIS2_PLACEMENT_3D('',#244,#2744,#2745);
#2744=DIRECTION('',(-0.7933454340758067,-0.6087717324507353,0));
#2745=DIRECTION('',(0,0,1));
#2746=FACE_BOUND('',#2747,.T.);
#2747=EDGE_LOOP('',(#2748,#2749,#2750));
#2748=ORIENTED_EDGE('',*,*,#2751,.T.);
#2749=ORIENTED_EDGE('',*,*,#2752,.T.);
#2750=ORIENTED_EDGE('',*,*,#2753,.T.);
#2751=EDGE_CURVE('',#245,#247,#2754,.F.);
#2752=EDGE_CURVE('',#247,#249,#2755,.T.);
#2753=EDGE_CURVE('',#249,#245,#2756,.T.);
#2754=LINE('',#244,#2757);
#2755=LINE('',#246,#2758);
#2756=LINE('',#248,#2759);
#2757=VECTOR('',#2760,1.0);
#2758=VECTOR('',#2761,1.0);
#2759=VECTOR('',#2762,1.0);
#2760=DIRECTION('',(0,0,1));
#2761=DIRECTION('',(-0.0865189289229873,0.1127506314162441,-0.9898493673550826));
#2762=DIRECTION('',(0.6087717324507355,-0.7933454340758067,0));
#2763=FACE_SURFACE('',(#2768),#2764,.T.);
#2764=PLANE('',#2765);
#2765=AXIS2_PLACEMENT_3D('',#248,#2766,#2767);
#2766=DIRECTION('',(-0.7933454340758067,-0.6087717324507353,0));
#2767=DIRECTION('',(0.0865189289229873,-0.1127506314162441,0.9898493673550826));
#2768=FACE_BOUND('',#2769,.T.);
#2769=EDGE_LOOP('',(#2770,#2771,#2772));
#2770=ORIENTED_EDGE('',*,*,#2773,.T.);
#2771=ORIENTED_EDGE('',*,*,#2774,.T.);
#2772=ORIENTED_EDGE('',*,*,#2775,.T.);
#2773=EDGE_CURVE('',#249,#247,#2776,.F.);
#2774=EDGE_CURVE('',#247,#251,#2777,.T.);
#2775=EDGE_CURVE('',#251,#249,#2778,.T.);
#2776=LINE('',#248,#2779);
#2777=LINE('',#246,#2780);
#2778=LINE('',#250,#2781);
#2779=VECTOR('',#2782,1.0);
#2780=VECTOR('',#2783,1.0);
#2781=VECTOR('',#2784,1.0);
#2782=DIRECTION('',(0.0865189289229873,-0.1127506314162441,0.9898493673550826));
#2783=DIRECTION('',(-0.6087717324507355,0.7933454340758067,0));
#2784=DIRECTION('',(0,0,-1));
#2785=FACE_SURFACE('',(#2790),#2786,.T.);
#2786=PLANE('',#2787);
#2787=AXIS2_PLACEMENT_3D('',#248,#2788,#2789);
#2788=DIRECTION('',(-0.6087618810210761,-0.7933529934497514,0));
#2789=DIRECTION('',(0,0,1));
#2790=FACE_BOUND('',#2791,.T.);
#2791=EDGE_LOOP('',(#2792,#2793,#2794));
#2792=ORIENTED_EDGE('',*,*,#2795,.T.);
#2793=ORIENTED_EDGE('',*,*,#2796,.T.);
#2794=ORIENTED_EDGE('',*,*,#2797,.T.);
#2795=EDGE_CURVE('',#249,#251,#2798,.F.);
#2796=EDGE_CURVE('',#251,#253,#2799,.T.);
#2797=EDGE_CURVE('',#253,#249,#2800,.T.);
#2798=LINE('',#248,#2801);
#2799=LINE('',#250,#2802);
#2800=LINE('',#252,#2803);
#2801=VECTOR('',#2804,1.0);
#2802=VECTOR('',#2805,1.0);
#2803=VECTOR('',#2806,1.0);
#2804=DIRECTION('',(0,0,1));
#2805=DIRECTION('',(-0.11275188635189735,0.08651766740778424,-0.989849334671901));
#2806=DIRECTION('',(0.7933529934497514,-0.608761881021076,0));
#2807=FACE_SURFACE('',(#2812),#2808,.T.);
#2808=PLANE('',#2809);
#2809=AXIS2_PLACEMENT_3D('',#252,#2810,#2811);
#2810=DIRECTION('',(-0.6087618810210761,-0.7933529934497514,0));
#2811=DIRECTION('',(0.11275188635189735,-0.08651766740778424,0.989849334671901));
#2812=FACE_BOUND('',#2813,.T.);
#2813=EDGE_LOOP('',(#2814,#2815,#2816));
#2814=ORIENTED_EDGE('',*,*,#2817,.T.);
#2815=ORIENTED_EDGE('',*,*,#2818,.T.);
#2816=ORIENTED_EDGE('',*,*,#2819,.T.);
#2817=EDGE_CURVE('',#253,#251,#2820,.F.);
#2818=EDGE_CURVE('',#251,#255,#2821,.T.);
#2819=EDGE_CURVE('',#255,#253,#2822,.T.);
#2820=LINE('',#252,#2823);
#2821=LINE('',#250,#2824);
#2822=LINE('',#254,#2825);
#2823=VECTOR('',#2826,1.0);
#2824=VECTOR('',#2827,1.0);
#2825=VECTOR('',#2828,1.0);
#2826=DIRECTION('',(0.11275188635189735,-0.08651766740778424,0.989849334671901));
#2827=DIRECTION('',(-0.7933529934497514,0.608761881021076,0));
#2828=DIRECTION('',(0,0,-1));
#2829=FACE_SURFACE('',(#2834),#2830,.T.);
#2830=PLANE('',#2831);
#2831=AXIS2_PLACEMENT_3D('',#252,#2832,#2833);
#2832=DIRECTION('',(-0.3826928146393104,-0.9238756461902449,0));
#2833=DIRECTION('',(0,0,1));
#2834=FACE_BOUND('',#2835,.T.);
#2835=EDGE_LOOP('',(#2836,#2837,#2838));
#2836=ORIENTED_EDGE('',*,*,#2839,.T.);
#2837=ORIENTED_EDGE('',*,*,#2840,.T.);
#2838=ORIENTED_EDGE('',*,*,#2841,.T.);
#2839=EDGE_CURVE('',#253,#255,#2842,.F.);
#2840=EDGE_CURVE('',#255,#257,#2843,.T.);
#2841=EDGE_CURVE('',#257,#253,#2844,.T.);
#2842=LINE('',#252,#2845);
#2843=LINE('',#254,#2846);
#2844=LINE('',#256,#2847);
#2845=VECTOR('',#2848,1.0);
#2846=VECTOR('',#2849,1.0);
#2847=VECTOR('',#2850,1.0);
#2848=DIRECTION('',(0,0,1));
#2849=DIRECTION('',(-0.13130322566193883,0.05438913906541124,-0.989849122079973));
#2850=DIRECTION('',(0.9238756461902449,-0.38269281463931043,0));
#2851=FACE_SURFACE('',(#2856),#2852,.T.);
#2852=PLANE('',#2853);
#2853=AXIS2_PLACEMENT_3D('',#256,#2854,#2855);
#2854=DIRECTION('',(-0.3826928146393104,-0.9238756461902449,0));
#2855=DIRECTION('',(0.13130322566193883,-0.05438913906541124,0.989849122079973));
#2856=FACE_BOUND('',#2857,.T.);
#2857=EDGE_LOOP('',(#2858,#2859,#2860));
#2858=ORIENTED_EDGE('',*,*,#2861,.T.);
#2859=ORIENTED_EDGE('',*,*,#2862,.T.);
#2860=ORIENTED_EDGE('',*,*,#2863,.T.);
#2861=EDGE_CURVE('',#257,#255,#2864,.F.);
#2862=EDGE_CURVE('',#255,#259,#2865,.T.);
#2863=EDGE_CURVE('',#259,#257,#2866,.T.);
#2864=LINE('',#256,#2867);
#2865=LINE('',#254,#2868);
#2866=LINE('',#258,#2869);
#2867=VECTOR('',#2870,1.0);
#2868=VECTOR('',#2871,1.0);
#2869=VECTOR('',#2872,1.0);
#2870=DIRECTION('',(0.13130322566193883,-0.05438913906541124,0.989849122079973));
#2871=DIRECTION('',(-0.9238756461902449,0.38269281463931043,0));
#2872=DIRECTION('',(0,0,-1));
#2873=FACE_SURFACE('',(#2878),#2874,.T.);
#2874=PLANE('',#2875);
#2875=AXIS2_PLACEMENT_3D('',#256,#2876,#2877);
#2876=DIRECTION('',(-0.13052301083242926,-0.991445280206244,0));
#2877=DIRECTION('',(0,0,1));
#2878=FACE_BOUND('',#2879,.T.);
#2879=EDGE_LOOP('',(#2880,#2881,#2882));
#2880=ORIENTED_EDGE('',*,*,#2883,.T.);
#2881=ORIENTED_EDGE('',*,*,#2884,.T.);
#2882=ORIENTED_EDGE('',*,*,#2885,.T.);
#2883=EDGE_CURVE('',#257,#259,#2886,.F.);
#2884=EDGE_CURVE('',#259,#261,#2887,.T.);
#2885=EDGE_CURVE('',#261,#257,#2888,.T.);
#2886=LINE('',#256,#2889);
#2887=LINE('',#258,#2890);
#2888=LINE('',#260,#2891);
#2889=VECTOR('',#2892,1.0);
#2890=VECTOR('',#2893,1.0);
#2891=VECTOR('',#2894,1.0);
#2892=DIRECTION('',(0,0,1));
#2893=DIRECTION('',(-0.14090554620958642,0.018550107102670726,-0.9898492413362034));
#2894=DIRECTION('',(0.991445280206244,-0.13052301083242926,0));
#2895=FACE_SURFACE('',(#2900),#2896,.T.);
#2896=PLANE('',#2897);
#2897=AXIS2_PLACEMENT_3D('',#260,#2898,#2899);
#2898=DIRECTION('',(-0.13052301083242926,-0.991445280206244,0));
#2899=DIRECTION('',(0.14090554620958642,-0.018550107102670726,0.9898492413362034));
#2900=FACE_BOUND('',#2901,.T.);
#2901=EDGE_LOOP('',(#2902,#2903,#2904));
#2902=ORIENTED_EDGE('',*,*,#2905,.T.);
#2903=ORIENTED_EDGE('',*,*,#2906,.T.);
#2904=ORIENTED_EDGE('',*,*,#2907,.T.);
#2905=EDGE_CURVE('',#261,#259,#2908,.F.);
#2906=EDGE_CURVE('',#259,#263,#2909,.T.);
#2907=EDGE_CURVE('',#263,#261,#2910,.T.);
#2908=LINE('',#260,#2911);
#2909=LINE('',#258,#2912);
#2910=LINE('',#262,#2913);
#2911=VECTOR('',#2914,1.0);
#2912=VECTOR('',#2915,1.0);
#2913=VECTOR('',#2916,1.0);
#2914=DIRECTION('',(0.14090554620958642,-0.018550107102670726,0.9898492413362034));
#2915=DIRECTION('',(-0.991445280206244,0.13052301083242926,0));
#2916=DIRECTION('',(0,0,-1));
#2917=FACE_SURFACE('',(#2922),#2918,.T.);
#2918=PLANE('',#2919);
#2919=AXIS2_PLACEMENT_3D('',#260,#2920,#2921);
#2920=DIRECTION('',(0.13052301083242926,-0.991445280206244,0));
#2921=DIRECTION('',(0,0,1));
#2922=FACE_BOUND('',#2923,.T.);
#2923=EDGE_LOOP('',(#2924,#2925,#2926));
#2924=ORIENTED_EDGE('',*,*,#2927,.T.);
#2925=ORIENTED_EDGE('',*,*,#2928,.T.);
#2926=ORIENTED_EDGE('',*,*,#2929,.T.);
#2927=EDGE_CURVE('',#261,#263,#2930,.F.);
#2928=EDGE_CURVE('',#263,#265,#2931,.T.);
#2929=EDGE_CURVE('',#265,#261,#2932,.T.);
#2930=LINE('',#260,#2933);
#2931=LINE('',#262,#2934);
#2932=LINE('',#264,#2935);
#2933=VECTOR('',#2936,1.0);
#2934=VECTOR('',#2937,1.0);
#2935=VECTOR('',#2938,1.0);
#2936=DIRECTION('',(0,0,1));
#2937=DIRECTION('',(-0.14090554620958642,-0.018550107102670726,-0.9898492413362034));
#2938=DIRECTION('',(0.991445280206244,0.13052301083242926,0));
#2939=FACE_SURFACE('',(#2944),#2940,.T.);
#2940=PLANE('',#2941);
#2941=AXIS2_PLACEMENT_3D('',#264,#2942,#2943);
#2942=DIRECTION('',(0.13052301083242926,-0.991445280206244,0));
#2943=DIRECTION('',(0.14090554620958642,0.018550107102670726,0.9898492413362034));
#2944=FACE_BOUND('',#2945,.T.);
#2945=EDGE_LOOP('',(#2946,#2947,#2948));
#2946=ORIENTED_EDGE('',*,*,#2949,.T.);
#2947=ORIENTED_EDGE('',*,*,#2950,.T.);
#2948=ORIENTED_EDGE('',*,*,#2951,.T.);
#2949=EDGE_CURVE('',#265,#263,#2952,.F.);
#2950=EDGE_CURVE('',#263,#267,#2953,.T.);
#2951=EDGE_CURVE('',#267,#265,#2954,.T.);
#2952=LINE('',#264,#2955);
#2953=LINE('',#262,#2956);
#2954=LINE('',#266,#2957);
#2955=VECTOR('',#2958,1.0);
#2956=VECTOR('',#2959,1.0);
#2957=VECTOR('',#2960,1.0);
#2958=DIRECTION('',(0.14090554620958642,0.018550107102670726,0.9898492413362034));
#2959=DIRECTION('',(-0.991445280206244,-0.13052301083242926,0));
#2960=DIRECTION('',(0,0,-1));
#2961=FACE_SURFACE('',(#2966),#2962,.T.);
#2962=PLANE('',#2963);
#2963=AXIS2_PLACEMENT_3D('',#264,#2964,#2965);
#2964=DIRECTION('',(0.3826928146393104,-0.9238756461902449,0));
#2965=DIRECTION('',(0,0,1));
#2966=FACE_BOUND('',#2967,.T.);
#2967=EDGE_LOOP('',(#2968,#2969,#2970));
#2968=ORIENTED_EDGE('',*,*,#2971,.T.);
#2969=ORIENTED_EDGE('',*,*,#2972,.T.);
#2970=ORIENTED_EDGE('',*,*,#2973,.T.);
#2971=EDGE_CURVE('',#265,#267,#2974,.F.);
#2972=EDGE_CURVE('',#267,#269,#2975,.T.);
#2973=EDGE_CURVE('',#269,#265,#2976,.T.);
#2974=LINE('',#264,#2977);
#2975=LINE('',#266,#2978);
#2976=LINE('',#268,#2979);
#2977=VECTOR('',#2980,1.0);
#2978=VECTOR('',#2981,1.0);
#2979=VECTOR('',#2982,1.0);
#2980=DIRECTION('',(0,0,1));
#2981=DIRECTION('',(-0.13130322566193883,-0.05438913906541124,-0.989849122079973));
#2982=DIRECTION('',(0.9238756461902449,0.38269281463931043,0));
#2983=FACE_SURFACE('',(#2988),#2984,.T.);
#2984=PLANE('',#2985);
#2985=AXIS2_PLACEMENT_3D('',#268,#2986,#2987);
#2986=DIRECTION('',(0.3826928146393104,-0.9238756461902449,0));
#2987=DIRECTION('',(0.13130322566193883,0.05438913906541124,0.989849122079973));
#2988=FACE_BOUND('',#2989,.T.);
#2989=EDGE_LOOP('',(#2990,#2991,#2992));
#2990=ORIENTED_EDGE('',*,*,#2993,.T.);
#2991=ORIENTED_EDGE('',*,*,#2994,.T.);
#2992=ORIENTED_EDGE('',*,*,#2995,.T.);
#2993=EDGE_CURVE('',#269,#267,#2996,.F.);
#2994=EDGE_CURVE('',#267,#271,#2997,.T.);
#2995=EDGE_CURVE('',#271,#269,#2998,.T.);
#2996=LINE('',#268,#2999);
#2997=LINE('',#266,#3000);
#2998=LINE('',#270,#3001);
#2999=VECTOR('',#3002,1.0);
#3000=VECTOR('',#3003,1.0);
#3001=VECTOR('',#3004,1.0);
#3002=DIRECTION('',(0.13130322566193883,0.05438913906541124,0.989849122079973));
#3003=DIRECTION('',(-0.9238756461902449,-0.38269281463931043,0));
#3004=DIRECTION('',(0,0,-1));
#3005=FACE_SURFACE('',(#3010),#3006,.T.);
#3006=PLANE('',#3007);
#3007=AXIS2_PLACEMENT_3D('',#268,#3008,#3009);
#3008=DIRECTION('',(0.6087618810210761,-0.7933529934497514,0));
#3009=DIRECTION('',(0,0,1));
#3010=FACE_BOUND('',#3011,.T.);
#3011=EDGE_LOOP('',(#3012,#3013,#3014));
#3012=ORIENTED_EDGE('',*,*,#3015,.T.);
#3013=ORIENTED_EDGE('',*,*,#3016,.T.);
#3014=ORIENTED_EDGE('',*,*,#3017,.T.);
#3015=EDGE_CURVE('',#269,#271,#3018,.F.);
#3016=EDGE_CURVE('',#271,#273,#3019,.T.);
#3017=EDGE_CURVE('',#273,#269,#3020,.T.);
#3018=LINE('',#268,#3021);
#3019=LINE('',#270,#3022);
#3020=LINE('',#272,#3023);
#3021=VECTOR('',#3024,1.0);
#3022=VECTOR('',#3025,1.0);
#3023=VECTOR('',#3026,1.0);
#3024=DIRECTION('',(0,0,1));
#3025=DIRECTION('',(-0.11275188635189735,-0.08651766740778424,-0.989849334671901));
#3026=DIRECTION('',(0.7933529934497514,0.608761881021076,0));
#3027=FACE_SURFACE('',(#3032),#3028,.T.);
#3028=PLANE('',#3029);
#3029=AXIS2_PLACEMENT_3D('',#272,#3030,#3031);
#3030=DIRECTION('',(0.6087618810210761,-0.7933529934497514,0));
#3031=DIRECTION('',(0.11275188635189735,0.08651766740778424,0.989849334671901));
#3032=FACE_BOUND('',#3033,.T.);
#3033=EDGE_LOOP('',(#3034,#3035,#3036));
#3034=ORIENTED_EDGE('',*,*,#3037,.T.);
#3035=ORIENTED_EDGE('',*,*,#3038,.T.);
#3036=ORIENTED_EDGE('',*,*,#3039,.T.);
#3037=EDGE_CURVE('',#273,#271,#3040,.F.);
#3038=EDGE_CURVE('',#271,#275,#3041,.T.);
#3039=EDGE_CURVE('',#275,#273,#3042,.T.);
#3040=LINE('',#272,#3043);
#3041=LINE('',#270,#3044);
#3042=LINE('',#274,#3045);
#3043=VECTOR('',#3046,1.0);
#3044=VECTOR('',#3047,1.0);
#3045=VECTOR('',#3048,1.0);
#3046=DIRECTION('',(0.11275188635189735,0.08651766740778424,0.989849334671901));
#3047=DIRECTION('',(-0.7933529934497514,-0.608761881021076,0));
#3048=DIRECTION('',(0,0,-1));
#3049=FACE_SURFACE('',(#3054),#3050,.T.);
#3050=PLANE('',#3051);
#3051=AXIS2_PLACEMENT_3D('',#272,#3052,#3053);
#3052=DIRECTION('',(0.7933454340758067,-0.6087717324507353,0));
#3053=DIRECTION('',(0,0,1));
#3054=FACE_BOUND('',#3055,.T.);
#3055=EDGE_LOOP('',(#3056,#3057,#3058));
#3056=ORIENTED_EDGE('',*,*,#3059,.T.);
#3057=ORIENTED_EDGE('',*,*,#3060,.T.);
#3058=ORIENTED_EDGE('',*,*,#3061,.T.);
#3059=EDGE_CURVE('',#273,#275,#3062,.F.);
#3060=EDGE_CURVE('',#275,#277,#3063,.T.);
#3061=EDGE_CURVE('',#277,#273,#3064,.T.);
#3062=LINE('',#272,#3065);
#3063=LINE('',#274,#3066);
#3064=LINE('',#276,#3067);
#3065=VECTOR('',#3068,1.0);
#3066=VECTOR('',#3069,1.0);
#3067=VECTOR('',#3070,1.0);
#3068=DIRECTION('',(0,0,1));
#3069=DIRECTION('',(-0.0865189289229873,-0.1127506314162441,-0.9898493673550826));
#3070=DIRECTION('',(0.6087717324507355,0.7933454340758067,0));
#3071=FACE_SURFACE('',(#3076),#3072,.T.);
#3072=PLANE('',#3073);
#3073=AXIS2_PLACEMENT_3D('',#276,#3074,#3075);
#3074=DIRECTION('',(0.7933454340758067,-0.6087717324507353,0));
#3075=DIRECTION('',(0.0865189289229873,0.1127506314162441,0.9898493673550826));
#3076=FACE_BOUND('',#3077,.T.);
#3077=EDGE_LOOP('',(#3078,#3079,#3080));
#3078=ORIENTED_EDGE('',*,*,#3081,.T.);
#3079=ORIENTED_EDGE('',*,*,#3082,.T.);
#3080=ORIENTED_EDGE('',*,*,#3083,.T.);
#3081=EDGE_CURVE('',#277,#275,#3084,.F.);
#3082=EDGE_CURVE('',#275,#279,#3085,.T.);
#3083=EDGE_CURVE('',#279,#277,#3086,.T.);
#3084=LINE('',#276,#3087);
#3085=LINE('',#274,#3088);
#3086=LINE('',#278,#3089);
#3087=VECTOR('',#3090,1.0);
#3088=VECTOR('',#3091,1.0);
#3089=VECTOR('',#3092,1.0);
#3090=DIRECTION('',(0.0865189289229873,0.1127506314162441,0.9898493673550826));
#3091=DIRECTION('',(-0.6087717324507355,-0.7933454340758067,0));
#3092=DIRECTION('',(0,0,-1));
#3093=FACE_SURFACE('',(#3098),#3094,.T.);
#3094=PLANE('',#3095);
#3095=AXIS2_PLACEMENT_3D('',#276,#3096,#3097);
#3096=DIRECTION('',(0.9238819084939894,-0.3826776961850583,0));
#3097=DIRECTION('',(0,0,1));
#3098=FACE_BOUND('',#3099,.T.);
#3099=EDGE_LOOP('',(#3100,#3101,#3102));
#3100=ORIENTED_EDGE('',*,*,#3103,.T.);
#3101=ORIENTED_EDGE('',*,*,#3104,.T.);
#3102=ORIENTED_EDGE('',*,*,#3105,.T.);
#3103=EDGE_CURVE('',#277,#279,#3106,.F.);
#3104=EDGE_CURVE('',#279,#281,#3107,.T.);
#3105=EDGE_CURVE('',#281,#277,#3108,.T.);
#3106=LINE('',#276,#3109);
#3107=LINE('',#278,#3110);
#3108=LINE('',#280,#3111);
#3109=VECTOR('',#3112,1.0);
#3110=VECTOR('',#3113,1.0);
#3111=VECTOR('',#3114,1.0);
#3112=DIRECTION('',(0,0,1));
#3113=DIRECTION('',(-0.05438662919512414,-0.13130324363886486,-0.9898492576017346));
#3114=DIRECTION('',(0.3826776961850583,0.9238819084939894,0));
#3115=FACE_SURFACE('',(#3120),#3116,.T.);
#3116=PLANE('',#3117);
#3117=AXIS2_PLACEMENT_3D('',#280,#3118,#3119);
#3118=DIRECTION('',(0.9238819084939894,-0.3826776961850583,0));
#3119=DIRECTION('',(0.05438662919512414,0.13130324363886486,0.9898492576017346));
#3120=FACE_BOUND('',#3121,.T.);
#3121=EDGE_LOOP('',(#3122,#3123,#3124));
#3122=ORIENTED_EDGE('',*,*,#3125,.T.);
#3123=ORIENTED_EDGE('',*,*,#3126,.T.);
#3124=ORIENTED_EDGE('',*,*,#3127,.T.);
#3125=EDGE_CURVE('',#281,#279,#3128,.F.);
#3126=EDGE_CURVE('',#279,#283,#3129,.T.);
#3127=EDGE_CURVE('',#283,#281,#3130,.T.);
#3128=LINE('',#280,#3131);
#3129=LINE('',#278,#3132);
#3130=LINE('',#282,#3133);
#3131=VECTOR('',#3134,1.0);
#3132=VECTOR('',#3135,1.0);
#3133=VECTOR('',#3136,1.0);
#3134=DIRECTION('',(0.05438662919512414,0.13130324363886486,0.9898492576017346));
#3135=DIRECTION('',(-0.3826776961850583,-0.9238819084939894,0));
#3136=DIRECTION('',(0,0,-1));
#3137=FACE_SURFACE('',(#3142),#3138,.T.);
#3138=PLANE('',#3139);
#3139=AXIS2_PLACEMENT_3D('',#280,#3140,#3141);
#3140=DIRECTION('',(0.9914442850120886,-0.13053057004728158,0));
#3141=DIRECTION('',(0,0,1));
#3142=FACE_BOUND('',#3143,.T.);
#3143=EDGE_LOOP('',(#3144,#3145,#3146));
#3144=ORIENTED_EDGE('',*,*,#3147,.T.);
#3145=ORIENTED_EDGE('',*,*,#3148,.T.);
#3146=ORIENTED_EDGE('',*,*,#3149,.T.);
#3147=EDGE_CURVE('',#281,#283,#3150,.F.);
#3148=EDGE_CURVE('',#283,#285,#3151,.T.);
#3149=EDGE_CURVE('',#285,#281,#3152,.T.);
#3150=LINE('',#280,#3153);
#3151=LINE('',#282,#3154);
#3152=LINE('',#284,#3155);
#3153=VECTOR('',#3156,1.0);
#3154=VECTOR('',#3157,1.0);
#3155=VECTOR('',#3158,1.0);
#3156=DIRECTION('',(0,0,1));
#3157=DIRECTION('',(-0.018551362037752858,-0.14090677658772185,-0.9898490426717611));
#3158=DIRECTION('',(0.1305305700472816,0.9914442850120887,0));
#3159=FACE_SURFACE('',(#3164),#3160,.T.);
#3160=PLANE('',#3161);
#3161=AXIS2_PLACEMENT_3D('',#284,#3162,#3163);
#3162=DIRECTION('',(0.9914442850120886,-0.13053057004728158,0));
#3163=DIRECTION('',(0.018551362037752858,0.14090677658772185,0.9898490426717611));
#3164=FACE_BOUND('',#3165,.T.);
#3165=EDGE_LOOP('',(#3166,#3167,#3168));
#3166=ORIENTED_EDGE('',*,*,#3169,.T.);
#3167=ORIENTED_EDGE('',*,*,#3170,.T.);
#3168=ORIENTED_EDGE('',*,*,#3171,.T.);
#3169=EDGE_CURVE('',#285,#283,#3172,.F.);
#3170=EDGE_CURVE('',#283,#287,#3173,.T.);
#3171=EDGE_CURVE('',#287,#285,#3174,.T.);
#3172=LINE('',#284,#3175);
#3173=LINE('',#282,#3176);
#3174=LINE('',#286,#3177);
#3175=VECTOR('',#3178,1.0);
#3176=VECTOR('',#3179,1.0);
#3177=VECTOR('',#3180,1.0);
#3178=DIRECTION('',(0.018551362037752858,0.14090677658772185,0.9898490426717611));
#3179=DIRECTION('',(-0.1305305700472816,-0.9914442850120887,0));
#3180=DIRECTION('',(0,0,-1));
#3181=FACE_SURFACE('',(#3186),#3182,.T.);
#3182=PLANE('',#3183);
#3183=AXIS2_PLACEMENT_3D('',#284,#3184,#3185);
#3184=DIRECTION('',(0.9914439832184226,0.13053286229907038,-0));
#3185=DIRECTION('',(0,0,1));
#3186=FACE_BOUND('',#3187,.T.);
#3187=EDGE_LOOP('',(#3188,#3189,#3190));
#3188=ORIENTED_EDGE('',*,*,#3191,.T.);
#3189=ORIENTED_EDGE('',*,*,#3192,.T.);
#3190=ORIENTED_EDGE('',*,*,#3193,.T.);
#3191=EDGE_CURVE('',#285,#287,#3194,.F.);
#3192=EDGE_CURVE('',#287,#289,#3195,.T.);
#3193=EDGE_CURVE('',#289,#285,#3196,.T.);
#3194=LINE('',#284,#3197);
#3195=LINE('',#286,#3198);
#3196=LINE('',#288,#3199);
#3197=VECTOR('',#3200,1.0);
#3198=VECTOR('',#3201,1.0);
#3199=VECTOR('',#3202,1.0);
#3200=DIRECTION('',(0,0,1));
#3201=DIRECTION('',(0.01855136861799402,-0.14090430925077646,-0.989849393775114));
#3202=DIRECTION('',(-0.13053286229907038,0.9914439832184226,0));
#3203=FACE_SURFACE('',(#3208),#3204,.T.);
#3204=PLANE('',#3205);
#3205=AXIS2_PLACEMENT_3D('',#288,#3206,#3207);
#3206=DIRECTION('',(0.9914439832184226,0.13053286229907038,-0));
#3207=DIRECTION('',(-0.01855136861799402,0.14090430925077646,0.989849393775114));
#3208=FACE_BOUND('',#3209,.T.);
#3209=EDGE_LOOP('',(#3210,#3211,#3212));
#3210=ORIENTED_EDGE('',*,*,#3213,.T.);
#3211=ORIENTED_EDGE('',*,*,#3214,.T.);
#3212=ORIENTED_EDGE('',*,*,#3215,.T.);
#3213=EDGE_CURVE('',#289,#287,#3216,.F.);
#3214=EDGE_CURVE('',#287,#291,#3217,.T.);
#3215=EDGE_CURVE('',#291,#289,#3218,.T.);
#3216=LINE('',#288,#3219);
#3217=LINE('',#286,#3220);
#3218=LINE('',#290,#3221);
#3219=VECTOR('',#3222,1.0);
#3220=VECTOR('',#3223,1.0);
#3221=VECTOR('',#3224,1.0);
#3222=DIRECTION('',(-0.01855136861799402,0.14090430925077646,0.989849393775114));
#3223=DIRECTION('',(0.13053286229907038,-0.9914439832184226,0));
#3224=DIRECTION('',(0,0,-1));
#3225=FACE_SURFACE('',(#3230),#3226,.T.);
#3226=PLANE('',#3227);
#3227=AXIS2_PLACEMENT_3D('',#288,#3228,#3229);
#3228=DIRECTION('',(0.9238819084939894,0.3826776961850583,-0));
#3229=DIRECTION('',(0,0,1));
#3230=FACE_BOUND('',#3231,.T.);
#3231=EDGE_LOOP('',(#3232,#3233,#3234));
#3232=ORIENTED_EDGE('',*,*,#3235,.T.);
#3233=ORIENTED_EDGE('',*,*,#3236,.T.);
#3234=ORIENTED_EDGE('',*,*,#3237,.T.);
#3235=EDGE_CURVE('',#289,#291,#3238,.F.);
#3236=EDGE_CURVE('',#291,#293,#3239,.T.);
#3237=EDGE_CURVE('',#293,#289,#3240,.T.);
#3238=LINE('',#288,#3241);
#3239=LINE('',#290,#3242);
#3240=LINE('',#292,#3243);
#3241=VECTOR('',#3244,1.0);
#3242=VECTOR('',#3245,1.0);
#3243=VECTOR('',#3246,1.0);
#3244=DIRECTION('',(0,0,1));
#3245=DIRECTION('',(0.05438662919512414,-0.13130324363886486,-0.9898492576017346));
#3246=DIRECTION('',(-0.3826776961850583,0.9238819084939894,0));
#3247=FACE_SURFACE('',(#3252),#3248,.T.);
#3248=PLANE('',#3249);
#3249=AXIS2_PLACEMENT_3D('',#292,#3250,#3251);
#3250=DIRECTION('',(0.9238819084939894,0.3826776961850583,-0));
#3251=DIRECTION('',(-0.05438662919512414,0.13130324363886486,0.9898492576017346));
#3252=FACE_BOUND('',#3253,.T.);
#3253=EDGE_LOOP('',(#3254,#3255,#3256));
#3254=ORIENTED_EDGE('',*,*,#3257,.T.);
#3255=ORIENTED_EDGE('',*,*,#3258,.T.);
#3256=ORIENTED_EDGE('',*,*,#3259,.T.);
#3257=EDGE_CURVE('',#293,#291,#3260,.F.);
#3258=EDGE_CURVE('',#291,#295,#3261,.T.);
#3259=EDGE_CURVE('',#295,#293,#3262,.T.);
#3260=LINE('',#292,#3263);
#3261=LINE('',#290,#3264);
#3262=LINE('',#294,#3265);
#3263=VECTOR('',#3266,1.0);
#3264=VECTOR('',#3267,1.0);
#3265=VECTOR('',#3268,1.0);
#3266=DIRECTION('',(-0.05438662919512414,0.13130324363886486,0.9898492576017346));
#3267=DIRECTION('',(0.3826776961850583,-0.9238819084939894,0));
#3268=DIRECTION('',(0,0,-1));
#3269=FACE_SURFACE('',(#3274),#3270,.T.);
#3270=PLANE('',#3271);
#3271=AXIS2_PLACEMENT_3D('',#292,#3272,#3273);
#3272=DIRECTION('',(0.7933519982646501,0.6087631779678259,-0));
#3273=DIRECTION('',(0,0,1));
#3274=FACE_BOUND('',#3275,.T.);
#3275=EDGE_LOOP('',(#3276,#3277,#3278));
#3276=ORIENTED_EDGE('',*,*,#3279,.T.);
#3277=ORIENTED_EDGE('',*,*,#3280,.T.);
#3278=ORIENTED_EDGE('',*,*,#3281,.T.);
#3279=EDGE_CURVE('',#293,#295,#3282,.F.);
#3280=EDGE_CURVE('',#295,#297,#3283,.T.);
#3281=EDGE_CURVE('',#297,#293,#3284,.T.);
#3282=LINE('',#292,#3285);
#3283=LINE('',#294,#3286);
#3284=LINE('',#296,#3287);
#3285=VECTOR('',#3288,1.0);
#3286=VECTOR('',#3289,1.0);
#3287=VECTOR('',#3290,1.0);
#3288=DIRECTION('',(0,0,1));
#3289=DIRECTION('',(0.08651890436613488,-0.11275311673034369,-0.989849086404022));
#3290=DIRECTION('',(-0.6087631779678259,0.79335199826465,0));
#3291=FACE_SURFACE('',(#3296),#3292,.T.);
#3292=PLANE('',#3293);
#3293=AXIS2_PLACEMENT_3D('',#296,#3294,#3295);
#3294=DIRECTION('',(0.7933519982646501,0.6087631779678259,-0));
#3295=DIRECTION('',(-0.08651890436613488,0.11275311673034369,0.989849086404022));
#3296=FACE_BOUND('',#3297,.T.);
#3297=EDGE_LOOP('',(#3298,#3299,#3300));
#3298=ORIENTED_EDGE('',*,*,#3301,.T.);
#3299=ORIENTED_EDGE('',*,*,#3302,.T.);
#3300=ORIENTED_EDGE('',*,*,#3303,.T.);
#3301=EDGE_CURVE('',#297,#295,#3304,.F.);
#3302=EDGE_CURVE('',#295,#299,#3305,.T.);
#3303=EDGE_CURVE('',#299,#297,#3306,.T.);
#3304=LINE('',#296,#3307);
#3305=LINE('',#294,#3308);
#3306=LINE('',#298,#3309);
#3307=VECTOR('',#3310,1.0);
#3308=VECTOR('',#3311,1.0);
#3309=VECTOR('',#3312,1.0);
#3310=DIRECTION('',(-0.08651890436613488,0.11275311673034369,0.989849086404022));
#3311=DIRECTION('',(0.6087631779678259,-0.79335199826465,0));
#3312=DIRECTION('',(0,0,-1));
#3313=FACE_SURFACE('',(#3318),#3314,.T.);
#3314=PLANE('',#3315);
#3315=AXIS2_PLACEMENT_3D('',#296,#3316,#3317);
#3316=DIRECTION('',(0.6087618810210761,0.7933529934497514,-0));
#3317=DIRECTION('',(0,0,1));
#3318=FACE_BOUND('',#3319,.T.);
#3319=EDGE_LOOP('',(#3320,#3321,#3322));
#3320=ORIENTED_EDGE('',*,*,#3323,.T.);
#3321=ORIENTED_EDGE('',*,*,#3324,.T.);
#3322=ORIENTED_EDGE('',*,*,#3325,.T.);
#3323=EDGE_CURVE('',#297,#299,#3326,.F.);
#3324=EDGE_CURVE('',#299,#301,#3327,.T.);
#3325=EDGE_CURVE('',#301,#297,#3328,.T.);
#3326=LINE('',#296,#3329);
#3327=LINE('',#298,#3330);
#3328=LINE('',#300,#3331);
#3329=VECTOR('',#3332,1.0);
#3330=VECTOR('',#3333,1.0);
#3331=VECTOR('',#3334,1.0);
#3332=DIRECTION('',(0,0,1));
#3333=DIRECTION('',(0.11275188635189735,-0.08651766740778424,-0.989849334671901));
#3334=DIRECTION('',(-0.7933529934497514,0.608761881021076,0));
#3335=FACE_SURFACE('',(#3340),#3336,.T.);
#3336=PLANE('',#3337);
#3337=AXIS2_PLACEMENT_3D('',#300,#3338,#3339);
#3338=DIRECTION('',(0.6087618810210761,0.7933529934497514,-0));
#3339=DIRECTION('',(-0.11275188635189735,0.08651766740778424,0.989849334671901));
#3340=FACE_BOUND('',#3341,.T.);
#3341=EDGE_LOOP('',(#3342,#3343,#3344));
#3342=ORIENTED_EDGE('',*,*,#3345,.T.);
#3343=ORIENTED_EDGE('',*,*,#3346,.T.);
#3344=ORIENTED_EDGE('',*,*,#3347,.T.);
#3345=EDGE_CURVE('',#301,#299,#3348,.F.);
#3346=EDGE_CURVE('',#299,#303,#3349,.T.);
#3347=EDGE_CURVE('',#303,#301,#3350,.T.);
#3348=LINE('',#300,#3351);
#3349=LINE('',#298,#3352);
#3350=LINE('',#302,#3353);
#3351=VECTOR('',#3354,1.0);
#3352=VECTOR('',#3355,1.0);
#3353=VECTOR('',#3356,1.0);
#3354=DIRECTION('',(-0.11275188635189735,0.08651766740778424,0.989849334671901));
#3355=DIRECTION('',(0.7933529934497514,-0.608761881021076,0));
#3356=DIRECTION('',(0,0,-1));
#3357=FACE_SURFACE('',(#3362),#3358,.T.);
#3358=PLANE('',#3359);
#3359=AXIS2_PLACEMENT_3D('',#300,#3360,#3361);
#3360=DIRECTION('',(0.3826776961850583,0.9238819084939894,-0));
#3361=DIRECTION('',(0,0,1));
#3362=FACE_BOUND('',#3363,.T.);
#3363=EDGE_LOOP('',(#3364,#3365,#3366));
#3364=ORIENTED_EDGE('',*,*,#3367,.T.);
#3365=ORIENTED_EDGE('',*,*,#3368,.T.);
#3366=ORIENTED_EDGE('',*,*,#3369,.T.);
#3367=EDGE_CURVE('',#301,#303,#3370,.F.);
#3368=EDGE_CURVE('',#303,#305,#3371,.T.);
#3369=EDGE_CURVE('',#305,#301,#3372,.T.);
#3370=LINE('',#300,#3373);
#3371=LINE('',#302,#3374);
#3372=LINE('',#304,#3375);
#3373=VECTOR('',#3376,1.0);
#3374=VECTOR('',#3377,1.0);
#3375=VECTOR('',#3378,1.0);
#3376=DIRECTION('',(0,0,1));
#3377=DIRECTION('',(0.13130324363886486,-0.05438662919512414,-0.9898492576017346));
#3378=DIRECTION('',(-0.9238819084939894,0.3826776961850583,0));
#3379=FACE_SURFACE('',(#3384),#3380,.T.);
#3380=PLANE('',#3381);
#3381=AXIS2_PLACEMENT_3D('',#304,#3382,#3383);
#3382=DIRECTION('',(0.3826776961850583,0.9238819084939894,-0));
#3383=DIRECTION('',(-0.13130324363886486,0.05438662919512414,0.9898492576017346));
#3384=FACE_BOUND('',#3385,.T.);
#3385=EDGE_LOOP('',(#3386,#3387,#3388));
#3386=ORIENTED_EDGE('',*,*,#3389,.T.);
#3387=ORIENTED_EDGE('',*,*,#3390,.T.);
#3388=ORIENTED_EDGE('',*,*,#3391,.T.);
#3389=EDGE_CURVE('',#305,#303,#3392,.F.);
#3390=EDGE_CURVE('',#303,#307,#3393,.T.);
#3391=EDGE_CURVE('',#307,#305,#3394,.T.);
#3392=LINE('',#304,#3395);
#3393=LINE('',#302,#3396);
#3394=LINE('',#306,#3397);
#3395=VECTOR('',#3398,1.0);
#3396=VECTOR('',#3399,1.0);
#3397=VECTOR('',#3400,1.0);
#3398=DIRECTION('',(-0.13130324363886486,0.05438662919512414,0.9898492576017346));
#3399=DIRECTION('',(0.9238819084939894,-0.3826776961850583,0));
#3400=DIRECTION('',(0,0,-1));
#3401=FACE_SURFACE('',(#3406),#3402,.T.);
#3402=PLANE('',#3403);
#3403=AXIS2_PLACEMENT_3D('',#304,#3404,#3405);
#3404=DIRECTION('',(0.13054042146377973,0.9914429879544556,-0));
#3405=DIRECTION('',(0,0,1));
#3406=FACE_BOUND('',#3407,.T.);
#3407=EDGE_LOOP('',(#3408,#3409,#3410));
#3408=ORIENTED_EDGE('',*,*,#3411,.T.);
#3409=ORIENTED_EDGE('',*,*,#3412,.T.);
#3410=ORIENTED_EDGE('',*,*,#3413,.T.);
#3411=EDGE_CURVE('',#305,#307,#3414,.F.);
#3412=EDGE_CURVE('',#307,#309,#3415,.T.);
#3413=EDGE_CURVE('',#309,#305,#3416,.T.);
#3414=LINE('',#304,#3417);
#3415=LINE('',#306,#3418);
#3416=LINE('',#308,#3419);
#3417=VECTOR('',#3420,1.0);
#3418=VECTOR('',#3421,1.0);
#3419=VECTOR('',#3422,1.0);
#3420=DIRECTION('',(0,0,1));
#3421=DIRECTION('',(0.14090553962934527,-0.01855262355301565,-0.9898491951105799));
#3422=DIRECTION('',(-0.9914429879544556,0.13054042146377973,0));
#3423=FACE_SURFACE('',(#3428),#3424,.T.);
#3424=PLANE('',#3425);
#3425=AXIS2_PLACEMENT_3D('',#308,#3426,#3427);
#3426=DIRECTION('',(0.13054042146377973,0.9914429879544556,-0));
#3427=DIRECTION('',(-0.14090553962934527,0.01855262355301565,0.9898491951105799));
#3428=FACE_BOUND('',#3429,.T.);
#3429=EDGE_LOOP('',(#3430,#3431,#3432));
#3430=ORIENTED_EDGE('',*,*,#3433,.T.);
#3431=ORIENTED_EDGE('',*,*,#3434,.T.);
#3432=ORIENTED_EDGE('',*,*,#3435,.T.);
#3433=EDGE_CURVE('',#309,#307,#3436,.F.);
#3434=EDGE_CURVE('',#307,#311,#3437,.T.);
#3435=EDGE_CURVE('',#311,#309,#3438,.T.);
#3436=LINE('',#308,#3439);
#3437=LINE('',#306,#3440);
#3438=LINE('',#310,#3441);
#3439=VECTOR('',#3442,1.0);
#3440=VECTOR('',#3443,1.0);
#3441=VECTOR('',#3444,1.0);
#3442=DIRECTION('',(-0.14090553962934527,0.01855262355301565,0.9898491951105799));
#3443=DIRECTION('',(0.9914429879544556,-0.13054042146377973,0));
#3444=DIRECTION('',(0,0,-1));
#3445=FACE_SURFACE('',(#3450),#3446,.T.);
#3446=PLANE('',#3447);
#3447=AXIS2_PLACEMENT_3D('',#308,#3448,#3449);
#3448=DIRECTION('',(-0.13054042146377973,0.9914429879544556,0));
#3449=DIRECTION('',(0,0,1));
#3450=FACE_BOUND('',#3451,.T.);
#3451=EDGE_LOOP('',(#3452,#3453,#3454));
#3452=ORIENTED_EDGE('',*,*,#3455,.T.);
#3453=ORIENTED_EDGE('',*,*,#3456,.T.);
#3454=ORIENTED_EDGE('',*,*,#3457,.T.);
#3455=EDGE_CURVE('',#309,#311,#3458,.F.);
#3456=EDGE_CURVE('',#311,#313,#3459,.T.);
#3457=EDGE_CURVE('',#313,#309,#3460,.T.);
#3458=LINE('',#308,#3461);
#3459=LINE('',#310,#3462);
#3460=LINE('',#312,#3463);
#3461=VECTOR('',#3464,1.0);
#3462=VECTOR('',#3465,1.0);
#3463=VECTOR('',#3466,1.0);
#3464=DIRECTION('',(0,0,1));
#3465=DIRECTION('',(0.14090553962934527,0.01855262355301565,-0.9898491951105799));
#3466=DIRECTION('',(-0.9914429879544556,-0.13054042146377973,0));
#3467=FACE_SURFACE('',(#3472),#3468,.T.);
#3468=PLANE('',#3469);
#3469=AXIS2_PLACEMENT_3D('',#312,#3470,#3471);
#3470=DIRECTION('',(-0.13054042146377973,0.9914429879544556,0));
#3471=DIRECTION('',(-0.14090553962934527,-0.01855262355301565,0.9898491951105799));
#3472=FACE_BOUND('',#3473,.T.);
#3473=EDGE_LOOP('',(#3474,#3475,#3476));
#3474=ORIENTED_EDGE('',*,*,#3477,.T.);
#3475=ORIENTED_EDGE('',*,*,#3478,.T.);
#3476=ORIENTED_EDGE('',*,*,#3479,.T.);
#3477=EDGE_CURVE('',#313,#311,#3480,.F.);
#3478=EDGE_CURVE('',#311,#315,#3481,.T.);
#3479=EDGE_CURVE('',#315,#313,#3482,.T.);
#3480=LINE('',#312,#3483);
#3481=LINE('',#310,#3484);
#3482=LINE('',#314,#3485);
#3483=VECTOR('',#3486,1.0);
#3484=VECTOR('',#3487,1.0);
#3485=VECTOR('',#3488,1.0);
#3486=DIRECTION('',(-0.14090553962934527,-0.01855262355301565,0.9898491951105799));
#3487=DIRECTION('',(0.9914429879544556,0.13054042146377973,0));
#3488=DIRECTION('',(0,0,-1));
#3489=FACE_SURFACE('',(#3494),#3490,.T.);
#3490=PLANE('',#3491);
#3491=AXIS2_PLACEMENT_3D('',#312,#3492,#3493);
#3492=DIRECTION('',(-0.3826776961850583,0.9238819084939894,0));
#3493=DIRECTION('',(0,0,1));
#3494=FACE_BOUND('',#3495,.T.);
#3495=EDGE_LOOP('',(#3496,#3497,#3498));
#3496=ORIENTED_EDGE('',*,*,#3499,.T.);
#3497=ORIENTED_EDGE('',*,*,#3500,.T.);
#3498=ORIENTED_EDGE('',*,*,#3501,.T.);
#3499=EDGE_CURVE('',#313,#315,#3502,.F.);
#3500=EDGE_CURVE('',#315,#317,#3503,.T.);
#3501=EDGE_CURVE('',#317,#313,#3504,.T.);
#3502=LINE('',#312,#3505);
#3503=LINE('',#314,#3506);
#3504=LINE('',#316,#3507);
#3505=VECTOR('',#3508,1.0);
#3506=VECTOR('',#3509,1.0);
#3507=VECTOR('',#3510,1.0);
#3508=DIRECTION('',(0,0,1));
#3509=DIRECTION('',(0.13130324363886486,0.05438662919512414,-0.9898492576017346));
#3510=DIRECTION('',(-0.9238819084939894,-0.3826776961850583,0));
#3511=FACE_SURFACE('',(#3516),#3512,.T.);
#3512=PLANE('',#3513);
#3513=AXIS2_PLACEMENT_3D('',#316,#3514,#3515);
#3514=DIRECTION('',(-0.3826776961850583,0.9238819084939894,0));
#3515=DIRECTION('',(-0.13130324363886486,-0.05438662919512414,0.9898492576017346));
#3516=FACE_BOUND('',#3517,.T.);
#3517=EDGE_LOOP('',(#3518,#3519,#3520));
#3518=ORIENTED_EDGE('',*,*,#3521,.T.);
#3519=ORIENTED_EDGE('',*,*,#3522,.T.);
#3520=ORIENTED_EDGE('',*,*,#3523,.T.);
#3521=EDGE_CURVE('',#317,#315,#3524,.F.);
#3522=EDGE_CURVE('',#315,#319,#3525,.T.);
#3523=EDGE_CURVE('',#319,#317,#3526,.T.);
#3524=LINE('',#316,#3527);
#3525=LINE('',#314,#3528);
#3526=LINE('',#318,#3529);
#3527=VECTOR('',#3530,1.0);
#3528=VECTOR('',#3531,1.0);
#3529=VECTOR('',#3532,1.0);
#3530=DIRECTION('',(-0.13130324363886486,-0.05438662919512414,0.9898492576017346));
#3531=DIRECTION('',(0.9238819084939894,0.3826776961850583,0));
#3532=DIRECTION('',(0,0,-1));
#3533=FACE_SURFACE('',(#3538),#3534,.T.);
#3534=PLANE('',#3535);
#3535=AXIS2_PLACEMENT_3D('',#316,#3536,#3537);
#3536=DIRECTION('',(-0.6087618810210761,0.7933529934497514,0));
#3537=DIRECTION('',(0,0,1));
#3538=FACE_BOUND('',#3539,.T.);
#3539=EDGE_LOOP('',(#3540,#3541,#3542));
#3540=ORIENTED_EDGE('',*,*,#3543,.T.);
#3541=ORIENTED_EDGE('',*,*,#3544,.T.);
#3542=ORIENTED_EDGE('',*,*,#3545,.T.);
#3543=EDGE_CURVE('',#317,#319,#3546,.F.);
#3544=EDGE_CURVE('',#319,#321,#3547,.T.);
#3545=EDGE_CURVE('',#321,#317,#3548,.T.);
#3546=LINE('',#316,#3549);
#3547=LINE('',#318,#3550);
#3548=LINE('',#320,#3551);
#3549=VECTOR('',#3552,1.0);
#3550=VECTOR('',#3553,1.0);
#3551=VECTOR('',#3554,1.0);
#3552=DIRECTION('',(0,0,1));
#3553=DIRECTION('',(0.11275188635189735,0.08651766740778424,-0.989849334671901));
#3554=DIRECTION('',(-0.7933529934497514,-0.608761881021076,0));
#3555=FACE_SURFACE('',(#3560),#3556,.T.);
#3556=PLANE('',#3557);
#3557=AXIS2_PLACEMENT_3D('',#320,#3558,#3559);
#3558=DIRECTION('',(-0.6087618810210761,0.7933529934497514,0));
#3559=DIRECTION('',(-0.11275188635189735,-0.08651766740778424,0.989849334671901));
#3560=FACE_BOUND('',#3561,.T.);
#3561=EDGE_LOOP('',(#3562,#3563,#3564));
#3562=ORIENTED_EDGE('',*,*,#3565,.T.);
#3563=ORIENTED_EDGE('',*,*,#3566,.T.);
#3564=ORIENTED_EDGE('',*,*,#3567,.T.);
#3565=EDGE_CURVE('',#321,#319,#3568,.F.);
#3566=EDGE_CURVE('',#319,#323,#3569,.T.);
#3567=EDGE_CURVE('',#323,#321,#3570,.T.);
#3568=LINE('',#320,#3571);
#3569=LINE('',#318,#3572);
#3570=LINE('',#322,#3573);
#3571=VECTOR('',#3574,1.0);
#3572=VECTOR('',#3575,1.0);
#3573=VECTOR('',#3576,1.0);
#3574=DIRECTION('',(-0.11275188635189735,-0.08651766740778424,0.989849334671901));
#3575=DIRECTION('',(0.7933529934497514,0.608761881021076,0));
#3576=DIRECTION('',(0,0,-1));
#3577=FACE_SURFACE('',(#3582),#3578,.T.);
#3578=PLANE('',#3579);
#3579=AXIS2_PLACEMENT_3D('',#320,#3580,#3581);
#3580=DIRECTION('',(-0.7933519982646501,0.6087631779678259,0));
#3581=DIRECTION('',(0,0,1));
#3582=FACE_BOUND('',#3583,.T.);
#3583=EDGE_LOOP('',(#3584,#3585,#3586));
#3584=ORIENTED_EDGE('',*,*,#3587,.T.);
#3585=ORIENTED_EDGE('',*,*,#3588,.T.);
#3586=ORIENTED_EDGE('',*,*,#3589,.T.);
#3587=EDGE_CURVE('',#321,#323,#3590,.F.);
#3588=EDGE_CURVE('',#323,#325,#3591,.T.);
#3589=EDGE_CURVE('',#325,#321,#3592,.T.);
#3590=LINE('',#320,#3593);
#3591=LINE('',#322,#3594);
#3592=LINE('',#324,#3595);
#3593=VECTOR('',#3596,1.0);
#3594=VECTOR('',#3597,1.0);
#3595=VECTOR('',#3598,1.0);
#3596=DIRECTION('',(0,0,1));
#3597=DIRECTION('',(0.08651890436613488,0.11275311673034369,-0.989849086404022));
#3598=DIRECTION('',(-0.6087631779678259,-0.79335199826465,0));
#3599=FACE_SURFACE('',(#3604),#3600,.T.);
#3600=PLANE('',#3601);
#3601=AXIS2_PLACEMENT_3D('',#324,#3602,#3603);
#3602=DIRECTION('',(-0.7933519982646501,0.6087631779678259,0));
#3603=DIRECTION('',(-0.08651890436613488,-0.11275311673034369,0.989849086404022));
#3604=FACE_BOUND('',#3605,.T.);
#3605=EDGE_LOOP('',(#3606,#3607,#3608));
#3606=ORIENTED_EDGE('',*,*,#3609,.T.);
#3607=ORIENTED_EDGE('',*,*,#3610,.T.);
#3608=ORIENTED_EDGE('',*,*,#3611,.T.);
#3609=EDGE_CURVE('',#325,#323,#3612,.F.);
#3610=EDGE_CURVE('',#323,#327,#3613,.T.);
#3611=EDGE_CURVE('',#327,#325,#3614,.T.);
#3612=LINE('',#324,#3615);
#3613=LINE('',#322,#3616);
#3614=LINE('',#326,#3617);
#3615=VECTOR('',#3618,1.0);
#3616=VECTOR('',#3619,1.0);
#3617=VECTOR('',#3620,1.0);
#3618=DIRECTION('',(-0.08651890436613488,-0.11275311673034369,0.989849086404022));
#3619=DIRECTION('',(0.6087631779678259,0.79335199826465,0));
#3620=DIRECTION('',(0,0,-1));
#3621=FACE_SURFACE('',(#3626),#3622,.T.);
#3622=PLANE('',#3623);
#3623=AXIS2_PLACEMENT_3D('',#324,#3624,#3625);
#3624=DIRECTION('',(-0.9238819084939894,0.3826776961850583,0));
#3625=DIRECTION('',(0,0,1));
#3626=FACE_BOUND('',#3627,.T.);
#3627=EDGE_LOOP('',(#3628,#3629,#3630));
#3628=ORIENTED_EDGE('',*,*,#3631,.T.);
#3629=ORIENTED_EDGE('',*,*,#3632,.T.);
#3630=ORIENTED_EDGE('',*,*,#3633,.T.);
#3631=EDGE_CURVE('',#325,#327,#3634,.F.);
#3632=EDGE_CURVE('',#327,#233,#3635,.T.);
#3633=EDGE_CURVE('',#233,#325,#3636,.T.);
#3634=LINE('',#324,#3637);
#3635=LINE('',#326,#3638);
#3636=LINE('',#232,#3639);
#3637=VECTOR('',#3640,1.0);
#3638=VECTOR('',#3641,1.0);
#3639=VECTOR('',#3642,1.0);
#3640=DIRECTION('',(0,0,1));
#3641=DIRECTION('',(0.05438662919512414,0.13130324363886486,-0.9898492576017346));
#3642=DIRECTION('',(-0.3826776961850583,-0.9238819084939894,0));
#3643=FACE_SURFACE('',(#3648),#3644,.T.);
#3644=PLANE('',#3645);
#3645=AXIS2_PLACEMENT_3D('',#232,#3646,#3647);
#3646=DIRECTION('',(-0.9238819084939894,0.3826776961850583,0));
#3647=DIRECTION('',(-0.05438662919512414,-0.13130324363886486,0.9898492576017346));
#3648=FACE_BOUND('',#3649,.T.);
#3649=EDGE_LOOP('',(#3650,#3651,#3652));
#3650=ORIENTED_EDGE('',*,*,#3653,.T.);
#3651=ORIENTED_EDGE('',*,*,#3654,.T.);
#3652=ORIENTED_EDGE('',*,*,#3655,.T.);
#3653=EDGE_CURVE('',#233,#327,#3656,.F.);
#3654=EDGE_CURVE('',#327,#235,#3657,.T.);
#3655=EDGE_CURVE('',#235,#233,#3658,.T.);
#3656=LINE('',#232,#3659);
#3657=LINE('',#326,#3660);
#3658=LINE('',#234,#3661);
#3659=VECTOR('',#3662,1.0);
#3660=VECTOR('',#3663,1.0);
#3661=VECTOR('',#3664,1.0);
#3662=DIRECTION('',(-0.05438662919512414,-0.13130324363886486,0.9898492576017346));
#3663=DIRECTION('',(0.3826776961850583,0.9238819084939894,0));
#3664=DIRECTION('',(0,0,-1));
#3665=FACE_SURFACE('',(#3670),#3666,.T.);
#3666=PLANE('',#3667);
#3667=AXIS2_PLACEMENT_3D('',#328,#3668,#3669);
#3668=DIRECTION('',(-0.991444134117243,0.13053171616319972,0));
#3669=DIRECTION('',(0,0,1));
#3670=FACE_BOUND('',#3671,.T.);
#3671=EDGE_LOOP('',(#3672,#3673,#3674));
#3672=ORIENTED_EDGE('',*,*,#3675,.T.);
#3673=ORIENTED_EDGE('',*,*,#3676,.T.);
#3674=ORIENTED_EDGE('',*,*,#3677,.T.);
#3675=EDGE_CURVE('',#329,#331,#3678,.F.);
#3676=EDGE_CURVE('',#331,#333,#3679,.T.);
#3677=EDGE_CURVE('',#333,#329,#3680,.T.);
#3678=LINE('',#328,#3681);
#3679=LINE('',#330,#3682);
#3680=LINE('',#332,#3683);
#3681=VECTOR('',#3684,1.0);
#3682=VECTOR('',#3685,1.0);
#3683=VECTOR('',#3686,1.0);
#3684=DIRECTION('',(0,0,1));
#3685=DIRECTION('',(0.018551365327887256,0.14090554291957735,-0.9898492182241749));
#3686=DIRECTION('',(-0.13053171616319972,-0.9914441341172431,0));
#3687=FACE_SURFACE('',(#3692),#3688,.T.);
#3688=PLANE('',#3689);
#3689=AXIS2_PLACEMENT_3D('',#332,#3690,#3691);
#3690=DIRECTION('',(-0.991444134117243,0.13053171616319972,0));
#3691=DIRECTION('',(-0.018551365327887256,-0.14090554291957735,0.9898492182241749));
#3692=FACE_BOUND('',#3693,.T.);
#3693=EDGE_LOOP('',(#3694,#3695,#3696));
#3694=ORIENTED_EDGE('',*,*,#3697,.T.);
#3695=ORIENTED_EDGE('',*,*,#3698,.T.);
#3696=ORIENTED_EDGE('',*,*,#3699,.T.);
#3697=EDGE_CURVE('',#333,#331,#3700,.F.);
#3698=EDGE_CURVE('',#331,#335,#3701,.T.);
#3699=EDGE_CURVE('',#335,#333,#3702,.T.);
#3700=LINE('',#332,#3703);
#3701=LINE('',#330,#3704);
#3702=LINE('',#334,#3705);
#3703=VECTOR('',#3706,1.0);
#3704=VECTOR('',#3707,1.0);
#3705=VECTOR('',#3708,1.0);
#3706=DIRECTION('',(-0.018551365327887256,-0.14090554291957735,0.9898492182241749));
#3707=DIRECTION('',(0.13053171616319972,0.9914441341172431,0));
#3708=DIRECTION('',(0,0,-1));
#3709=FACE_SURFACE('',(#3714),#3710,.T.);
#3710=PLANE('',#3711);
#3711=AXIS2_PLACEMENT_3D('',#332,#3712,#3713);
#3712=DIRECTION('',(-0.9914440586683297,-0.13053228922864096,0));
#3713=DIRECTION('',(0,0,1));
#3714=FACE_BOUND('',#3715,.T.);
#3715=EDGE_LOOP('',(#3716,#3717,#3718));
#3716=ORIENTED_EDGE('',*,*,#3719,.T.);
#3717=ORIENTED_EDGE('',*,*,#3720,.T.);
#3718=ORIENTED_EDGE('',*,*,#3721,.T.);
#3719=EDGE_CURVE('',#333,#335,#3722,.F.);
#3720=EDGE_CURVE('',#335,#337,#3723,.T.);
#3721=EDGE_CURVE('',#337,#333,#3724,.T.);
#3722=LINE('',#332,#3725);
#3723=LINE('',#334,#3726);
#3724=LINE('',#336,#3727);
#3725=VECTOR('',#3728,1.0);
#3726=VECTOR('',#3729,1.0);
#3727=VECTOR('',#3730,1.0);
#3728=DIRECTION('',(0,0,1));
#3729=DIRECTION('',(-0.018551366972944093,0.14090492608525895,-0.9898493059998288));
#3730=DIRECTION('',(0.13053228922864096,-0.9914440586683297,0));
#3731=FACE_SURFACE('',(#3736),#3732,.T.);
#3732=PLANE('',#3733);
#3733=AXIS2_PLACEMENT_3D('',#336,#3734,#3735);
#3734=DIRECTION('',(-0.9914440586683297,-0.13053228922864096,0));
#3735=DIRECTION('',(0.018551366972944093,-0.14090492608525895,0.9898493059998288));
#3736=FACE_BOUND('',#3737,.T.);
#3737=EDGE_LOOP('',(#3738,#3739,#3740));
#3738=ORIENTED_EDGE('',*,*,#3741,.T.);
#3739=ORIENTED_EDGE('',*,*,#3742,.T.);
#3740=ORIENTED_EDGE('',*,*,#3743,.T.);
#3741=EDGE_CURVE('',#337,#335,#3744,.F.);
#3742=EDGE_CURVE('',#335,#339,#3745,.T.);
#3743=EDGE_CURVE('',#339,#337,#3746,.T.);
#3744=LINE('',#336,#3747);
#3745=LINE('',#334,#3748);
#3746=LINE('',#338,#3749);
#3747=VECTOR('',#3750,1.0);
#3748=VECTOR('',#3751,1.0);
#3749=VECTOR('',#3752,1.0);
#3750=DIRECTION('',(0.018551366972944093,-0.14090492608525895,0.9898493059998288));
#3751=DIRECTION('',(-0.13053228922864096,0.9914440586683297,0));
#3752=DIRECTION('',(0,0,-1));
#3753=FACE_SURFACE('',(#3758),#3754,.T.);
#3754=PLANE('',#3755);
#3755=AXIS2_PLACEMENT_3D('',#336,#3756,#3757);
#3756=DIRECTION('',(-0.9238819084939894,-0.3826776961850583,0));
#3757=DIRECTION('',(0,0,1));
#3758=FACE_BOUND('',#3759,.T.);
#3759=EDGE_LOOP('',(#3760,#3761,#3762));
#3760=ORIENTED_EDGE('',*,*,#3763,.T.);
#3761=ORIENTED_EDGE('',*,*,#3764,.T.);
#3762=ORIENTED_EDGE('',*,*,#3765,.T.);
#3763=EDGE_CURVE('',#337,#339,#3766,.F.);
#3764=EDGE_CURVE('',#339,#341,#3767,.T.);
#3765=EDGE_CURVE('',#341,#337,#3768,.T.);
#3766=LINE('',#336,#3769);
#3767=LINE('',#338,#3770);
#3768=LINE('',#340,#3771);
#3769=VECTOR('',#3772,1.0);
#3770=VECTOR('',#3773,1.0);
#3771=VECTOR('',#3774,1.0);
#3772=DIRECTION('',(0,0,1));
#3773=DIRECTION('',(-0.05438662919512414,0.13130324363886486,-0.9898492576017346));
#3774=DIRECTION('',(0.3826776961850583,-0.9238819084939894,0));
#3775=FACE_SURFACE('',(#3780),#3776,.T.);
#3776=PLANE('',#3777);
#3777=AXIS2_PLACEMENT_3D('',#340,#3778,#3779);
#3778=DIRECTION('',(-0.9238819084939894,-0.3826776961850583,0));
#3779=DIRECTION('',(0.05438662919512414,-0.13130324363886486,0.9898492576017346));
#3780=FACE_BOUND('',#3781,.T.);
#3781=EDGE_LOOP('',(#3782,#3783,#3784));
#3782=ORIENTED_EDGE('',*,*,#3785,.T.);
#3783=ORIENTED_EDGE('',*,*,#3786,.T.);
#3784=ORIENTED_EDGE('',*,*,#3787,.T.);
#3785=EDGE_CURVE('',#341,#339,#3788,.F.);
#3786=EDGE_CURVE('',#339,#343,#3789,.T.);
#3787=EDGE_CURVE('',#343,#341,#3790,.T.);
#3788=LINE('',#340,#3791);
#3789=LINE('',#338,#3792);
#3790=LINE('',#342,#3793);
#3791=VECTOR('',#3794,1.0);
#3792=VECTOR('',#3795,1.0);
#3793=VECTOR('',#3796,1.0);
#3794=DIRECTION('',(0.05438662919512414,-0.13130324363886486,0.9898492576017346));
#3795=DIRECTION('',(-0.3826776961850583,0.9238819084939894,0));
#3796=DIRECTION('',(0,0,-1));
#3797=FACE_SURFACE('',(#3802),#3798,.T.);
#3798=PLANE('',#3799);
#3799=AXIS2_PLACEMENT_3D('',#340,#3800,#3801);
#3800=DIRECTION('',(-0.7933503572433819,-0.6087653165726498,0));
#3801=DIRECTION('',(0,0,1));
#3802=FACE_BOUND('',#3803,.T.);
#3803=EDGE_LOOP('',(#3804,#3805,#3806));
#3804=ORIENTED_EDGE('',*,*,#3807,.T.);
#3805=ORIENTED_EDGE('',*,*,#3808,.T.);
#3806=ORIENTED_EDGE('',*,*,#3809,.T.);
#3807=EDGE_CURVE('',#341,#343,#3810,.F.);
#3808=EDGE_CURVE('',#343,#345,#3811,.T.);
#3809=EDGE_CURVE('',#345,#341,#3812,.T.);
#3810=LINE('',#340,#3813);
#3811=LINE('',#342,#3814);
#3812=LINE('',#344,#3815);
#3813=VECTOR('',#3816,1.0);
#3814=VECTOR('',#3817,1.0);
#3815=VECTOR('',#3818,1.0);
#3816=DIRECTION('',(0,0,1));
#3817=DIRECTION('',(-0.08651891050539744,0.11275249540201719,-0.9898491566423528));
#3818=DIRECTION('',(0.6087653165726498,-0.7933503572433819,0));
#3819=FACE_SURFACE('',(#3824),#3820,.T.);
#3820=PLANE('',#3821);
#3821=AXIS2_PLACEMENT_3D('',#344,#3822,#3823);
#3822=DIRECTION('',(-0.7933503572433819,-0.6087653165726498,0));
#3823=DIRECTION('',(0.08651891050539744,-0.11275249540201719,0.9898491566423528));
#3824=FACE_BOUND('',#3825,.T.);
#3825=EDGE_LOOP('',(#3826,#3827,#3828));
#3826=ORIENTED_EDGE('',*,*,#3829,.T.);
#3827=ORIENTED_EDGE('',*,*,#3830,.T.);
#3828=ORIENTED_EDGE('',*,*,#3831,.T.);
#3829=EDGE_CURVE('',#345,#343,#3832,.F.);
#3830=EDGE_CURVE('',#343,#347,#3833,.T.);
#3831=EDGE_CURVE('',#347,#345,#3834,.T.);
#3832=LINE('',#344,#3835);
#3833=LINE('',#342,#3836);
#3834=LINE('',#346,#3837);
#3835=VECTOR('',#3838,1.0);
#3836=VECTOR('',#3839,1.0);
#3837=VECTOR('',#3840,1.0);
#3838=DIRECTION('',(0.08651891050539744,-0.11275249540201719,0.9898491566423528));
#3839=DIRECTION('',(-0.6087653165726498,0.7933503572433819,0));
#3840=DIRECTION('',(0,0,-1));
#3841=FACE_SURFACE('',(#3846),#3842,.T.);
#3842=PLANE('',#3843);
#3843=AXIS2_PLACEMENT_3D('',#344,#3844,#3845);
#3844=DIRECTION('',(-0.6087646681158456,-0.7933508548264155,0));
#3845=DIRECTION('',(0,0,1));
#3846=FACE_BOUND('',#3847,.T.);
#3847=EDGE_LOOP('',(#3848,#3849,#3850));
#3848=ORIENTED_EDGE('',*,*,#3851,.T.);
#3849=ORIENTED_EDGE('',*,*,#3852,.T.);
#3850=ORIENTED_EDGE('',*,*,#3853,.T.);
#3851=EDGE_CURVE('',#345,#347,#3854,.F.);
#3852=EDGE_CURVE('',#347,#349,#3855,.T.);
#3853=EDGE_CURVE('',#349,#345,#3856,.T.);
#3854=LINE('',#344,#3857);
#3855=LINE('',#346,#3858);
#3856=LINE('',#348,#3859);
#3857=VECTOR('',#3860,1.0);
#3858=VECTOR('',#3861,1.0);
#3859=VECTOR('',#3862,1.0);
#3860=DIRECTION('',(0,0,1));
#3861=DIRECTION('',(-0.1127518802127497,0.08651829202625663,-0.9898492807762953));
#3862=DIRECTION('',(0.7933508548264155,-0.6087646681158456,0));
#3863=FACE_SURFACE('',(#3868),#3864,.T.);
#3864=PLANE('',#3865);
#3865=AXIS2_PLACEMENT_3D('',#348,#3866,#3867);
#3866=DIRECTION('',(-0.6087646681158456,-0.7933508548264155,0));
#3867=DIRECTION('',(0.1127518802127497,-0.08651829202625663,0.9898492807762953));
#3868=FACE_BOUND('',#3869,.T.);
#3869=EDGE_LOOP('',(#3870,#3871,#3872));
#3870=ORIENTED_EDGE('',*,*,#3873,.T.);
#3871=ORIENTED_EDGE('',*,*,#3874,.T.);
#3872=ORIENTED_EDGE('',*,*,#3875,.T.);
#3873=EDGE_CURVE('',#349,#347,#3876,.F.);
#3874=EDGE_CURVE('',#347,#351,#3877,.T.);
#3875=EDGE_CURVE('',#351,#349,#3878,.T.);
#3876=LINE('',#348,#3879);
#3877=LINE('',#346,#3880);
#3878=LINE('',#350,#3881);
#3879=VECTOR('',#3882,1.0);
#3880=VECTOR('',#3883,1.0);
#3881=VECTOR('',#3884,1.0);
#3882=DIRECTION('',(0.1127518802127497,-0.08651829202625663,0.9898492807762953));
#3883=DIRECTION('',(-0.7933508548264155,0.6087646681158456,0));
#3884=DIRECTION('',(0,0,-1));
#3885=FACE_SURFACE('',(#3890),#3886,.T.);
#3886=PLANE('',#3887);
#3887=AXIS2_PLACEMENT_3D('',#348,#3888,#3889);
#3888=DIRECTION('',(-0.382681475827443,-0.9238803429332882,0));
#3889=DIRECTION('',(0,0,1));
#3890=FACE_BOUND('',#3891,.T.);
#3891=EDGE_LOOP('',(#3892,#3893,#3894));
#3892=ORIENTED_EDGE('',*,*,#3895,.T.);
#3893=ORIENTED_EDGE('',*,*,#3896,.T.);
#3894=ORIENTED_EDGE('',*,*,#3897,.T.);
#3895=EDGE_CURVE('',#349,#351,#3898,.F.);
#3896=EDGE_CURVE('',#351,#353,#3899,.T.);
#3897=EDGE_CURVE('',#353,#349,#3900,.T.);
#3898=LINE('',#348,#3901);
#3899=LINE('',#350,#3902);
#3900=LINE('',#352,#3903);
#3901=VECTOR('',#3904,1.0);
#3902=VECTOR('',#3905,1.0);
#3903=VECTOR('',#3906,1.0);
#3904=DIRECTION('',(0,0,1));
#3905=DIRECTION('',(-0.13130323914471068,0.054387256662792566,-0.989849223721877));
#3906=DIRECTION('',(0.9238803429332881,-0.38268147582744294,0));
#3907=FACE_SURFACE('',(#3912),#3908,.T.);
#3908=PLANE('',#3909);
#3909=AXIS2_PLACEMENT_3D('',#352,#3910,#3911);
#3910=DIRECTION('',(-0.382681475827443,-0.9238803429332882,0));
#3911=DIRECTION('',(0.13130323914471068,-0.054387256662792566,0.989849223721877));
#3912=FACE_BOUND('',#3913,.T.);
#3913=EDGE_LOOP('',(#3914,#3915,#3916));
#3914=ORIENTED_EDGE('',*,*,#3917,.T.);
#3915=ORIENTED_EDGE('',*,*,#3918,.T.);
#3916=ORIENTED_EDGE('',*,*,#3919,.T.);
#3917=EDGE_CURVE('',#353,#351,#3920,.F.);
#3918=EDGE_CURVE('',#351,#355,#3921,.T.);
#3919=EDGE_CURVE('',#355,#353,#3922,.T.);
#3920=LINE('',#352,#3923);
#3921=LINE('',#350,#3924);
#3922=LINE('',#354,#3925);
#3923=VECTOR('',#3926,1.0);
#3924=VECTOR('',#3927,1.0);
#3925=VECTOR('',#3928,1.0);
#3926=DIRECTION('',(0.13130323914471068,-0.054387256662792566,0.989849223721877));
#3927=DIRECTION('',(-0.9238803429332881,0.38268147582744294,0));
#3928=DIRECTION('',(0,0,-1));
#3929=FACE_SURFACE('',(#3934),#3930,.T.);
#3930=PLANE('',#3931);
#3931=AXIS2_PLACEMENT_3D('',#352,#3932,#3933);
#3932=DIRECTION('',(-0.1305273635015882,-0.9914447071709669,0));
#3933=DIRECTION('',(0,0,1));
#3934=FACE_BOUND('',#3935,.T.);
#3935=EDGE_LOOP('',(#3936,#3937,#3938));
#3936=ORIENTED_EDGE('',*,*,#3939,.T.);
#3937=ORIENTED_EDGE('',*,*,#3940,.T.);
#3938=ORIENTED_EDGE('',*,*,#3941,.T.);
#3939=EDGE_CURVE('',#353,#355,#3942,.F.);
#3940=EDGE_CURVE('',#355,#357,#3943,.T.);
#3941=EDGE_CURVE('',#357,#353,#3944,.T.);
#3942=LINE('',#352,#3945);
#3943=LINE('',#354,#3946);
#3944=LINE('',#356,#3947);
#3945=VECTOR('',#3948,1.0);
#3946=VECTOR('',#3949,1.0);
#3947=VECTOR('',#3950,1.0);
#3948=DIRECTION('',(0,0,1));
#3949=DIRECTION('',(-0.14090554456460977,0.01855073621529001,-0.9898492297803851));
#3950=DIRECTION('',(0.9914447071709669,-0.13052736350158817,0));
#3951=FACE_SURFACE('',(#3956),#3952,.T.);
#3952=PLANE('',#3953);
#3953=AXIS2_PLACEMENT_3D('',#356,#3954,#3955);
#3954=DIRECTION('',(-0.1305273635015882,-0.9914447071709669,0));
#3955=DIRECTION('',(0.14090554456460977,-0.01855073621529001,0.9898492297803851));
#3956=FACE_BOUND('',#3957,.T.);
#3957=EDGE_LOOP('',(#3958,#3959,#3960));
#3958=ORIENTED_EDGE('',*,*,#3961,.T.);
#3959=ORIENTED_EDGE('',*,*,#3962,.T.);
#3960=ORIENTED_EDGE('',*,*,#3963,.T.);
#3961=EDGE_CURVE('',#357,#355,#3964,.F.);
#3962=EDGE_CURVE('',#355,#359,#3965,.T.);
#3963=EDGE_CURVE('',#359,#357,#3966,.T.);
#3964=LINE('',#356,#3967);
#3965=LINE('',#354,#3968);
#3966=LINE('',#358,#3969);
#3967=VECTOR('',#3970,1.0);
#3968=VECTOR('',#3971,1.0);
#3969=VECTOR('',#3972,1.0);
#3970=DIRECTION('',(0.14090554456460977,-0.01855073621529001,0.9898492297803851));
#3971=DIRECTION('',(-0.9914447071709669,0.13052736350158817,0));
#3972=DIRECTION('',(0,0,-1));
#3973=FACE_SURFACE('',(#3978),#3974,.T.);
#3974=PLANE('',#3975);
#3975=AXIS2_PLACEMENT_3D('',#356,#3976,#3977);
#3976=DIRECTION('',(0.1305273635015882,-0.9914447071709669,0));
#3977=DIRECTION('',(0,0,1));
#3978=FACE_BOUND('',#3979,.T.);
#3979=EDGE_LOOP('',(#3980,#3981,#3982));
#3980=ORIENTED_EDGE('',*,*,#3983,.T.);
#3981=ORIENTED_EDGE('',*,*,#3984,.T.);
#3982=ORIENTED_EDGE('',*,*,#3985,.T.);
#3983=EDGE_CURVE('',#357,#359,#3986,.F.);
#3984=EDGE_CURVE('',#359,#361,#3987,.T.);
#3985=EDGE_CURVE('',#361,#357,#3988,.T.);
#3986=LINE('',#356,#3989);
#3987=LINE('',#358,#3990);
#3988=LINE('',#360,#3991);
#3989=VECTOR('',#3992,1.0);
#3990=VECTOR('',#3993,1.0);
#3991=VECTOR('',#3994,1.0);
#3992=DIRECTION('',(0,0,1));
#3993=DIRECTION('',(-0.14090554456460977,-0.01855073621529001,-0.9898492297803851));
#3994=DIRECTION('',(0.9914447071709669,0.13052736350158817,0));
#3995=FACE_SURFACE('',(#4000),#3996,.T.);
#3996=PLANE('',#3997);
#3997=AXIS2_PLACEMENT_3D('',#360,#3998,#3999);
#3998=DIRECTION('',(0.1305273635015882,-0.9914447071709669,0));
#3999=DIRECTION('',(0.14090554456460977,0.01855073621529001,0.9898492297803851));
#4000=FACE_BOUND('',#4001,.T.);
#4001=EDGE_LOOP('',(#4002,#4003,#4004));
#4002=ORIENTED_EDGE('',*,*,#4005,.T.);
#4003=ORIENTED_EDGE('',*,*,#4006,.T.);
#4004=ORIENTED_EDGE('',*,*,#4007,.T.);
#4005=EDGE_CURVE('',#361,#359,#4008,.F.);
#4006=EDGE_CURVE('',#359,#363,#4009,.T.);
#4007=EDGE_CURVE('',#363,#361,#4010,.T.);
#4008=LINE('',#360,#4011);
#4009=LINE('',#358,#4012);
#4010=LINE('',#362,#4013);
#4011=VECTOR('',#4014,1.0);
#4012=VECTOR('',#4015,1.0);
#4013=VECTOR('',#4016,1.0);
#4014=DIRECTION('',(0.14090554456460977,0.01855073621529001,0.9898492297803851));
#4015=DIRECTION('',(-0.9914447071709669,-0.13052736350158817,0));
#4016=DIRECTION('',(0,0,-1));
#4017=FACE_SURFACE('',(#4022),#4018,.T.);
#4018=PLANE('',#4019);
#4019=AXIS2_PLACEMENT_3D('',#360,#4020,#4021);
#4020=DIRECTION('',(0.382681475827443,-0.9238803429332882,0));
#4021=DIRECTION('',(0,0,1));
#4022=FACE_BOUND('',#4023,.T.);
#4023=EDGE_LOOP('',(#4024,#4025,#4026));
#4024=ORIENTED_EDGE('',*,*,#4027,.T.);
#4025=ORIENTED_EDGE('',*,*,#4028,.T.);
#4026=ORIENTED_EDGE('',*,*,#4029,.T.);
#4027=EDGE_CURVE('',#361,#363,#4030,.F.);
#4028=EDGE_CURVE('',#363,#365,#4031,.T.);
#4029=EDGE_CURVE('',#365,#361,#4032,.T.);
#4030=LINE('',#360,#4033);
#4031=LINE('',#362,#4034);
#4032=LINE('',#364,#4035);
#4033=VECTOR('',#4036,1.0);
#4034=VECTOR('',#4037,1.0);
#4035=VECTOR('',#4038,1.0);
#4036=DIRECTION('',(0,0,1));
#4037=DIRECTION('',(-0.13130323914471068,-0.054387256662792566,-0.989849223721877));
#4038=DIRECTION('',(0.9238803429332881,0.38268147582744294,0));
#4039=FACE_SURFACE('',(#4044),#4040,.T.);
#4040=PLANE('',#4041);
#4041=AXIS2_PLACEMENT_3D('',#364,#4042,#4043);
#4042=DIRECTION('',(0.382681475827443,-0.9238803429332882,0));
#4043=DIRECTION('',(0.13130323914471068,0.054387256662792566,0.989849223721877));
#4044=FACE_BOUND('',#4045,.T.);
#4045=EDGE_LOOP('',(#4046,#4047,#4048));
#4046=ORIENTED_EDGE('',*,*,#4049,.T.);
#4047=ORIENTED_EDGE('',*,*,#4050,.T.);
#4048=ORIENTED_EDGE('',*,*,#4051,.T.);
#4049=EDGE_CURVE('',#365,#363,#4052,.F.);
#4050=EDGE_CURVE('',#363,#367,#4053,.T.);
#4051=EDGE_CURVE('',#367,#365,#4054,.T.);
#4052=LINE('',#364,#4055);
#4053=LINE('',#362,#4056);
#4054=LINE('',#366,#4057);
#4055=VECTOR('',#4058,1.0);
#4056=VECTOR('',#4059,1.0);
#4057=VECTOR('',#4060,1.0);
#4058=DIRECTION('',(0.13130323914471068,0.054387256662792566,0.989849223721877));
#4059=DIRECTION('',(-0.9238803429332881,-0.38268147582744294,0));
#4060=DIRECTION('',(0,0,-1));
#4061=FACE_SURFACE('',(#4066),#4062,.T.);
#4062=PLANE('',#4063);
#4063=AXIS2_PLACEMENT_3D('',#364,#4064,#4065);
#4064=DIRECTION('',(0.6087646681158456,-0.7933508548264155,0));
#4065=DIRECTION('',(0,0,1));
#4066=FACE_BOUND('',#4067,.T.);
#4067=EDGE_LOOP('',(#4068,#4069,#4070));
#4068=ORIENTED_EDGE('',*,*,#4071,.T.);
#4069=ORIENTED_EDGE('',*,*,#4072,.T.);
#4070=ORIENTED_EDGE('',*,*,#4073,.T.);
#4071=EDGE_CURVE('',#365,#367,#4074,.F.);
#4072=EDGE_CURVE('',#367,#369,#4075,.T.);
#4073=EDGE_CURVE('',#369,#365,#4076,.T.);
#4074=LINE('',#364,#4077);
#4075=LINE('',#366,#4078);
#4076=LINE('',#368,#4079);
#4077=VECTOR('',#4080,1.0);
#4078=VECTOR('',#4081,1.0);
#4079=VECTOR('',#4082,1.0);
#4080=DIRECTION('',(0,0,1));
#4081=DIRECTION('',(-0.1127518802127497,-0.08651829202625663,-0.9898492807762953));
#4082=DIRECTION('',(0.7933508548264155,0.6087646681158456,0));
#4083=FACE_SURFACE('',(#4088),#4084,.T.);
#4084=PLANE('',#4085);
#4085=AXIS2_PLACEMENT_3D('',#368,#4086,#4087);
#4086=DIRECTION('',(0.6087646681158456,-0.7933508548264155,0));
#4087=DIRECTION('',(0.1127518802127497,0.08651829202625663,0.9898492807762953));
#4088=FACE_BOUND('',#4089,.T.);
#4089=EDGE_LOOP('',(#4090,#4091,#4092));
#4090=ORIENTED_EDGE('',*,*,#4093,.T.);
#4091=ORIENTED_EDGE('',*,*,#4094,.T.);
#4092=ORIENTED_EDGE('',*,*,#4095,.T.);
#4093=EDGE_CURVE('',#369,#367,#4096,.F.);
#4094=EDGE_CURVE('',#367,#371,#4097,.T.);
#4095=EDGE_CURVE('',#371,#369,#4098,.T.);
#4096=LINE('',#368,#4099);
#4097=LINE('',#366,#4100);
#4098=LINE('',#370,#4101);
#4099=VECTOR('',#4102,1.0);
#4100=VECTOR('',#4103,1.0);
#4101=VECTOR('',#4104,1.0);
#4102=DIRECTION('',(0.1127518802127497,0.08651829202625663,0.9898492807762953));
#4103=DIRECTION('',(-0.7933508548264155,-0.6087646681158456,0));
#4104=DIRECTION('',(0,0,-1));
#4105=FACE_SURFACE('',(#4110),#4106,.T.);
#4106=PLANE('',#4107);
#4107=AXIS2_PLACEMENT_3D('',#368,#4108,#4109);
#4108=DIRECTION('',(0.7933503572433819,-0.6087653165726498,0));
#4109=DIRECTION('',(0,0,1));
#4110=FACE_BOUND('',#4111,.T.);
#4111=EDGE_LOOP('',(#4112,#4113,#4114));
#4112=ORIENTED_EDGE('',*,*,#4115,.T.);
#4113=ORIENTED_EDGE('',*,*,#4116,.T.);
#4114=ORIENTED_EDGE('',*,*,#4117,.T.);
#4115=EDGE_CURVE('',#369,#371,#4118,.F.);
#4116=EDGE_CURVE('',#371,#373,#4119,.T.);
#4117=EDGE_CURVE('',#373,#369,#4120,.T.);
#4118=LINE('',#368,#4121);
#4119=LINE('',#370,#4122);
#4120=LINE('',#372,#4123);
#4121=VECTOR('',#4124,1.0);
#4122=VECTOR('',#4125,1.0);
#4123=VECTOR('',#4126,1.0);
#4124=DIRECTION('',(0,0,1));
#4125=DIRECTION('',(-0.08651891050539744,-0.11275249540201719,-0.9898491566423528));
#4126=DIRECTION('',(0.6087653165726498,0.7933503572433819,0));
#4127=FACE_SURFACE('',(#4132),#4128,.T.);
#4128=PLANE('',#4129);
#4129=AXIS2_PLACEMENT_3D('',#372,#4130,#4131);
#4130=DIRECTION('',(0.7933503572433819,-0.6087653165726498,0));
#4131=DIRECTION('',(0.08651891050539744,0.11275249540201719,0.9898491566423528));
#4132=FACE_BOUND('',#4133,.T.);
#4133=EDGE_LOOP('',(#4134,#4135,#4136));
#4134=ORIENTED_EDGE('',*,*,#4137,.T.);
#4135=ORIENTED_EDGE('',*,*,#4138,.T.);
#4136=ORIENTED_EDGE('',*,*,#4139,.T.);
#4137=EDGE_CURVE('',#373,#371,#4140,.F.);
#4138=EDGE_CURVE('',#371,#375,#4141,.T.);
#4139=EDGE_CURVE('',#375,#373,#4142,.T.);
#4140=LINE('',#372,#4143);
#4141=LINE('',#370,#4144);
#4142=LINE('',#374,#4145);
#4143=VECTOR('',#4146,1.0);
#4144=VECTOR('',#4147,1.0);
#4145=VECTOR('',#4148,1.0);
#4146=DIRECTION('',(0.08651891050539744,0.11275249540201719,0.9898491566423528));
#4147=DIRECTION('',(-0.6087653165726498,-0.7933503572433819,0));
#4148=DIRECTION('',(0,0,-1));
#4149=FACE_SURFACE('',(#4154),#4150,.T.);
#4150=PLANE('',#4151);
#4151=AXIS2_PLACEMENT_3D('',#372,#4152,#4153);
#4152=DIRECTION('',(0.9238819084939894,-0.3826776961850583,0));
#4153=DIRECTION('',(0,0,1));
#4154=FACE_BOUND('',#4155,.T.);
#4155=EDGE_LOOP('',(#4156,#4157,#4158));
#4156=ORIENTED_EDGE('',*,*,#4159,.T.);
#4157=ORIENTED_EDGE('',*,*,#4160,.T.);
#4158=ORIENTED_EDGE('',*,*,#4161,.T.);
#4159=EDGE_CURVE('',#373,#375,#4162,.F.);
#4160=EDGE_CURVE('',#375,#377,#4163,.T.);
#4161=EDGE_CURVE('',#377,#373,#4164,.T.);
#4162=LINE('',#372,#4165);
#4163=LINE('',#374,#4166);
#4164=LINE('',#376,#4167);
#4165=VECTOR('',#4168,1.0);
#4166=VECTOR('',#4169,1.0);
#4167=VECTOR('',#4170,1.0);
#4168=DIRECTION('',(0,0,1));
#4169=DIRECTION('',(-0.05438662919512414,-0.13130324363886486,-0.9898492576017346));
#4170=DIRECTION('',(0.3826776961850583,0.9238819084939894,0));
#4171=FACE_SURFACE('',(#4176),#4172,.T.);
#4172=PLANE('',#4173);
#4173=AXIS2_PLACEMENT_3D('',#376,#4174,#4175);
#4174=DIRECTION('',(0.9238819084939894,-0.3826776961850583,0));
#4175=DIRECTION('',(0.05438662919512414,0.13130324363886486,0.9898492576017346));
#4176=FACE_BOUND('',#4177,.T.);
#4177=EDGE_LOOP('',(#4178,#4179,#4180));
#4178=ORIENTED_EDGE('',*,*,#4181,.T.);
#4179=ORIENTED_EDGE('',*,*,#4182,.T.);
#4180=ORIENTED_EDGE('',*,*,#4183,.T.);
#4181=EDGE_CURVE('',#377,#375,#4184,.F.);
#4182=EDGE_CURVE('',#375,#379,#4185,.T.);
#4183=EDGE_CURVE('',#379,#377,#4186,.T.);
#4184=LINE('',#376,#4187);
#4185=LINE('',#374,#4188);
#4186=LINE('',#378,#4189);
#4187=VECTOR('',#4190,1.0);
#4188=VECTOR('',#4191,1.0);
#4189=VECTOR('',#4192,1.0);
#4190=DIRECTION('',(0.05438662919512414,0.13130324363886486,0.9898492576017346));
#4191=DIRECTION('',(-0.3826776961850583,-0.9238819084939894,0));
#4192=DIRECTION('',(0,0,-1));
#4193=FACE_SURFACE('',(#4198),#4194,.T.);
#4194=PLANE('',#4195);
#4195=AXIS2_PLACEMENT_3D('',#376,#4196,#4197);
#4196=DIRECTION('',(0.9914440586683297,-0.13053228922864096,0));
#4197=DIRECTION('',(0,0,1));
#4198=FACE_BOUND('',#4199,.T.);
#4199=EDGE_LOOP('',(#4200,#4201,#4202));
#4200=ORIENTED_EDGE('',*,*,#4203,.T.);
#4201=ORIENTED_EDGE('',*,*,#4204,.T.);
#4202=ORIENTED_EDGE('',*,*,#4205,.T.);
#4203=EDGE_CURVE('',#377,#379,#4206,.F.);
#4204=EDGE_CURVE('',#379,#381,#4207,.T.);
#4205=EDGE_CURVE('',#381,#377,#4208,.T.);
#4206=LINE('',#376,#4209);
#4207=LINE('',#378,#4210);
#4208=LINE('',#380,#4211);
#4209=VECTOR('',#4212,1.0);
#4210=VECTOR('',#4213,1.0);
#4211=VECTOR('',#4214,1.0);
#4212=DIRECTION('',(0,0,1));
#4213=DIRECTION('',(-0.018551366972944093,-0.14090492608525895,-0.9898493059998288));
#4214=DIRECTION('',(0.13053228922864096,0.9914440586683297,0));
#4215=FACE_SURFACE('',(#4220),#4216,.T.);
#4216=PLANE('',#4217);
#4217=AXIS2_PLACEMENT_3D('',#380,#4218,#4219);
#4218=DIRECTION('',(0.9914440586683297,-0.13053228922864096,0));
#4219=DIRECTION('',(0.018551366972944093,0.14090492608525895,0.9898493059998288));
#4220=FACE_BOUND('',#4221,.T.);
#4221=EDGE_LOOP('',(#4222,#4223,#4224));
#4222=ORIENTED_EDGE('',*,*,#4225,.T.);
#4223=ORIENTED_EDGE('',*,*,#4226,.T.);
#4224=ORIENTED_EDGE('',*,*,#4227,.T.);
#4225=EDGE_CURVE('',#381,#379,#4228,.F.);
#4226=EDGE_CURVE('',#379,#383,#4229,.T.);
#4227=EDGE_CURVE('',#383,#381,#4230,.T.);
#4228=LINE('',#380,#4231);
#4229=LINE('',#378,#4232);
#4230=LINE('',#382,#4233);
#4231=VECTOR('',#4234,1.0);
#4232=VECTOR('',#4235,1.0);
#4233=VECTOR('',#4236,1.0);
#4234=DIRECTION('',(0.018551366972944093,0.14090492608525895,0.9898493059998288));
#4235=DIRECTION('',(-0.13053228922864096,-0.9914440586683297,0));
#4236=DIRECTION('',(0,0,-1));
#4237=FACE_SURFACE('',(#4242),#4238,.T.);
#4238=PLANE('',#4239);
#4239=AXIS2_PLACEMENT_3D('',#380,#4240,#4241);
#4240=DIRECTION('',(0.991444134117243,0.13053171616319972,-0));
#4241=DIRECTION('',(0,0,1));
#4242=FACE_BOUND('',#4243,.T.);
#4243=EDGE_LOOP('',(#4244,#4245,#4246));
#4244=ORIENTED_EDGE('',*,*,#4247,.T.);
#4245=ORIENTED_EDGE('',*,*,#4248,.T.);
#4246=ORIENTED_EDGE('',*,*,#4249,.T.);
#4247=EDGE_CURVE('',#381,#383,#4250,.F.);
#4248=EDGE_CURVE('',#383,#385,#4251,.T.);
#4249=EDGE_CURVE('',#385,#381,#4252,.T.);
#4250=LINE('',#380,#4253);
#4251=LINE('',#382,#4254);
#4252=LINE('',#384,#4255);
#4253=VECTOR('',#4256,1.0);
#4254=VECTOR('',#4257,1.0);
#4255=VECTOR('',#4258,1.0);
#4256=DIRECTION('',(0,0,1));
#4257=DIRECTION('',(0.018551365327887256,-0.14090554291957735,-0.9898492182241749));
#4258=DIRECTION('',(-0.13053171616319972,0.9914441341172431,0));
#4259=FACE_SURFACE('',(#4264),#4260,.T.);
#4260=PLANE('',#4261);
#4261=AXIS2_PLACEMENT_3D('',#384,#4262,#4263);
#4262=DIRECTION('',(0.991444134117243,0.13053171616319972,-0));
#4263=DIRECTION('',(-0.018551365327887256,0.14090554291957735,0.9898492182241749));
#4264=FACE_BOUND('',#4265,.T.);
#4265=EDGE_LOOP('',(#4266,#4267,#4268));
#4266=ORIENTED_EDGE('',*,*,#4269,.T.);
#4267=ORIENTED_EDGE('',*,*,#4270,.T.);
#4268=ORIENTED_EDGE('',*,*,#4271,.T.);
#4269=EDGE_CURVE('',#385,#383,#4272,.F.);
#4270=EDGE_CURVE('',#383,#387,#4273,.T.);
#4271=EDGE_CURVE('',#387,#385,#4274,.T.);
#4272=LINE('',#384,#4275);
#4273=LINE('',#382,#4276);
#4274=LINE('',#386,#4277);
#4275=VECTOR('',#4278,1.0);
#4276=VECTOR('',#4279,1.0);
#4277=VECTOR('',#4280,1.0);
#4278=DIRECTION('',(-0.018551365327887256,0.14090554291957735,0.9898492182241749));
#4279=DIRECTION('',(0.13053171616319972,-0.9914441341172431,0));
#4280=DIRECTION('',(0,0,-1));
#4281=FACE_SURFACE('',(#4286),#4282,.T.);
#4282=PLANE('',#4283);
#4283=AXIS2_PLACEMENT_3D('',#384,#4284,#4285);
#4284=DIRECTION('',(0.9238819084939894,0.3826776961850583,-0));
#4285=DIRECTION('',(0,0,1));
#4286=FACE_BOUND('',#4287,.T.);
#4287=EDGE_LOOP('',(#4288,#4289,#4290));
#4288=ORIENTED_EDGE('',*,*,#4291,.T.);
#4289=ORIENTED_EDGE('',*,*,#4292,.T.);
#4290=ORIENTED_EDGE('',*,*,#4293,.T.);
#4291=EDGE_CURVE('',#385,#387,#4294,.F.);
#4292=EDGE_CURVE('',#387,#389,#4295,.T.);
#4293=EDGE_CURVE('',#389,#385,#4296,.T.);
#4294=LINE('',#384,#4297);
#4295=LINE('',#386,#4298);
#4296=LINE('',#388,#4299);
#4297=VECTOR('',#4300,1.0);
#4298=VECTOR('',#4301,1.0);
#4299=VECTOR('',#4302,1.0);
#4300=DIRECTION('',(0,0,1));
#4301=DIRECTION('',(0.05438662919512414,-0.13130324363886486,-0.9898492576017346));
#4302=DIRECTION('',(-0.3826776961850583,0.9238819084939894,0));
#4303=FACE_SURFACE('',(#4308),#4304,.T.);
#4304=PLANE('',#4305);
#4305=AXIS2_PLACEMENT_3D('',#388,#4306,#4307);
#4306=DIRECTION('',(0.9238819084939894,0.3826776961850583,-0));
#4307=DIRECTION('',(-0.05438662919512414,0.13130324363886486,0.9898492576017346));
#4308=FACE_BOUND('',#4309,.T.);
#4309=EDGE_LOOP('',(#4310,#4311,#4312));
#4310=ORIENTED_EDGE('',*,*,#4313,.T.);
#4311=ORIENTED_EDGE('',*,*,#4314,.T.);
#4312=ORIENTED_EDGE('',*,*,#4315,.T.);
#4313=EDGE_CURVE('',#389,#387,#4316,.F.);
#4314=EDGE_CURVE('',#387,#391,#4317,.T.);
#4315=EDGE_CURVE('',#391,#389,#4318,.T.);
#4316=LINE('',#388,#4319);
#4317=LINE('',#386,#4320);
#4318=LINE('',#390,#4321);
#4319=VECTOR('',#4322,1.0);
#4320=VECTOR('',#4323,1.0);
#4321=VECTOR('',#4324,1.0);
#4322=DIRECTION('',(-0.05438662919512414,0.13130324363886486,0.9898492576017346));
#4323=DIRECTION('',(0.3826776961850583,-0.9238819084939894,0));
#4324=DIRECTION('',(0,0,-1));
#4325=FACE_SURFACE('',(#4330),#4326,.T.);
#4326=PLANE('',#4327);
#4327=AXIS2_PLACEMENT_3D('',#388,#4328,#4329);
#4328=DIRECTION('',(0.7933503572433819,0.6087653165726498,-0));
#4329=DIRECTION('',(0,0,1));
#4330=FACE_BOUND('',#4331,.T.);
#4331=EDGE_LOOP('',(#4332,#4333,#4334));
#4332=ORIENTED_EDGE('',*,*,#4335,.T.);
#4333=ORIENTED_EDGE('',*,*,#4336,.T.);
#4334=ORIENTED_EDGE('',*,*,#4337,.T.);
#4335=EDGE_CURVE('',#389,#391,#4338,.F.);
#4336=EDGE_CURVE('',#391,#393,#4339,.T.);
#4337=EDGE_CURVE('',#393,#389,#4340,.T.);
#4338=LINE('',#388,#4341);
#4339=LINE('',#390,#4342);
#4340=LINE('',#392,#4343);
#4341=VECTOR('',#4344,1.0);
#4342=VECTOR('',#4345,1.0);
#4343=VECTOR('',#4346,1.0);
#4344=DIRECTION('',(0,0,1));
#4345=DIRECTION('',(0.08651891050539744,-0.11275249540201719,-0.9898491566423528));
#4346=DIRECTION('',(-0.6087653165726498,0.7933503572433819,0));
#4347=FACE_SURFACE('',(#4352),#4348,.T.);
#4348=PLANE('',#4349);
#4349=AXIS2_PLACEMENT_3D('',#392,#4350,#4351);
#4350=DIRECTION('',(0.7933503572433819,0.6087653165726498,-0));
#4351=DIRECTION('',(-0.08651891050539744,0.11275249540201719,0.9898491566423528));
#4352=FACE_BOUND('',#4353,.T.);
#4353=EDGE_LOOP('',(#4354,#4355,#4356));
#4354=ORIENTED_EDGE('',*,*,#4357,.T.);
#4355=ORIENTED_EDGE('',*,*,#4358,.T.);
#4356=ORIENTED_EDGE('',*,*,#4359,.T.);
#4357=EDGE_CURVE('',#393,#391,#4360,.F.);
#4358=EDGE_CURVE('',#391,#395,#4361,.T.);
#4359=EDGE_CURVE('',#395,#393,#4362,.T.);
#4360=LINE('',#392,#4363);
#4361=LINE('',#390,#4364);
#4362=LINE('',#394,#4365);
#4363=VECTOR('',#4366,1.0);
#4364=VECTOR('',#4367,1.0);
#4365=VECTOR('',#4368,1.0);
#4366=DIRECTION('',(-0.08651891050539744,0.11275249540201719,0.9898491566423528));
#4367=DIRECTION('',(0.6087653165726498,-0.7933503572433819,0));
#4368=DIRECTION('',(0,0,-1));
#4369=FACE_SURFACE('',(#4374),#4370,.T.);
#4370=PLANE('',#4371);
#4371=AXIS2_PLACEMENT_3D('',#392,#4372,#4373);
#4372=DIRECTION('',(0.6087646681158456,0.7933508548264155,-0));
#4373=DIRECTION('',(0,0,1));
#4374=FACE_BOUND('',#4375,.T.);
#4375=EDGE_LOOP('',(#4376,#4377,#4378));
#4376=ORIENTED_EDGE('',*,*,#4379,.T.);
#4377=ORIENTED_EDGE('',*,*,#4380,.T.);
#4378=ORIENTED_EDGE('',*,*,#4381,.T.);
#4379=EDGE_CURVE('',#393,#395,#4382,.F.);
#4380=EDGE_CURVE('',#395,#397,#4383,.T.);
#4381=EDGE_CURVE('',#397,#393,#4384,.T.);
#4382=LINE('',#392,#4385);
#4383=LINE('',#394,#4386);
#4384=LINE('',#396,#4387);
#4385=VECTOR('',#4388,1.0);
#4386=VECTOR('',#4389,1.0);
#4387=VECTOR('',#4390,1.0);
#4388=DIRECTION('',(0,0,1));
#4389=DIRECTION('',(0.1127518802127497,-0.08651829202625663,-0.9898492807762953));
#4390=DIRECTION('',(-0.7933508548264155,0.6087646681158456,0));
#4391=FACE_SURFACE('',(#4396),#4392,.T.);
#4392=PLANE('',#4393);
#4393=AXIS2_PLACEMENT_3D('',#396,#4394,#4395);
#4394=DIRECTION('',(0.6087646681158456,0.7933508548264155,-0));
#4395=DIRECTION('',(-0.1127518802127497,0.08651829202625663,0.9898492807762953));
#4396=FACE_BOUND('',#4397,.T.);
#4397=EDGE_LOOP('',(#4398,#4399,#4400));
#4398=ORIENTED_EDGE('',*,*,#4401,.T.);
#4399=ORIENTED_EDGE('',*,*,#4402,.T.);
#4400=ORIENTED_EDGE('',*,*,#4403,.T.);
#4401=EDGE_CURVE('',#397,#395,#4404,.F.);
#4402=EDGE_CURVE('',#395,#399,#4405,.T.);
#4403=EDGE_CURVE('',#399,#397,#4406,.T.);
#4404=LINE('',#396,#4407);
#4405=LINE('',#394,#4408);
#4406=LINE('',#398,#4409);
#4407=VECTOR('',#4410,1.0);
#4408=VECTOR('',#4411,1.0);
#4409=VECTOR('',#4412,1.0);
#4410=DIRECTION('',(-0.1127518802127497,0.08651829202625663,0.9898492807762953));
#4411=DIRECTION('',(0.7933508548264155,-0.6087646681158456,0));
#4412=DIRECTION('',(0,0,-1));
#4413=FACE_SURFACE('',(#4418),#4414,.T.);
#4414=PLANE('',#4415);
#4415=AXIS2_PLACEMENT_3D('',#396,#4416,#4417);
#4416=DIRECTION('',(0.382681475827443,0.9238803429332882,-0));
#4417=DIRECTION('',(0,0,1));
#4418=FACE_BOUND('',#4419,.T.);
#4419=EDGE_LOOP('',(#4420,#4421,#4422));
#4420=ORIENTED_EDGE('',*,*,#4423,.T.);
#4421=ORIENTED_EDGE('',*,*,#4424,.T.);
#4422=ORIENTED_EDGE('',*,*,#4425,.T.);
#4423=EDGE_CURVE('',#397,#399,#4426,.F.);
#4424=EDGE_CURVE('',#399,#401,#4427,.T.);
#4425=EDGE_CURVE('',#401,#397,#4428,.T.);
#4426=LINE('',#396,#4429);
#4427=LINE('',#398,#4430);
#4428=LINE('',#400,#4431);
#4429=VECTOR('',#4432,1.0);
#4430=VECTOR('',#4433,1.0);
#4431=VECTOR('',#4434,1.0);
#4432=DIRECTION('',(0,0,1));
#4433=DIRECTION('',(0.13130323914471068,-0.054387256662792566,-0.989849223721877));
#4434=DIRECTION('',(-0.9238803429332881,0.38268147582744294,0));
#4435=FACE_SURFACE('',(#4440),#4436,.T.);
#4436=PLANE('',#4437);
#4437=AXIS2_PLACEMENT_3D('',#400,#4438,#4439);
#4438=DIRECTION('',(0.382681475827443,0.9238803429332882,-0));
#4439=DIRECTION('',(-0.13130323914471068,0.054387256662792566,0.989849223721877));
#4440=FACE_BOUND('',#4441,.T.);
#4441=EDGE_LOOP('',(#4442,#4443,#4444));
#4442=ORIENTED_EDGE('',*,*,#4445,.T.);
#4443=ORIENTED_EDGE('',*,*,#4446,.T.);
#4444=ORIENTED_EDGE('',*,*,#4447,.T.);
#4445=EDGE_CURVE('',#401,#399,#4448,.F.);
#4446=EDGE_CURVE('',#399,#403,#4449,.T.);
#4447=EDGE_CURVE('',#403,#401,#4450,.T.);
#4448=LINE('',#400,#4451);
#4449=LINE('',#398,#4452);
#4450=LINE('',#402,#4453);
#4451=VECTOR('',#4454,1.0);
#4452=VECTOR('',#4455,1.0);
#4453=VECTOR('',#4456,1.0);
#4454=DIRECTION('',(-0.13130323914471068,0.054387256662792566,0.989849223721877));
#4455=DIRECTION('',(0.9238803429332881,-0.38268147582744294,0));
#4456=DIRECTION('',(0,0,-1));
#4457=FACE_SURFACE('',(#4462),#4458,.T.);
#4458=PLANE('',#4459);
#4459=AXIS2_PLACEMENT_3D('',#400,#4460,#4461);
#4460=DIRECTION('',(0.1305273635015882,0.9914447071709669,-0));
#4461=DIRECTION('',(0,0,1));
#4462=FACE_BOUND('',#4463,.T.);
#4463=EDGE_LOOP('',(#4464,#4465,#4466));
#4464=ORIENTED_EDGE('',*,*,#4467,.T.);
#4465=ORIENTED_EDGE('',*,*,#4468,.T.);
#4466=ORIENTED_EDGE('',*,*,#4469,.T.);
#4467=EDGE_CURVE('',#401,#403,#4470,.F.);
#4468=EDGE_CURVE('',#403,#405,#4471,.T.);
#4469=EDGE_CURVE('',#405,#401,#4472,.T.);
#4470=LINE('',#400,#4473);
#4471=LINE('',#402,#4474);
#4472=LINE('',#404,#4475);
#4473=VECTOR('',#4476,1.0);
#4474=VECTOR('',#4477,1.0);
#4475=VECTOR('',#4478,1.0);
#4476=DIRECTION('',(0,0,1));
#4477=DIRECTION('',(0.14090554456460977,-0.01855073621529001,-0.9898492297803851));
#4478=DIRECTION('',(-0.9914447071709669,0.13052736350158817,0));
#4479=FACE_SURFACE('',(#4484),#4480,.T.);
#4480=PLANE('',#4481);
#4481=AXIS2_PLACEMENT_3D('',#404,#4482,#4483);
#4482=DIRECTION('',(0.1305273635015882,0.9914447071709669,-0));
#4483=DIRECTION('',(-0.14090554456460977,0.01855073621529001,0.9898492297803851));
#4484=FACE_BOUND('',#4485,.T.);
#4485=EDGE_LOOP('',(#4486,#4487,#4488));
#4486=ORIENTED_EDGE('',*,*,#4489,.T.);
#4487=ORIENTED_EDGE('',*,*,#4490,.T.);
#4488=ORIENTED_EDGE('',*,*,#4491,.T.);
#4489=EDGE_CURVE('',#405,#403,#4492,.F.);
#4490=EDGE_CURVE('',#403,#407,#4493,.T.);
#4491=EDGE_CURVE('',#407,#405,#4494,.T.);
#4492=LINE('',#404,#4495);
#4493=LINE('',#402,#4496);
#4494=LINE('',#406,#4497);
#4495=VECTOR('',#4498,1.0);
#4496=VECTOR('',#4499,1.0);
#4497=VECTOR('',#4500,1.0);
#4498=DIRECTION('',(-0.14090554456460977,0.01855073621529001,0.9898492297803851));
#4499=DIRECTION('',(0.9914447071709669,-0.13052736350158817,0));
#4500=DIRECTION('',(0,0,-1));
#4501=FACE_SURFACE('',(#4506),#4502,.T.);
#4502=PLANE('',#4503);
#4503=AXIS2_PLACEMENT_3D('',#404,#4504,#4505);
#4504=DIRECTION('',(-0.1305273635015882,0.9914447071709669,0));
#4505=DIRECTION('',(0,0,1));
#4506=FACE_BOUND('',#4507,.T.);
#4507=EDGE_LOOP('',(#4508,#4509,#4510));
#4508=ORIENTED_EDGE('',*,*,#4511,.T.);
#4509=ORIENTED_EDGE('',*,*,#4512,.T.);
#4510=ORIENTED_EDGE('',*,*,#4513,.T.);
#4511=EDGE_CURVE('',#405,#407,#4514,.F.);
#4512=EDGE_CURVE('',#407,#409,#4515,.T.);
#4513=EDGE_CURVE('',#409,#405,#4516,.T.);
#4514=LINE('',#404,#4517);
#4515=LINE('',#406,#4518);
#4516=LINE('',#408,#4519);
#4517=VECTOR('',#4520,1.0);
#4518=VECTOR('',#4521,1.0);
#4519=VECTOR('',#4522,1.0);
#4520=DIRECTION('',(0,0,1));
#4521=DIRECTION('',(0.14090554456460977,0.01855073621529001,-0.9898492297803851));
#4522=DIRECTION('',(-0.9914447071709669,-0.13052736350158817,0));
#4523=FACE_SURFACE('',(#4528),#4524,.T.);
#4524=PLANE('',#4525);
#4525=AXIS2_PLACEMENT_3D('',#408,#4526,#4527);
#4526=DIRECTION('',(-0.1305273635015882,0.9914447071709669,0));
#4527=DIRECTION('',(-0.14090554456460977,-0.01855073621529001,0.9898492297803851));
#4528=FACE_BOUND('',#4529,.T.);
#4529=EDGE_LOOP('',(#4530,#4531,#4532));
#4530=ORIENTED_EDGE('',*,*,#4533,.T.);
#4531=ORIENTED_EDGE('',*,*,#4534,.T.);
#4532=ORIENTED_EDGE('',*,*,#4535,.T.);
#4533=EDGE_CURVE('',#409,#407,#4536,.F.);
#4534=EDGE_CURVE('',#407,#411,#4537,.T.);
#4535=EDGE_CURVE('',#411,#409,#4538,.T.);
#4536=LINE('',#408,#4539);
#4537=LINE('',#406,#4540);
#4538=LINE('',#410,#4541);
#4539=VECTOR('',#4542,1.0);
#4540=VECTOR('',#4543,1.0);
#4541=VECTOR('',#4544,1.0);
#4542=DIRECTION('',(-0.14090554456460977,-0.01855073621529001,0.9898492297803851));
#4543=DIRECTION('',(0.9914447071709669,0.13052736350158817,0));
#4544=DIRECTION('',(0,0,-1));
#4545=FACE_SURFACE('',(#4550),#4546,.T.);
#4546=PLANE('',#4547);
#4547=AXIS2_PLACEMENT_3D('',#408,#4548,#4549);
#4548=DIRECTION('',(-0.382681475827443,0.9238803429332882,0));
#4549=DIRECTION('',(0,0,1));
#4550=FACE_BOUND('',#4551,.T.);
#4551=EDGE_LOOP('',(#4552,#4553,#4554));
#4552=ORIENTED_EDGE('',*,*,#4555,.T.);
#4553=ORIENTED_EDGE('',*,*,#4556,.T.);
#4554=ORIENTED_EDGE('',*,*,#4557,.T.);
#4555=EDGE_CURVE('',#409,#411,#4558,.F.);
#4556=EDGE_CURVE('',#411,#413,#4559,.T.);
#4557=EDGE_CURVE('',#413,#409,#4560,.T.);
#4558=LINE('',#408,#4561);
#4559=LINE('',#410,#4562);
#4560=LINE('',#412,#4563);
#4561=VECTOR('',#4564,1.0);
#4562=VECTOR('',#4565,1.0);
#4563=VECTOR('',#4566,1.0);
#4564=DIRECTION('',(0,0,1));
#4565=DIRECTION('',(0.13130323914471068,0.054387256662792566,-0.989849223721877));
#4566=DIRECTION('',(-0.9238803429332881,-0.38268147582744294,0));
#4567=FACE_SURFACE('',(#4572),#4568,.T.);
#4568=PLANE('',#4569);
#4569=AXIS2_PLACEMENT_3D('',#412,#4570,#4571);
#4570=DIRECTION('',(-0.382681475827443,0.9238803429332882,0));
#4571=DIRECTION('',(-0.13130323914471068,-0.054387256662792566,0.989849223721877));
#4572=FACE_BOUND('',#4573,.T.);
#4573=EDGE_LOOP('',(#4574,#4575,#4576));
#4574=ORIENTED_EDGE('',*,*,#4577,.T.);
#4575=ORIENTED_EDGE('',*,*,#4578,.T.);
#4576=ORIENTED_EDGE('',*,*,#4579,.T.);
#4577=EDGE_CURVE('',#413,#411,#4580,.F.);
#4578=EDGE_CURVE('',#411,#415,#4581,.T.);
#4579=EDGE_CURVE('',#415,#413,#4582,.T.);
#4580=LINE('',#412,#4583);
#4581=LINE('',#410,#4584);
#4582=LINE('',#414,#4585);
#4583=VECTOR('',#4586,1.0);
#4584=VECTOR('',#4587,1.0);
#4585=VECTOR('',#4588,1.0);
#4586=DIRECTION('',(-0.13130323914471068,-0.054387256662792566,0.989849223721877));
#4587=DIRECTION('',(0.9238803429332881,0.38268147582744294,0));
#4588=DIRECTION('',(0,0,-1));
#4589=FACE_SURFACE('',(#4594),#4590,.T.);
#4590=PLANE('',#4591);
#4591=AXIS2_PLACEMENT_3D('',#412,#4592,#4593);
#4592=DIRECTION('',(-0.6087646681158456,0.7933508548264155,0));
#4593=DIRECTION('',(0,0,1));
#4594=FACE_BOUND('',#4595,.T.);
#4595=EDGE_LOOP('',(#4596,#4597,#4598));
#4596=ORIENTED_EDGE('',*,*,#4599,.T.);
#4597=ORIENTED_EDGE('',*,*,#4600,.T.);
#4598=ORIENTED_EDGE('',*,*,#4601,.T.);
#4599=EDGE_CURVE('',#413,#415,#4602,.F.);
#4600=EDGE_CURVE('',#415,#417,#4603,.T.);
#4601=EDGE_CURVE('',#417,#413,#4604,.T.);
#4602=LINE('',#412,#4605);
#4603=LINE('',#414,#4606);
#4604=LINE('',#416,#4607);
#4605=VECTOR('',#4608,1.0);
#4606=VECTOR('',#4609,1.0);
#4607=VECTOR('',#4610,1.0);
#4608=DIRECTION('',(0,0,1));
#4609=DIRECTION('',(0.1127518802127497,0.08651829202625663,-0.9898492807762953));
#4610=DIRECTION('',(-0.7933508548264155,-0.6087646681158456,0));
#4611=FACE_SURFACE('',(#4616),#4612,.T.);
#4612=PLANE('',#4613);
#4613=AXIS2_PLACEMENT_3D('',#416,#4614,#4615);
#4614=DIRECTION('',(-0.6087646681158456,0.7933508548264155,0));
#4615=DIRECTION('',(-0.1127518802127497,-0.08651829202625663,0.9898492807762953));
#4616=FACE_BOUND('',#4617,.T.);
#4617=EDGE_LOOP('',(#4618,#4619,#4620));
#4618=ORIENTED_EDGE('',*,*,#4621,.T.);
#4619=ORIENTED_EDGE('',*,*,#4622,.T.);
#4620=ORIENTED_EDGE('',*,*,#4623,.T.);
#4621=EDGE_CURVE('',#417,#415,#4624,.F.);
#4622=EDGE_CURVE('',#415,#419,#4625,.T.);
#4623=EDGE_CURVE('',#419,#417,#4626,.T.);
#4624=LINE('',#416,#4627);
#4625=LINE('',#414,#4628);
#4626=LINE('',#418,#4629);
#4627=VECTOR('',#4630,1.0);
#4628=VECTOR('',#4631,1.0);
#4629=VECTOR('',#4632,1.0);
#4630=DIRECTION('',(-0.1127518802127497,-0.08651829202625663,0.9898492807762953));
#4631=DIRECTION('',(0.7933508548264155,0.6087646681158456,0));
#4632=DIRECTION('',(0,0,-1));
#4633=FACE_SURFACE('',(#4638),#4634,.T.);
#4634=PLANE('',#4635);
#4635=AXIS2_PLACEMENT_3D('',#416,#4636,#4637);
#4636=DIRECTION('',(-0.7933503572433819,0.6087653165726498,0));
#4637=DIRECTION('',(0,0,1));
#4638=FACE_BOUND('',#4639,.T.);
#4639=EDGE_LOOP('',(#4640,#4641,#4642));
#4640=ORIENTED_EDGE('',*,*,#4643,.T.);
#4641=ORIENTED_EDGE('',*,*,#4644,.T.);
#4642=ORIENTED_EDGE('',*,*,#4645,.T.);
#4643=EDGE_CURVE('',#417,#419,#4646,.F.);
#4644=EDGE_CURVE('',#419,#421,#4647,.T.);
#4645=EDGE_CURVE('',#421,#417,#4648,.T.);
#4646=LINE('',#416,#4649);
#4647=LINE('',#418,#4650);
#4648=LINE('',#420,#4651);
#4649=VECTOR('',#4652,1.0);
#4650=VECTOR('',#4653,1.0);
#4651=VECTOR('',#4654,1.0);
#4652=DIRECTION('',(0,0,1));
#4653=DIRECTION('',(0.08651891050539744,0.11275249540201719,-0.9898491566423528));
#4654=DIRECTION('',(-0.6087653165726498,-0.7933503572433819,0));
#4655=FACE_SURFACE('',(#4660),#4656,.T.);
#4656=PLANE('',#4657);
#4657=AXIS2_PLACEMENT_3D('',#420,#4658,#4659);
#4658=DIRECTION('',(-0.7933503572433819,0.6087653165726498,0));
#4659=DIRECTION('',(-0.08651891050539744,-0.11275249540201719,0.9898491566423528));
#4660=FACE_BOUND('',#4661,.T.);
#4661=EDGE_LOOP('',(#4662,#4663,#4664));
#4662=ORIENTED_EDGE('',*,*,#4665,.T.);
#4663=ORIENTED_EDGE('',*,*,#4666,.T.);
#4664=ORIENTED_EDGE('',*,*,#4667,.T.);
#4665=EDGE_CURVE('',#421,#419,#4668,.F.);
#4666=EDGE_CURVE('',#419,#423,#4669,.T.);
#4667=EDGE_CURVE('',#423,#421,#4670,.T.);
#4668=LINE('',#420,#4671);
#4669=LINE('',#418,#4672);
#4670=LINE('',#422,#4673);
#4671=VECTOR('',#4674,1.0);
#4672=VECTOR('',#4675,1.0);
#4673=VECTOR('',#4676,1.0);
#4674=DIRECTION('',(-0.08651891050539744,-0.11275249540201719,0.9898491566423528));
#4675=DIRECTION('',(0.6087653165726498,0.7933503572433819,0));
#4676=DIRECTION('',(0,0,-1));
#4677=FACE_SURFACE('',(#4682),#4678,.T.);
#4678=PLANE('',#4679);
#4679=AXIS2_PLACEMENT_3D('',#420,#4680,#4681);
#4680=DIRECTION('',(-0.9238819084939894,0.3826776961850583,0));
#4681=DIRECTION('',(0,0,1));
#4682=FACE_BOUND('',#4683,.T.);
#4683=EDGE_LOOP('',(#4684,#4685,#4686));
#4684=ORIENTED_EDGE('',*,*,#4687,.T.);
#4685=ORIENTED_EDGE('',*,*,#4688,.T.);
#4686=ORIENTED_EDGE('',*,*,#4689,.T.);
#4687=EDGE_CURVE('',#421,#423,#4690,.F.);
#4688=EDGE_CURVE('',#423,#329,#4691,.T.);
#4689=EDGE_CURVE('',#329,#421,#4692,.T.);
#4690=LINE('',#420,#4693);
#4691=LINE('',#422,#4694);
#4692=LINE('',#328,#4695);
#4693=VECTOR('',#4696,1.0);
#4694=VECTOR('',#4697,1.0);
#4695=VECTOR('',#4698,1.0);
#4696=DIRECTION('',(0,0,1));
#4697=DIRECTION('',(0.05438662919512414,0.13130324363886486,-0.9898492576017346));
#4698=DIRECTION('',(-0.3826776961850583,-0.9238819084939894,0));
#4699=FACE_SURFACE('',(#4704),#4700,.T.);
#4700=PLANE('',#4701);
#4701=AXIS2_PLACEMENT_3D('',#328,#4702,#4703);
#4702=DIRECTION('',(-0.9238819084939894,0.3826776961850583,0));
#4703=DIRECTION('',(-0.05438662919512414,-0.13130324363886486,0.9898492576017346));
#4704=FACE_BOUND('',#4705,.T.);
#4705=EDGE_LOOP('',(#4706,#4707,#4708));
#4706=ORIENTED_EDGE('',*,*,#4709,.T.);
#4707=ORIENTED_EDGE('',*,*,#4710,.T.);
#4708=ORIENTED_EDGE('',*,*,#4711,.T.);
#4709=EDGE_CURVE('',#329,#423,#4712,.F.);
#4710=EDGE_CURVE('',#423,#331,#4713,.T.);
#4711=EDGE_CURVE('',#331,#329,#4714,.T.);
#4712=LINE('',#328,#4715);
#4713=LINE('',#422,#4716);
#4714=LINE('',#330,#4717);
#4715=VECTOR('',#4718,1.0);
#4716=VECTOR('',#4719,1.0);
#4717=VECTOR('',#4720,1.0);
#4718=DIRECTION('',(-0.05438662919512414,-0.13130324363886486,0.9898492576017346));
#4719=DIRECTION('',(0.3826776961850583,0.9238819084939894,0));
#4720=DIRECTION('',(0,0,-1));
#4721=FACE_SURFACE('',(#4726),#4722,.T.);
#4722=PLANE('',#4723);
#4723=AXIS2_PLACEMENT_3D('',#424,#4724,#4725);
#4724=DIRECTION('',(1,0,0));
#4725=DIRECTION('',(0,1,0));
#4726=FACE_BOUND('',#4727,.T.);
#4727=EDGE_LOOP('',(#4728,#4729,#4730));
#4728=ORIENTED_EDGE('',*,*,#4731,.T.);
#4729=ORIENTED_EDGE('',*,*,#4732,.T.);
#4730=ORIENTED_EDGE('',*,*,#4733,.T.);
#4731=EDGE_CURVE('',#425,#427,#4734,.F.);
#4732=EDGE_CURVE('',#427,#429,#4735,.T.);
#4733=EDGE_CURVE('',#429,#425,#4736,.T.);
#4734=LINE('',#424,#4737);
#4735=LINE('',#426,#4738);
#4736=LINE('',#428,#4739);
#4737=VECTOR('',#4740,1.0);
#4738=VECTOR('',#4741,1.0);
#4739=VECTOR('',#4742,1.0);
#4740=DIRECTION('',(0,1,0));
#4741=DIRECTION('',(0,-0.9725979381572015,0.23249354978657058));
#4742=DIRECTION('',(0,0,-1));
#4743=FACE_SURFACE('',(#4748),#4744,.T.);
#4744=PLANE('',#4745);
#4745=AXIS2_PLACEMENT_3D('',#428,#4746,#4747);
#4746=DIRECTION('',(1,-0,0));
#4747=DIRECTION('',(0,0.9725979381572015,-0.23249354978657058));
#4748=FACE_BOUND('',#4749,.T.);
#4749=EDGE_LOOP('',(#4750,#4751,#4752));
#4750=ORIENTED_EDGE('',*,*,#4753,.T.);
#4751=ORIENTED_EDGE('',*,*,#4754,.T.);
#4752=ORIENTED_EDGE('',*,*,#4755,.T.);
#4753=EDGE_CURVE('',#429,#427,#4756,.F.);
#4754=EDGE_CURVE('',#427,#431,#4757,.T.);
#4755=EDGE_CURVE('',#431,#429,#4758,.T.);
#4756=LINE('',#428,#4759);
#4757=LINE('',#426,#4760);
#4758=LINE('',#430,#4761);
#4759=VECTOR('',#4762,1.0);
#4760=VECTOR('',#4763,1.0);
#4761=VECTOR('',#4764,1.0);
#4762=DIRECTION('',(0,0.9725979381572015,-0.23249354978657058));
#4763=DIRECTION('',(0,0,1));
#4764=DIRECTION('',(0,-1,0));
#4765=FACE_SURFACE('',(#4770),#4766,.T.);
#4766=PLANE('',#4767);
#4767=AXIS2_PLACEMENT_3D('',#432,#4768,#4769);
#4768=DIRECTION('',(0,1,-0));
#4769=DIRECTION('',(-1,0,0));
#4770=FACE_BOUND('',#4771,.T.);
#4771=EDGE_LOOP('',(#4772,#4773,#4774));
#4772=ORIENTED_EDGE('',*,*,#4775,.T.);
#4773=ORIENTED_EDGE('',*,*,#4776,.T.);
#4774=ORIENTED_EDGE('',*,*,#4777,.T.);
#4775=EDGE_CURVE('',#433,#425,#4778,.F.);
#4776=EDGE_CURVE('',#425,#435,#4779,.T.);
#4777=EDGE_CURVE('',#435,#433,#4780,.T.);
#4778=LINE('',#432,#4781);
#4779=LINE('',#424,#4782);
#4780=LINE('',#434,#4783);
#4781=VECTOR('',#4784,1.0);
#4782=VECTOR('',#4785,1.0);
#4783=VECTOR('',#4786,1.0);
#4784=DIRECTION('',(-1,0,0));
#4785=DIRECTION('',(0.9969856294624,0,0.0775864333853677));
#4786=DIRECTION('',(0,0,-1));
#4787=FACE_SURFACE('',(#4792),#4788,.T.);
#4788=PLANE('',#4789);
#4789=AXIS2_PLACEMENT_3D('',#434,#4790,#4791);
#4790=DIRECTION('',(0,1,0));
#4791=DIRECTION('',(-0.9969856294624,0,-0.0775864333853677));
#4792=FACE_BOUND('',#4793,.T.);
#4793=EDGE_LOOP('',(#4794,#4795,#4796));
#4794=ORIENTED_EDGE('',*,*,#4797,.T.);
#4795=ORIENTED_EDGE('',*,*,#4798,.T.);
#4796=ORIENTED_EDGE('',*,*,#4799,.T.);
#4797=EDGE_CURVE('',#435,#425,#4800,.F.);
#4798=EDGE_CURVE('',#425,#429,#4801,.T.);
#4799=EDGE_CURVE('',#429,#435,#4802,.T.);
#4800=LINE('',#434,#4803);
#4801=LINE('',#424,#4804);
#4802=LINE('',#428,#4805);
#4803=VECTOR('',#4806,1.0);
#4804=VECTOR('',#4807,1.0);
#4805=VECTOR('',#4808,1.0);
#4806=DIRECTION('',(-0.9969856294624,0,-0.0775864333853677));
#4807=DIRECTION('',(0,0,1));
#4808=DIRECTION('',(1,0,0));
#4809=FACE_SURFACE('',(#4814),#4810,.T.);
#4810=PLANE('',#4811);
#4811=AXIS2_PLACEMENT_3D('',#436,#4812,#4813);
#4812=DIRECTION('',(-1,0,0));
#4813=DIRECTION('',(0,-1,0));
#4814=FACE_BOUND('',#4815,.T.);
#4815=EDGE_LOOP('',(#4816,#4817,#4818));
#4816=ORIENTED_EDGE('',*,*,#4819,.T.);
#4817=ORIENTED_EDGE('',*,*,#4820,.T.);
#4818=ORIENTED_EDGE('',*,*,#4821,.T.);
#4819=EDGE_CURVE('',#437,#433,#4822,.F.);
#4820=EDGE_CURVE('',#433,#439,#4823,.T.);
#4821=EDGE_CURVE('',#439,#437,#4824,.T.);
#4822=LINE('',#436,#4825);
#4823=LINE('',#432,#4826);
#4824=LINE('',#438,#4827);
#4825=VECTOR('',#4828,1.0);
#4826=VECTOR('',#4829,1.0);
#4827=VECTOR('',#4830,1.0);
#4828=DIRECTION('',(0,-1,0));
#4829=DIRECTION('',(0,0.9725979381572015,0.23249354978657058));
#4830=DIRECTION('',(0,0,-1));
#4831=FACE_SURFACE('',(#4836),#4832,.T.);
#4832=PLANE('',#4833);
#4833=AXIS2_PLACEMENT_3D('',#438,#4834,#4835);
#4834=DIRECTION('',(-1,-0,0));
#4835=DIRECTION('',(0,-0.9725979381572015,-0.23249354978657058));
#4836=FACE_BOUND('',#4837,.T.);
#4837=EDGE_LOOP('',(#4838,#4839,#4840));
#4838=ORIENTED_EDGE('',*,*,#4841,.T.);
#4839=ORIENTED_EDGE('',*,*,#4842,.T.);
#4840=ORIENTED_EDGE('',*,*,#4843,.T.);
#4841=EDGE_CURVE('',#439,#433,#4844,.F.);
#4842=EDGE_CURVE('',#433,#435,#4845,.T.);
#4843=EDGE_CURVE('',#435,#439,#4846,.T.);
#4844=LINE('',#438,#4847);
#4845=LINE('',#432,#4848);
#4846=LINE('',#434,#4849);
#4847=VECTOR('',#4850,1.0);
#4848=VECTOR('',#4851,1.0);
#4849=VECTOR('',#4852,1.0);
#4850=DIRECTION('',(0,-0.9725979381572015,-0.23249354978657058));
#4851=DIRECTION('',(0,0,1));
#4852=DIRECTION('',(0,1,0));
#4853=FACE_SURFACE('',(#4858),#4854,.T.);
#4854=PLANE('',#4855);
#4855=AXIS2_PLACEMENT_3D('',#426,#4856,#4857);
#4856=DIRECTION('',(0,-1,0));
#4857=DIRECTION('',(1,0,0));
#4858=FACE_BOUND('',#4859,.T.);
#4859=EDGE_LOOP('',(#4860,#4861,#4862));
#4860=ORIENTED_EDGE('',*,*,#4863,.T.);
#4861=ORIENTED_EDGE('',*,*,#4864,.T.);
#4862=ORIENTED_EDGE('',*,*,#4865,.T.);
#4863=EDGE_CURVE('',#427,#437,#4866,.F.);
#4864=EDGE_CURVE('',#437,#431,#4867,.T.);
#4865=EDGE_CURVE('',#431,#427,#4868,.T.);
#4866=LINE('',#426,#4869);
#4867=LINE('',#436,#4870);
#4868=LINE('',#430,#4871);
#4869=VECTOR('',#4872,1.0);
#4870=VECTOR('',#4873,1.0);
#4871=VECTOR('',#4874,1.0);
#4872=DIRECTION('',(1,0,0));
#4873=DIRECTION('',(-0.9969856294624,0,0.0775864333853677));
#4874=DIRECTION('',(0,0,-1));
#4875=FACE_SURFACE('',(#4880),#4876,.T.);
#4876=PLANE('',#4877);
#4877=AXIS2_PLACEMENT_3D('',#430,#4878,#4879);
#4878=DIRECTION('',(0,-1,0));
#4879=DIRECTION('',(0.9969856294624,0,-0.0775864333853677));
#4880=FACE_BOUND('',#4881,.T.);
#4881=EDGE_LOOP('',(#4882,#4883,#4884));
#4882=ORIENTED_EDGE('',*,*,#4885,.T.);
#4883=ORIENTED_EDGE('',*,*,#4886,.T.);
#4884=ORIENTED_EDGE('',*,*,#4887,.T.);
#4885=EDGE_CURVE('',#431,#437,#4888,.F.);
#4886=EDGE_CURVE('',#437,#439,#4889,.T.);
#4887=EDGE_CURVE('',#439,#431,#4890,.T.);
#4888=LINE('',#430,#4891);
#4889=LINE('',#436,#4892);
#4890=LINE('',#438,#4893);
#4891=VECTOR('',#4894,1.0);
#4892=VECTOR('',#4895,1.0);
#4893=VECTOR('',#4896,1.0);
#4894=DIRECTION('',(0.9969856294624,0,-0.0775864333853677));
#4895=DIRECTION('',(0,0,1));
#4896=DIRECTION('',(-1,0,0));
#4897=FACE_SURFACE('',(#4902),#4898,.T.);
#4898=PLANE('',#4899);
#4899=AXIS2_PLACEMENT_3D('',#440,#4900,#4901);
#4900=DIRECTION('',(1,0,0));
#4901=DIRECTION('',(0,1,0));
#4902=FACE_BOUND('',#4903,.T.);
#4903=EDGE_LOOP('',(#4904,#4905,#4906));
#4904=ORIENTED_EDGE('',*,*,#4907,.T.);
#4905=ORIENTED_EDGE('',*,*,#4908,.T.);
#4906=ORIENTED_EDGE('',*,*,#4909,.T.);
#4907=EDGE_CURVE('',#441,#443,#4910,.F.);
#4908=EDGE_CURVE('',#443,#445,#4911,.T.);
#4909=EDGE_CURVE('',#445,#441,#4912,.T.);
#4910=LINE('',#440,#4913);
#4911=LINE('',#442,#4914);
#4912=LINE('',#444,#4915);
#4913=VECTOR('',#4916,1.0);
#4914=VECTOR('',#4917,1.0);
#4915=VECTOR('',#4918,1.0);
#4916=DIRECTION('',(0,1,0));
#4917=DIRECTION('',(0,-0.014874401736998475,0.9998893699669811));
#4918=DIRECTION('',(0,0,-1));
#4919=FACE_SURFACE('',(#4924),#4920,.T.);
#4920=PLANE('',#4921);
#4921=AXIS2_PLACEMENT_3D('',#444,#4922,#4923);
#4922=DIRECTION('',(1,-0,0));
#4923=DIRECTION('',(0,0.014874401736998475,-0.9998893699669811));
#4924=FACE_BOUND('',#4925,.T.);
#4925=EDGE_LOOP('',(#4926,#4927,#4928));
#4926=ORIENTED_EDGE('',*,*,#4929,.T.);
#4927=ORIENTED_EDGE('',*,*,#4930,.T.);
#4928=ORIENTED_EDGE('',*,*,#4931,.T.);
#4929=EDGE_CURVE('',#445,#443,#4932,.F.);
#4930=EDGE_CURVE('',#443,#447,#4933,.T.);
#4931=EDGE_CURVE('',#447,#445,#4934,.T.);
#4932=LINE('',#444,#4935);
#4933=LINE('',#442,#4936);
#4934=LINE('',#446,#4937);
#4935=VECTOR('',#4938,1.0);
#4936=VECTOR('',#4939,1.0);
#4937=VECTOR('',#4940,1.0);
#4938=DIRECTION('',(0,0.014874401736998475,-0.9998893699669811));
#4939=DIRECTION('',(0,0,1));
#4940=DIRECTION('',(0,-1,0));
#4941=FACE_SURFACE('',(#4946),#4942,.T.);
#4942=PLANE('',#4943);
#4943=AXIS2_PLACEMENT_3D('',#448,#4944,#4945);
#4944=DIRECTION('',(0,1,-0));
#4945=DIRECTION('',(-1,0,0));
#4946=FACE_BOUND('',#4947,.T.);
#4947=EDGE_LOOP('',(#4948,#4949,#4950));
#4948=ORIENTED_EDGE('',*,*,#4951,.T.);
#4949=ORIENTED_EDGE('',*,*,#4952,.T.);
#4950=ORIENTED_EDGE('',*,*,#4953,.T.);
#4951=EDGE_CURVE('',#449,#441,#4954,.F.);
#4952=EDGE_CURVE('',#441,#451,#4955,.T.);
#4953=EDGE_CURVE('',#451,#449,#4956,.T.);
#4954=LINE('',#448,#4957);
#4955=LINE('',#440,#4958);
#4956=LINE('',#450,#4959);
#4957=VECTOR('',#4960,1.0);
#4958=VECTOR('',#4961,1.0);
#4959=VECTOR('',#4962,1.0);
#4960=DIRECTION('',(-1,0,0));
#4961=DIRECTION('',(0.9875896467914739,0,0.15705632604353098));
#4962=DIRECTION('',(0,0,-1));
#4963=FACE_SURFACE('',(#4968),#4964,.T.);
#4964=PLANE('',#4965);
#4965=AXIS2_PLACEMENT_3D('',#450,#4966,#4967);
#4966=DIRECTION('',(0,1,0));
#4967=DIRECTION('',(-0.9875896467914739,0,-0.15705632604353098));
#4968=FACE_BOUND('',#4969,.T.);
#4969=EDGE_LOOP('',(#4970,#4971,#4972));
#4970=ORIENTED_EDGE('',*,*,#4973,.T.);
#4971=ORIENTED_EDGE('',*,*,#4974,.T.);
#4972=ORIENTED_EDGE('',*,*,#4975,.T.);
#4973=EDGE_CURVE('',#451,#441,#4976,.F.);
#4974=EDGE_CURVE('',#441,#445,#4977,.T.);
#4975=EDGE_CURVE('',#445,#451,#4978,.T.);
#4976=LINE('',#450,#4979);
#4977=LINE('',#440,#4980);
#4978=LINE('',#444,#4981);
#4979=VECTOR('',#4982,1.0);
#4980=VECTOR('',#4983,1.0);
#4981=VECTOR('',#4984,1.0);
#4982=DIRECTION('',(-0.9875896467914739,0,-0.15705632604353098));
#4983=DIRECTION('',(0,0,1));
#4984=DIRECTION('',(1,0,0));
#4985=FACE_SURFACE('',(#4990),#4986,.T.);
#4986=PLANE('',#4987);
#4987=AXIS2_PLACEMENT_3D('',#452,#4988,#4989);
#4988=DIRECTION('',(-1,0,0));
#4989=DIRECTION('',(0,-1,0));
#4990=FACE_BOUND('',#4991,.T.);
#4991=EDGE_LOOP('',(#4992,#4993,#4994));
#4992=ORIENTED_EDGE('',*,*,#4995,.T.);
#4993=ORIENTED_EDGE('',*,*,#4996,.T.);
#4994=ORIENTED_EDGE('',*,*,#4997,.T.);
#4995=EDGE_CURVE('',#453,#449,#4998,.F.);
#4996=EDGE_CURVE('',#449,#455,#4999,.T.);
#4997=EDGE_CURVE('',#455,#453,#5000,.T.);
#4998=LINE('',#452,#5001);
#4999=LINE('',#448,#5002);
#5000=LINE('',#454,#5003);
#5001=VECTOR('',#5004,1.0);
#5002=VECTOR('',#5005,1.0);
#5003=VECTOR('',#5006,1.0);
#5004=DIRECTION('',(0,-1,0));
#5005=DIRECTION('',(0,0.01500914256880971,0.9998873564753927));
#5006=DIRECTION('',(0,0,-1));
#5007=FACE_SURFACE('',(#5012),#5008,.T.);
#5008=PLANE('',#5009);
#5009=AXIS2_PLACEMENT_3D('',#454,#5010,#5011);
#5010=DIRECTION('',(-1,-0,0));
#5011=DIRECTION('',(0,-0.01500914256880971,-0.9998873564753927));
#5012=FACE_BOUND('',#5013,.T.);
#5013=EDGE_LOOP('',(#5014,#5015,#5016));
#5014=ORIENTED_EDGE('',*,*,#5017,.T.);
#5015=ORIENTED_EDGE('',*,*,#5018,.T.);
#5016=ORIENTED_EDGE('',*,*,#5019,.T.);
#5017=EDGE_CURVE('',#455,#449,#5020,.F.);
#5018=EDGE_CURVE('',#449,#451,#5021,.T.);
#5019=EDGE_CURVE('',#451,#455,#5022,.T.);
#5020=LINE('',#454,#5023);
#5021=LINE('',#448,#5024);
#5022=LINE('',#450,#5025);
#5023=VECTOR('',#5026,1.0);
#5024=VECTOR('',#5027,1.0);
#5025=VECTOR('',#5028,1.0);
#5026=DIRECTION('',(0,-0.01500914256880971,-0.9998873564753927));
#5027=DIRECTION('',(0,0,1));
#5028=DIRECTION('',(0,1,0));
#5029=FACE_SURFACE('',(#5034),#5030,.T.);
#5030=PLANE('',#5031);
#5031=AXIS2_PLACEMENT_3D('',#456,#5032,#5033);
#5032=DIRECTION('',(0,1,-0));
#5033=DIRECTION('',(-1,0,0));
#5034=FACE_BOUND('',#5035,.T.);
#5035=EDGE_LOOP('',(#5036,#5037,#5038));
#5036=ORIENTED_EDGE('',*,*,#5039,.T.);
#5037=ORIENTED_EDGE('',*,*,#5040,.T.);
#5038=ORIENTED_EDGE('',*,*,#5041,.T.);
#5039=EDGE_CURVE('',#457,#453,#5042,.F.);
#5040=EDGE_CURVE('',#453,#459,#5043,.T.);
#5041=EDGE_CURVE('',#459,#457,#5044,.T.);
#5042=LINE('',#456,#5045);
#5043=LINE('',#452,#5046);
#5044=LINE('',#458,#5047);
#5045=VECTOR('',#5048,1.0);
#5046=VECTOR('',#5049,1.0);
#5047=VECTOR('',#5050,1.0);
#5048=DIRECTION('',(-1,0,0));
#5049=DIRECTION('',(0.9877630323862919,0,0.15596214877667294));
#5050=DIRECTION('',(0,0,-1));
#5051=FACE_SURFACE('',(#5056),#5052,.T.);
#5052=PLANE('',#5053);
#5053=AXIS2_PLACEMENT_3D('',#458,#5054,#5055);
#5054=DIRECTION('',(0,1,0));
#5055=DIRECTION('',(-0.9877630323862919,0,-0.15596214877667294));
#5056=FACE_BOUND('',#5057,.T.);
#5057=EDGE_LOOP('',(#5058,#5059,#5060));
#5058=ORIENTED_EDGE('',*,*,#5061,.T.);
#5059=ORIENTED_EDGE('',*,*,#5062,.T.);
#5060=ORIENTED_EDGE('',*,*,#5063,.T.);
#5061=EDGE_CURVE('',#459,#453,#5064,.F.);
#5062=EDGE_CURVE('',#453,#455,#5065,.T.);
#5063=EDGE_CURVE('',#455,#459,#5066,.T.);
#5064=LINE('',#458,#5067);
#5065=LINE('',#452,#5068);
#5066=LINE('',#454,#5069);
#5067=VECTOR('',#5070,1.0);
#5068=VECTOR('',#5071,1.0);
#5069=VECTOR('',#5072,1.0);
#5070=DIRECTION('',(-0.9877630323862919,0,-0.15596214877667294));
#5071=DIRECTION('',(0,0,1));
#5072=DIRECTION('',(1,0,0));
#5073=FACE_SURFACE('',(#5078),#5074,.T.);
#5074=PLANE('',#5075);
#5075=AXIS2_PLACEMENT_3D('',#460,#5076,#5077);
#5076=DIRECTION('',(-1,0,0));
#5077=DIRECTION('',(0,-1,0));
#5078=FACE_BOUND('',#5079,.T.);
#5079=EDGE_LOOP('',(#5080,#5081,#5082));
#5080=ORIENTED_EDGE('',*,*,#5083,.T.);
#5081=ORIENTED_EDGE('',*,*,#5084,.T.);
#5082=ORIENTED_EDGE('',*,*,#5085,.T.);
#5083=EDGE_CURVE('',#461,#457,#5086,.F.);
#5084=EDGE_CURVE('',#457,#463,#5087,.T.);
#5085=EDGE_CURVE('',#463,#461,#5088,.T.);
#5086=LINE('',#460,#5089);
#5087=LINE('',#456,#5090);
#5088=LINE('',#462,#5091);
#5089=VECTOR('',#5092,1.0);
#5090=VECTOR('',#5093,1.0);
#5091=VECTOR('',#5094,1.0);
#5092=DIRECTION('',(0,-1,0));
#5093=DIRECTION('',(0,0.9880118891911549,0.15437780545442742));
#5094=DIRECTION('',(0,0,-1));
#5095=FACE_SURFACE('',(#5100),#5096,.T.);
#5096=PLANE('',#5097);
#5097=AXIS2_PLACEMENT_3D('',#462,#5098,#5099);
#5098=DIRECTION('',(-1,-0,0));
#5099=DIRECTION('',(0,-0.9880118891911549,-0.15437780545442742));
#5100=FACE_BOUND('',#5101,.T.);
#5101=EDGE_LOOP('',(#5102,#5103,#5104));
#5102=ORIENTED_EDGE('',*,*,#5105,.T.);
#5103=ORIENTED_EDGE('',*,*,#5106,.T.);
#5104=ORIENTED_EDGE('',*,*,#5107,.T.);
#5105=EDGE_CURVE('',#463,#457,#5108,.F.);
#5106=EDGE_CURVE('',#457,#459,#5109,.T.);
#5107=EDGE_CURVE('',#459,#463,#5110,.T.);
#5108=LINE('',#462,#5111);
#5109=LINE('',#456,#5112);
#5110=LINE('',#458,#5113);
#5111=VECTOR('',#5114,1.0);
#5112=VECTOR('',#5115,1.0);
#5113=VECTOR('',#5116,1.0);
#5114=DIRECTION('',(0,-0.9880118891911549,-0.15437780545442742));
#5115=DIRECTION('',(0,0,1));
#5116=DIRECTION('',(0,1,0));
#5117=FACE_SURFACE('',(#5122),#5118,.T.);
#5118=PLANE('',#5119);
#5119=AXIS2_PLACEMENT_3D('',#464,#5120,#5121);
#5120=DIRECTION('',(0,-1,0));
#5121=DIRECTION('',(1,0,0));
#5122=FACE_BOUND('',#5123,.T.);
#5123=EDGE_LOOP('',(#5124,#5125,#5126));
#5124=ORIENTED_EDGE('',*,*,#5127,.T.);
#5125=ORIENTED_EDGE('',*,*,#5128,.T.);
#5126=ORIENTED_EDGE('',*,*,#5129,.T.);
#5127=EDGE_CURVE('',#465,#461,#5130,.F.);
#5128=EDGE_CURVE('',#461,#467,#5131,.T.);
#5129=EDGE_CURVE('',#467,#465,#5132,.T.);
#5130=LINE('',#464,#5133);
#5131=LINE('',#460,#5134);
#5132=LINE('',#466,#5135);
#5133=VECTOR('',#5136,1.0);
#5134=VECTOR('',#5137,1.0);
#5135=VECTOR('',#5138,1.0);
#5136=DIRECTION('',(1,0,0));
#5137=DIRECTION('',(-0.9992259005361817,0,0.03933954368897464));
#5138=DIRECTION('',(0,0,-1));
#5139=FACE_SURFACE('',(#5144),#5140,.T.);
#5140=PLANE('',#5141);
#5141=AXIS2_PLACEMENT_3D('',#466,#5142,#5143);
#5142=DIRECTION('',(0,-1,0));
#5143=DIRECTION('',(0.9992259005361817,0,-0.03933954368897464));
#5144=FACE_BOUND('',#5145,.T.);
#5145=EDGE_LOOP('',(#5146,#5147,#5148));
#5146=ORIENTED_EDGE('',*,*,#5149,.T.);
#5147=ORIENTED_EDGE('',*,*,#5150,.T.);
#5148=ORIENTED_EDGE('',*,*,#5151,.T.);
#5149=EDGE_CURVE('',#467,#461,#5152,.F.);
#5150=EDGE_CURVE('',#461,#463,#5153,.T.);
#5151=EDGE_CURVE('',#463,#467,#5154,.T.);
#5152=LINE('',#466,#5155);
#5153=LINE('',#460,#5156);
#5154=LINE('',#462,#5157);
#5155=VECTOR('',#5158,1.0);
#5156=VECTOR('',#5159,1.0);
#5157=VECTOR('',#5160,1.0);
#5158=DIRECTION('',(0.9992259005361817,0,-0.03933954368897464));
#5159=DIRECTION('',(0,0,1));
#5160=DIRECTION('',(-1,0,0));
#5161=FACE_SURFACE('',(#5166),#5162,.T.);
#5162=PLANE('',#5163);
#5163=AXIS2_PLACEMENT_3D('',#468,#5164,#5165);
#5164=DIRECTION('',(1,0,0));
#5165=DIRECTION('',(0,1,0));
#5166=FACE_BOUND('',#5167,.T.);
#5167=EDGE_LOOP('',(#5168,#5169,#5170));
#5168=ORIENTED_EDGE('',*,*,#5171,.T.);
#5169=ORIENTED_EDGE('',*,*,#5172,.T.);
#5170=ORIENTED_EDGE('',*,*,#5173,.T.);
#5171=EDGE_CURVE('',#469,#465,#5174,.F.);
#5172=EDGE_CURVE('',#465,#471,#5175,.T.);
#5173=EDGE_CURVE('',#471,#469,#5176,.T.);
#5174=LINE('',#468,#5177);
#5175=LINE('',#464,#5178);
#5176=LINE('',#470,#5179);
#5177=VECTOR('',#5180,1.0);
#5178=VECTOR('',#5181,1.0);
#5179=VECTOR('',#5182,1.0);
#5180=DIRECTION('',(0,1,0));
#5181=DIRECTION('',(0,-0.9880119640445262,0.1543773263950313));
#5182=DIRECTION('',(0,0,-1));
#5183=FACE_SURFACE('',(#5188),#5184,.T.);
#5184=PLANE('',#5185);
#5185=AXIS2_PLACEMENT_3D('',#470,#5186,#5187);
#5186=DIRECTION('',(1,-0,0));
#5187=DIRECTION('',(0,0.9880119640445262,-0.1543773263950313));
#5188=FACE_BOUND('',#5189,.T.);
#5189=EDGE_LOOP('',(#5190,#5191,#5192));
#5190=ORIENTED_EDGE('',*,*,#5193,.T.);
#5191=ORIENTED_EDGE('',*,*,#5194,.T.);
#5192=ORIENTED_EDGE('',*,*,#5195,.T.);
#5193=EDGE_CURVE('',#471,#465,#5196,.F.);
#5194=EDGE_CURVE('',#465,#467,#5197,.T.);
#5195=EDGE_CURVE('',#467,#471,#5198,.T.);
#5196=LINE('',#470,#5199);
#5197=LINE('',#464,#5200);
#5198=LINE('',#466,#5201);
#5199=VECTOR('',#5202,1.0);
#5200=VECTOR('',#5203,1.0);
#5201=VECTOR('',#5204,1.0);
#5202=DIRECTION('',(0,0.9880119640445262,-0.1543773263950313));
#5203=DIRECTION('',(0,0,1));
#5204=DIRECTION('',(0,-1,0));
#5205=FACE_SURFACE('',(#5210),#5206,.T.);
#5206=PLANE('',#5207);
#5207=AXIS2_PLACEMENT_3D('',#472,#5208,#5209);
#5208=DIRECTION('',(0,1,-0));
#5209=DIRECTION('',(-1,0,0));
#5210=FACE_BOUND('',#5211,.T.);
#5211=EDGE_LOOP('',(#5212,#5213,#5214));
#5212=ORIENTED_EDGE('',*,*,#5215,.T.);
#5213=ORIENTED_EDGE('',*,*,#5216,.T.);
#5214=ORIENTED_EDGE('',*,*,#5217,.T.);
#5215=EDGE_CURVE('',#473,#469,#5218,.F.);
#5216=EDGE_CURVE('',#469,#475,#5219,.T.);
#5217=EDGE_CURVE('',#475,#473,#5220,.T.);
#5218=LINE('',#472,#5221);
#5219=LINE('',#468,#5222);
#5220=LINE('',#474,#5223);
#5221=VECTOR('',#5224,1.0);
#5222=VECTOR('',#5225,1.0);
#5223=VECTOR('',#5226,1.0);
#5224=DIRECTION('',(-1,0,0));
#5225=DIRECTION('',(0.9880121184274034,0,0.15437633834430203));
#5226=DIRECTION('',(0,0,-1));
#5227=FACE_SURFACE('',(#5232),#5228,.T.);
#5228=PLANE('',#5229);
#5229=AXIS2_PLACEMENT_3D('',#474,#5230,#5231);
#5230=DIRECTION('',(0,1,0));
#5231=DIRECTION('',(-0.9880121184274034,0,-0.15437633834430203));
#5232=FACE_BOUND('',#5233,.T.);
#5233=EDGE_LOOP('',(#5234,#5235,#5236));
#5234=ORIENTED_EDGE('',*,*,#5237,.T.);
#5235=ORIENTED_EDGE('',*,*,#5238,.T.);
#5236=ORIENTED_EDGE('',*,*,#5239,.T.);
#5237=EDGE_CURVE('',#475,#469,#5240,.F.);
#5238=EDGE_CURVE('',#469,#471,#5241,.T.);
#5239=EDGE_CURVE('',#471,#475,#5242,.T.);
#5240=LINE('',#474,#5243);
#5241=LINE('',#468,#5244);
#5242=LINE('',#470,#5245);
#5243=VECTOR('',#5246,1.0);
#5244=VECTOR('',#5247,1.0);
#5245=VECTOR('',#5248,1.0);
#5246=DIRECTION('',(-0.9880121184274034,0,-0.15437633834430203));
#5247=DIRECTION('',(0,0,1));
#5248=DIRECTION('',(1,0,0));
#5249=FACE_SURFACE('',(#5254),#5250,.T.);
#5250=PLANE('',#5251);
#5251=AXIS2_PLACEMENT_3D('',#476,#5252,#5253);
#5252=DIRECTION('',(1,0,0));
#5253=DIRECTION('',(0,1,0));
#5254=FACE_BOUND('',#5255,.T.);
#5255=EDGE_LOOP('',(#5256,#5257,#5258));
#5256=ORIENTED_EDGE('',*,*,#5259,.T.);
#5257=ORIENTED_EDGE('',*,*,#5260,.T.);
#5258=ORIENTED_EDGE('',*,*,#5261,.T.);
#5259=EDGE_CURVE('',#477,#473,#5262,.F.);
#5260=EDGE_CURVE('',#473,#479,#5263,.T.);
#5261=EDGE_CURVE('',#479,#477,#5264,.T.);
#5262=LINE('',#476,#5265);
#5263=LINE('',#472,#5266);
#5264=LINE('',#478,#5267);
#5265=VECTOR('',#5268,1.0);
#5266=VECTOR('',#5269,1.0);
#5267=VECTOR('',#5270,1.0);
#5268=DIRECTION('',(0,1,0));
#5269=DIRECTION('',(0,-0.0001144409149456128,0.9999999934516385));
#5270=DIRECTION('',(0,0,-1));
#5271=FACE_SURFACE('',(#5276),#5272,.T.);
#5272=PLANE('',#5273);
#5273=AXIS2_PLACEMENT_3D('',#478,#5274,#5275);
#5274=DIRECTION('',(1,-0,0));
#5275=DIRECTION('',(0,0.0001144409149456128,-0.9999999934516385));
#5276=FACE_BOUND('',#5277,.T.);
#5277=EDGE_LOOP('',(#5278,#5279,#5280));
#5278=ORIENTED_EDGE('',*,*,#5281,.T.);
#5279=ORIENTED_EDGE('',*,*,#5282,.T.);
#5280=ORIENTED_EDGE('',*,*,#5283,.T.);
#5281=EDGE_CURVE('',#479,#473,#5284,.F.);
#5282=EDGE_CURVE('',#473,#475,#5285,.T.);
#5283=EDGE_CURVE('',#475,#479,#5286,.T.);
#5284=LINE('',#478,#5287);
#5285=LINE('',#472,#5288);
#5286=LINE('',#474,#5289);
#5287=VECTOR('',#5290,1.0);
#5288=VECTOR('',#5291,1.0);
#5289=VECTOR('',#5292,1.0);
#5290=DIRECTION('',(0,0.0001144409149456128,-0.9999999934516385));
#5291=DIRECTION('',(0,0,1));
#5292=DIRECTION('',(0,-1,0));
#5293=FACE_SURFACE('',(#5298),#5294,.T.);
#5294=PLANE('',#5295);
#5295=AXIS2_PLACEMENT_3D('',#442,#5296,#5297);
#5296=DIRECTION('',(0,1,-0));
#5297=DIRECTION('',(-1,0,0));
#5298=FACE_BOUND('',#5299,.T.);
#5299=EDGE_LOOP('',(#5300,#5301,#5302));
#5300=ORIENTED_EDGE('',*,*,#5303,.T.);
#5301=ORIENTED_EDGE('',*,*,#5304,.T.);
#5302=ORIENTED_EDGE('',*,*,#5305,.T.);
#5303=EDGE_CURVE('',#443,#477,#5306,.F.);
#5304=EDGE_CURVE('',#477,#447,#5307,.T.);
#5305=EDGE_CURVE('',#447,#443,#5308,.T.);
#5306=LINE('',#442,#5309);
#5307=LINE('',#476,#5310);
#5308=LINE('',#446,#5311);
#5309=VECTOR('',#5312,1.0);
#5310=VECTOR('',#5313,1.0);
#5311=VECTOR('',#5314,1.0);
#5312=DIRECTION('',(-1,0,0));
#5313=DIRECTION('',(0.9879326896558717,0,0.15488382972187695));
#5314=DIRECTION('',(0,0,-1));
#5315=FACE_SURFACE('',(#5320),#5316,.T.);
#5316=PLANE('',#5317);
#5317=AXIS2_PLACEMENT_3D('',#446,#5318,#5319);
#5318=DIRECTION('',(0,1,0));
#5319=DIRECTION('',(-0.9879326896558717,0,-0.15488382972187695));
#5320=FACE_BOUND('',#5321,.T.);
#5321=EDGE_LOOP('',(#5322,#5323,#5324));
#5322=ORIENTED_EDGE('',*,*,#5325,.T.);
#5323=ORIENTED_EDGE('',*,*,#5326,.T.);
#5324=ORIENTED_EDGE('',*,*,#5327,.T.);
#5325=EDGE_CURVE('',#447,#477,#5328,.F.);
#5326=EDGE_CURVE('',#477,#479,#5329,.T.);
#5327=EDGE_CURVE('',#479,#447,#5330,.T.);
#5328=LINE('',#446,#5331);
#5329=LINE('',#476,#5332);
#5330=LINE('',#478,#5333);
#5331=VECTOR('',#5334,1.0);
#5332=VECTOR('',#5335,1.0);
#5333=VECTOR('',#5336,1.0);
#5334=DIRECTION('',(-0.9879326896558717,0,-0.15488382972187695));
#5335=DIRECTION('',(0,0,1));
#5336=DIRECTION('',(1,0,0));
#5337=FACE_SURFACE('',(#5342),#5338,.T.);
#5338=PLANE('',#5339);
#5339=AXIS2_PLACEMENT_3D('',#480,#5340,#5341);
#5340=DIRECTION('',(0,0,-1));
#5341=DIRECTION('',(0.9993575429030908,0.03583994200186635,0));
#5342=FACE_BOUND('',#5343,.T.);
#5343=EDGE_LOOP('',(#5344,#5345,#5346));
#5344=ORIENTED_EDGE('',*,*,#5347,.T.);
#5345=ORIENTED_EDGE('',*,*,#5348,.T.);
#5346=ORIENTED_EDGE('',*,*,#5349,.T.);
#5347=EDGE_CURVE('',#481,#109,#5350,.F.);
#5348=EDGE_CURVE('',#109,#483,#5351,.T.);
#5349=EDGE_CURVE('',#483,#481,#5352,.T.);
#5350=LINE('',#480,#5353);
#5351=LINE('',#108,#5354);
#5352=LINE('',#482,#5355);
#5353=VECTOR('',#5356,1.0);
#5354=VECTOR('',#5357,1.0);
#5355=VECTOR('',#5358,1.0);
#5356=DIRECTION('',(0.9993575429030908,0.03583994200186635,0));
#5357=DIRECTION('',(0.8525427585491384,-0.522657483296112,0));
#5358=DIRECTION('',(-1,0,0));
#5359=FACE_SURFACE('',(#5364),#5360,.T.);
#5360=PLANE('',#5361);
#5361=AXIS2_PLACEMENT_3D('',#482,#5362,#5363);
#5362=DIRECTION('',(0,0,-1));
#5363=DIRECTION('',(-0.8525427585491384,0.522657483296112,0));
#5364=FACE_BOUND('',#5365,.T.);
#5365=EDGE_LOOP('',(#5366,#5367,#5368));
#5366=ORIENTED_EDGE('',*,*,#5369,.T.);
#5367=ORIENTED_EDGE('',*,*,#5370,.T.);
#5368=ORIENTED_EDGE('',*,*,#5371,.T.);
#5369=EDGE_CURVE('',#483,#109,#5372,.F.);
#5370=EDGE_CURVE('',#109,#113,#5373,.T.);
#5371=EDGE_CURVE('',#113,#483,#5374,.T.);
#5372=LINE('',#482,#5375);
#5373=LINE('',#108,#5376);
#5374=LINE('',#112,#5377);
#5375=VECTOR('',#5378,1.0);
#5376=VECTOR('',#5379,1.0);
#5377=VECTOR('',#5380,1.0);
#5378=DIRECTION('',(-0.8525427585491384,0.522657483296112,0));
#5379=DIRECTION('',(0.9238803429332881,-0.38268147582744294,0));
#5380=DIRECTION('',(0.8469925717244212,-0.531604724813137,0));
#5381=FACE_SURFACE('',(#5386),#5382,.T.);
#5382=PLANE('',#5383);
#5383=AXIS2_PLACEMENT_3D('',#482,#5384,#5385);
#5384=DIRECTION('',(0,0,-1));
#5385=DIRECTION('',(-0.8469925717244212,0.531604724813137,0));
#5386=FACE_BOUND('',#5387,.T.);
#5387=EDGE_LOOP('',(#5388,#5389,#5390));
#5388=ORIENTED_EDGE('',*,*,#5391,.T.);
#5389=ORIENTED_EDGE('',*,*,#5392,.T.);
#5390=ORIENTED_EDGE('',*,*,#5393,.T.);
#5391=EDGE_CURVE('',#483,#113,#5394,.F.);
#5392=EDGE_CURVE('',#113,#117,#5395,.T.);
#5393=EDGE_CURVE('',#117,#483,#5396,.T.);
#5394=LINE('',#482,#5397);
#5395=LINE('',#112,#5398);
#5396=LINE('',#116,#5399);
#5397=VECTOR('',#5400,1.0);
#5398=VECTOR('',#5401,1.0);
#5399=VECTOR('',#5402,1.0);
#5400=DIRECTION('',(-0.8469925717244212,0.531604724813137,0));
#5401=DIRECTION('',(0.9914445562821227,-0.13052850960056514,0));
#5402=DIRECTION('',(0.8307700952086543,-0.5566157102588856,0));
#5403=FACE_SURFACE('',(#5408),#5404,.T.);
#5404=PLANE('',#5405);
#5405=AXIS2_PLACEMENT_3D('',#484,#5406,#5407);
#5406=DIRECTION('',(0,0,-1));
#5407=DIRECTION('',(0.522657483296112,-0.8525427585491384,0));
#5408=FACE_BOUND('',#5409,.T.);
#5409=EDGE_LOOP('',(#5410,#5411,#5412));
#5410=ORIENTED_EDGE('',*,*,#5413,.T.);
#5411=ORIENTED_EDGE('',*,*,#5414,.T.);
#5412=ORIENTED_EDGE('',*,*,#5415,.T.);
#5413=EDGE_CURVE('',#485,#293,#5416,.F.);
#5414=EDGE_CURVE('',#293,#481,#5417,.T.);
#5415=EDGE_CURVE('',#481,#485,#5418,.T.);
#5416=LINE('',#484,#5419);
#5417=LINE('',#292,#5420);
#5418=LINE('',#480,#5421);
#5419=VECTOR('',#5422,1.0);
#5420=VECTOR('',#5423,1.0);
#5421=VECTOR('',#5424,1.0);
#5422=DIRECTION('',(0.522657483296112,-0.8525427585491384,0));
#5423=DIRECTION('',(-0.05269442156551609,-0.9986106838682809,0));
#5424=DIRECTION('',(0,1,0));
#5425=FACE_SURFACE('',(#5430),#5426,.T.);
#5426=PLANE('',#5427);
#5427=AXIS2_PLACEMENT_3D('',#480,#5428,#5429);
#5428=DIRECTION('',(0,0,-1));
#5429=DIRECTION('',(0.05269442156551609,0.9986106838682809,0));
#5430=FACE_BOUND('',#5431,.T.);
#5431=EDGE_LOOP('',(#5432,#5433,#5434));
#5432=ORIENTED_EDGE('',*,*,#5435,.T.);
#5433=ORIENTED_EDGE('',*,*,#5436,.T.);
#5434=ORIENTED_EDGE('',*,*,#5437,.T.);
#5435=EDGE_CURVE('',#481,#293,#5438,.F.);
#5436=EDGE_CURVE('',#293,#373,#5439,.T.);
#5437=EDGE_CURVE('',#373,#481,#5440,.T.);
#5438=LINE('',#480,#5441);
#5439=LINE('',#292,#5442);
#5440=LINE('',#372,#5443);
#5441=VECTOR('',#5444,1.0);
#5442=VECTOR('',#5445,1.0);
#5443=VECTOR('',#5446,1.0);
#5444=DIRECTION('',(0.05269442156551609,0.9986106838682809,0));
#5445=DIRECTION('',(0,-1,0));
#5446=DIRECTION('',(-0.5226573589065872,-0.8525428348070208,0));
#5447=FACE_SURFACE('',(#5452),#5448,.T.);
#5448=PLANE('',#5449);
#5449=AXIS2_PLACEMENT_3D('',#480,#5450,#5451);
#5450=DIRECTION('',(0,0,-1));
#5451=DIRECTION('',(0.5226573589065872,0.8525428348070208,0));
#5452=FACE_BOUND('',#5453,.T.);
#5453=EDGE_LOOP('',(#5454,#5455,#5456));
#5454=ORIENTED_EDGE('',*,*,#5457,.T.);
#5455=ORIENTED_EDGE('',*,*,#5458,.T.);
#5456=ORIENTED_EDGE('',*,*,#5459,.T.);
#5457=EDGE_CURVE('',#481,#373,#5460,.F.);
#5458=EDGE_CURVE('',#373,#377,#5461,.T.);
#5459=EDGE_CURVE('',#377,#481,#5462,.T.);
#5460=LINE('',#480,#5463);
#5461=LINE('',#372,#5464);
#5462=LINE('',#376,#5465);
#5463=VECTOR('',#5466,1.0);
#5464=VECTOR('',#5467,1.0);
#5465=VECTOR('',#5468,1.0);
#5466=DIRECTION('',(0.5226573589065872,0.8525428348070208,0));
#5467=DIRECTION('',(-0.3826776961850583,-0.9238819084939894,0));
#5468=DIRECTION('',(-0.531604804332045,-0.8469925218153276,0));
#5469=FACE_SURFACE('',(#5474),#5470,.T.);
#5470=PLANE('',#5471);
#5471=AXIS2_PLACEMENT_3D('',#486,#5472,#5473);
#5472=DIRECTION('',(-0,0,-1));
#5473=DIRECTION('',(-0.9993575414826555,-0.03583998160912547,0));
#5474=FACE_BOUND('',#5475,.T.);
#5475=EDGE_LOOP('',(#5476,#5477,#5478));
#5476=ORIENTED_EDGE('',*,*,#5479,.T.);
#5477=ORIENTED_EDGE('',*,*,#5480,.T.);
#5478=ORIENTED_EDGE('',*,*,#5481,.T.);
#5479=EDGE_CURVE('',#487,#253,#5482,.F.);
#5480=EDGE_CURVE('',#253,#485,#5483,.T.);
#5481=EDGE_CURVE('',#485,#487,#5484,.T.);
#5482=LINE('',#486,#5485);
#5483=LINE('',#252,#5486);
#5484=LINE('',#484,#5487);
#5485=VECTOR('',#5488,1.0);
#5486=VECTOR('',#5489,1.0);
#5487=VECTOR('',#5490,1.0);
#5488=DIRECTION('',(-0.9993575414826555,-0.03583998160912547,0));
#5489=DIRECTION('',(-0.8525426622859191,0.5226576403176723,0));
#5490=DIRECTION('',(1,0,0));
#5491=FACE_SURFACE('',(#5496),#5492,.T.);
#5492=PLANE('',#5493);
#5493=AXIS2_PLACEMENT_3D('',#484,#5494,#5495);
#5494=DIRECTION('',(0,0,-1));
#5495=DIRECTION('',(0.8525426622859191,-0.5226576403176723,0));
#5496=FACE_BOUND('',#5497,.T.);
#5497=EDGE_LOOP('',(#5498,#5499,#5500));
#5498=ORIENTED_EDGE('',*,*,#5501,.T.);
#5499=ORIENTED_EDGE('',*,*,#5502,.T.);
#5500=ORIENTED_EDGE('',*,*,#5503,.T.);
#5501=EDGE_CURVE('',#485,#253,#5504,.F.);
#5502=EDGE_CURVE('',#253,#257,#5505,.T.);
#5503=EDGE_CURVE('',#257,#485,#5506,.T.);
#5504=LINE('',#484,#5507);
#5505=LINE('',#252,#5508);
#5506=LINE('',#256,#5509);
#5507=VECTOR('',#5510,1.0);
#5508=VECTOR('',#5511,1.0);
#5509=VECTOR('',#5512,1.0);
#5510=DIRECTION('',(0.8525426622859191,-0.5226576403176723,0));
#5511=DIRECTION('',(-0.9238756461902449,0.38269281463931043,0));
#5512=DIRECTION('',(-0.846992874007494,0.5316042431927396,0));
#5513=FACE_SURFACE('',(#5518),#5514,.T.);
#5514=PLANE('',#5515);
#5515=AXIS2_PLACEMENT_3D('',#484,#5516,#5517);
#5516=DIRECTION('',(0,0,-1));
#5517=DIRECTION('',(0.846992874007494,-0.5316042431927396,0));
#5518=FACE_BOUND('',#5519,.T.);
#5519=EDGE_LOOP('',(#5520,#5521,#5522));
#5520=ORIENTED_EDGE('',*,*,#5523,.T.);
#5521=ORIENTED_EDGE('',*,*,#5524,.T.);
#5522=ORIENTED_EDGE('',*,*,#5525,.T.);
#5523=EDGE_CURVE('',#485,#257,#5526,.F.);
#5524=EDGE_CURVE('',#257,#261,#5527,.T.);
#5525=EDGE_CURVE('',#261,#485,#5528,.T.);
#5526=LINE('',#484,#5529);
#5527=LINE('',#256,#5530);
#5528=LINE('',#260,#5531);
#5529=VECTOR('',#5532,1.0);
#5530=VECTOR('',#5533,1.0);
#5531=VECTOR('',#5534,1.0);
#5532=DIRECTION('',(0.846992874007494,-0.5316042431927396,0));
#5533=DIRECTION('',(-0.991445280206244,0.13052301083242926,0));
#5534=DIRECTION('',(-0.8307700952086543,0.5566157102588856,0));
#5535=FACE_SURFACE('',(#5540),#5536,.T.);
#5536=PLANE('',#5537);
#5537=AXIS2_PLACEMENT_3D('',#482,#5538,#5539);
#5538=DIRECTION('',(0,0,-1));
#5539=DIRECTION('',(-0.05269425316566962,0.9986106927543447,0));
#5540=FACE_BOUND('',#5541,.T.);
#5541=EDGE_LOOP('',(#5542,#5543,#5544));
#5542=ORIENTED_EDGE('',*,*,#5545,.T.);
#5543=ORIENTED_EDGE('',*,*,#5546,.T.);
#5544=ORIENTED_EDGE('',*,*,#5547,.T.);
#5545=EDGE_CURVE('',#483,#229,#5548,.F.);
#5546=EDGE_CURVE('',#229,#487,#5549,.T.);
#5547=EDGE_CURVE('',#487,#483,#5550,.T.);
#5548=LINE('',#482,#5551);
#5549=LINE('',#228,#5552);
#5550=LINE('',#486,#5553);
#5551=VECTOR('',#5554,1.0);
#5552=VECTOR('',#5555,1.0);
#5553=VECTOR('',#5556,1.0);
#5554=DIRECTION('',(-0.05269425316566962,0.9986106927543447,0));
#5555=DIRECTION('',(0.5226562658921508,0.852543504886216,0));
#5556=DIRECTION('',(0,-1,0));
#5557=FACE_SURFACE('',(#5562),#5558,.T.);
#5558=PLANE('',#5559);
#5559=AXIS2_PLACEMENT_3D('',#486,#5560,#5561);
#5560=DIRECTION('',(0,0,-1));
#5561=DIRECTION('',(-0.5226562658921508,-0.852543504886216,0));
#5562=FACE_BOUND('',#5563,.T.);
#5563=EDGE_LOOP('',(#5564,#5565,#5566));
#5564=ORIENTED_EDGE('',*,*,#5567,.T.);
#5565=ORIENTED_EDGE('',*,*,#5568,.T.);
#5566=ORIENTED_EDGE('',*,*,#5569,.T.);
#5567=EDGE_CURVE('',#487,#229,#5570,.F.);
#5568=EDGE_CURVE('',#229,#137,#5571,.T.);
#5569=EDGE_CURVE('',#137,#487,#5572,.T.);
#5570=LINE('',#486,#5573);
#5571=LINE('',#228,#5574);
#5572=LINE('',#136,#5575);
#5573=VECTOR('',#5576,1.0);
#5574=VECTOR('',#5577,1.0);
#5575=VECTOR('',#5578,1.0);
#5576=DIRECTION('',(-0.5226562658921508,-0.852543504886216,0));
#5577=DIRECTION('',(0.38266257742337706,0.9238881706352224,0));
#5578=DIRECTION('',(0.5316045112602983,0.8469927057582606,0));
#5579=FACE_SURFACE('',(#5584),#5580,.T.);
#5580=PLANE('',#5581);
#5581=AXIS2_PLACEMENT_3D('',#486,#5582,#5583);
#5582=DIRECTION('',(0,0,-1));
#5583=DIRECTION('',(-0.5316045112602983,-0.8469927057582606,0));
#5584=FACE_BOUND('',#5585,.T.);
#5585=EDGE_LOOP('',(#5586,#5587,#5588));
#5586=ORIENTED_EDGE('',*,*,#5589,.T.);
#5587=ORIENTED_EDGE('',*,*,#5590,.T.);
#5588=ORIENTED_EDGE('',*,*,#5591,.T.);
#5589=EDGE_CURVE('',#487,#137,#5592,.F.);
#5590=EDGE_CURVE('',#137,#141,#5593,.T.);
#5591=EDGE_CURVE('',#141,#487,#5594,.T.);
#5592=LINE('',#486,#5595);
#5593=LINE('',#136,#5596);
#5594=LINE('',#140,#5597);
#5595=VECTOR('',#5598,1.0);
#5596=VECTOR('',#5599,1.0);
#5597=VECTOR('',#5600,1.0);
#5598=DIRECTION('',(-0.5316045112602983,-0.8469927057582606,0));
#5599=DIRECTION('',(0.13054156767343722,0.9914428370356817,0));
#5600=DIRECTION('',(0.556614835349462,0.8307706813970335,0));
#5601=FACE_SURFACE('',(#5606),#5602,.T.);
#5602=PLANE('',#5603);
#5603=AXIS2_PLACEMENT_3D('',#464,#5604,#5605);
#5604=DIRECTION('',(0,0,-1));
#5605=DIRECTION('',(0.9989009582034577,0.04687084061774657,0));
#5606=FACE_BOUND('',#5607,.T.);
#5607=EDGE_LOOP('',(#5608,#5609,#5610));
#5608=ORIENTED_EDGE('',*,*,#5611,.T.);
#5609=ORIENTED_EDGE('',*,*,#5612,.T.);
#5610=ORIENTED_EDGE('',*,*,#5613,.T.);
#5611=EDGE_CURVE('',#465,#433,#5614,.F.);
#5612=EDGE_CURVE('',#433,#461,#5615,.T.);
#5613=EDGE_CURVE('',#461,#465,#5616,.T.);
#5614=LINE('',#464,#5617);
#5615=LINE('',#432,#5618);
#5616=LINE('',#460,#5619);
#5617=VECTOR('',#5620,1.0);
#5618=VECTOR('',#5621,1.0);
#5619=VECTOR('',#5622,1.0);
#5620=DIRECTION('',(0.9989009582034577,0.04687084061774657,0));
#5621=DIRECTION('',(0.9978664239883681,-0.06528858917656558,0));
#5622=DIRECTION('',(-1,0,0));
#5623=FACE_SURFACE('',(#5628),#5624,.T.);
#5624=PLANE('',#5625);
#5625=AXIS2_PLACEMENT_3D('',#460,#5626,#5627);
#5626=DIRECTION('',(0,0,-1));
#5627=DIRECTION('',(-0.9978664239883681,0.06528858917656558,0));
#5628=FACE_BOUND('',#5629,.T.);
#5629=EDGE_LOOP('',(#5630,#5631,#5632));
#5630=ORIENTED_EDGE('',*,*,#5633,.T.);
#5631=ORIENTED_EDGE('',*,*,#5634,.T.);
#5632=ORIENTED_EDGE('',*,*,#5635,.T.);
#5633=EDGE_CURVE('',#461,#433,#5636,.F.);
#5634=EDGE_CURVE('',#433,#437,#5637,.T.);
#5635=EDGE_CURVE('',#437,#461,#5638,.T.);
#5636=LINE('',#460,#5639);
#5637=LINE('',#432,#5640);
#5638=LINE('',#436,#5641);
#5639=VECTOR('',#5642,1.0);
#5640=VECTOR('',#5643,1.0);
#5641=VECTOR('',#5644,1.0);
#5642=DIRECTION('',(-0.9978664239883681,0.06528858917656558,0));
#5643=DIRECTION('',(0,1,0));
#5644=DIRECTION('',(0.9085665477581251,-0.4177401444617008,0));
#5645=FACE_SURFACE('',(#5650),#5646,.T.);
#5646=PLANE('',#5647);
#5647=AXIS2_PLACEMENT_3D('',#460,#5648,#5649);
#5648=DIRECTION('',(0,0,-1));
#5649=DIRECTION('',(-0.9085665477581251,0.4177401444617008,0));
#5650=FACE_BOUND('',#5651,.T.);
#5651=EDGE_LOOP('',(#5652,#5653,#5654));
#5652=ORIENTED_EDGE('',*,*,#5655,.T.);
#5653=ORIENTED_EDGE('',*,*,#5656,.T.);
#5654=ORIENTED_EDGE('',*,*,#5657,.T.);
#5655=EDGE_CURVE('',#461,#437,#5658,.F.);
#5656=EDGE_CURVE('',#437,#205,#5659,.T.);
#5657=EDGE_CURVE('',#205,#461,#5660,.T.);
#5658=LINE('',#460,#5661);
#5659=LINE('',#436,#5662);
#5660=LINE('',#204,#5663);
#5661=VECTOR('',#5664,1.0);
#5662=VECTOR('',#5665,1.0);
#5663=VECTOR('',#5666,1.0);
#5664=DIRECTION('',(-0.9085665477581251,0.4177401444617008,0));
#5665=DIRECTION('',(0.9461738437222568,0.3236588596900299,0));
#5666=DIRECTION('',(-0.33806046775755816,-0.9411243914273719,0));
#5667=FACE_SURFACE('',(#5672),#5668,.T.);
#5668=PLANE('',#5669);
#5669=AXIS2_PLACEMENT_3D('',#204,#5670,#5671);
#5670=DIRECTION('',(-0,0,-1));
#5671=DIRECTION('',(-0.9461738437222568,-0.3236588596900299,0));
#5672=FACE_BOUND('',#5673,.T.);
#5673=EDGE_LOOP('',(#5674,#5675,#5676));
#5674=ORIENTED_EDGE('',*,*,#5677,.T.);
#5675=ORIENTED_EDGE('',*,*,#5678,.T.);
#5676=ORIENTED_EDGE('',*,*,#5679,.T.);
#5677=EDGE_CURVE('',#205,#437,#5680,.F.);
#5678=EDGE_CURVE('',#437,#201,#5681,.T.);
#5679=EDGE_CURVE('',#201,#205,#5682,.T.);
#5680=LINE('',#204,#5683);
#5681=LINE('',#436,#5684);
#5682=LINE('',#200,#5685);
#5683=VECTOR('',#5686,1.0);
#5684=VECTOR('',#5687,1.0);
#5685=VECTOR('',#5688,1.0);
#5686=DIRECTION('',(-0.9461738437222568,-0.3236588596900299,0));
#5687=DIRECTION('',(0.9435307554959292,0.3312849429619178,0));
#5688=DIRECTION('',(0.7933497113631495,-0.6087661582906917,0));
#5689=FACE_SURFACE('',(#5694),#5690,.T.);
#5690=PLANE('',#5691);
#5691=AXIS2_PLACEMENT_3D('',#200,#5692,#5693);
#5692=DIRECTION('',(-0,0,-1));
#5693=DIRECTION('',(-0.9435307554959292,-0.3312849429619178,0));
#5694=FACE_BOUND('',#5695,.T.);
#5695=EDGE_LOOP('',(#5696,#5697,#5698));
#5696=ORIENTED_EDGE('',*,*,#5699,.T.);
#5697=ORIENTED_EDGE('',*,*,#5700,.T.);
#5698=ORIENTED_EDGE('',*,*,#5701,.T.);
#5699=EDGE_CURVE('',#201,#437,#5702,.F.);
#5700=EDGE_CURVE('',#437,#197,#5703,.T.);
#5701=EDGE_CURVE('',#197,#201,#5704,.T.);
#5702=LINE('',#200,#5705);
#5703=LINE('',#436,#5706);
#5704=LINE('',#196,#5707);
#5705=VECTOR('',#5708,1.0);
#5706=VECTOR('',#5709,1.0);
#5707=VECTOR('',#5710,1.0);
#5708=DIRECTION('',(-0.9435307554959292,-0.3312849429619178,0));
#5709=DIRECTION('',(0.9404303913285434,0.3399862924672737,0));
#5710=DIRECTION('',(0.6087687520516256,-0.7933477210690824,0));
#5711=FACE_SURFACE('',(#5716),#5712,.T.);
#5712=PLANE('',#5713);
#5713=AXIS2_PLACEMENT_3D('',#196,#5714,#5715);
#5714=DIRECTION('',(-0,0,-1));
#5715=DIRECTION('',(-0.9404303913285434,-0.3399862924672737,0));
#5716=FACE_BOUND('',#5717,.T.);
#5717=EDGE_LOOP('',(#5718,#5719,#5720));
#5718=ORIENTED_EDGE('',*,*,#5721,.T.);
#5719=ORIENTED_EDGE('',*,*,#5722,.T.);
#5720=ORIENTED_EDGE('',*,*,#5723,.T.);
#5721=EDGE_CURVE('',#197,#437,#5724,.F.);
#5722=EDGE_CURVE('',#437,#193,#5725,.T.);
#5723=EDGE_CURVE('',#193,#197,#5726,.T.);
#5724=LINE('',#196,#5727);
#5725=LINE('',#436,#5728);
#5726=LINE('',#192,#5729);
#5727=VECTOR('',#5730,1.0);
#5728=VECTOR('',#5731,1.0);
#5729=VECTOR('',#5732,1.0);
#5730=DIRECTION('',(-0.9404303913285434,-0.3399862924672737,0));
#5731=DIRECTION('',(0.9370832374076883,0.3491060099304021,0));
#5732=DIRECTION('',(0.38266257742337706,-0.9238881706352224,0));
#5733=FACE_SURFACE('',(#5738),#5734,.T.);
#5734=PLANE('',#5735);
#5735=AXIS2_PLACEMENT_3D('',#192,#5736,#5737);
#5736=DIRECTION('',(-0,0,-1));
#5737=DIRECTION('',(-0.9370832374076883,-0.3491060099304021,0));
#5738=FACE_BOUND('',#5739,.T.);
#5739=EDGE_LOOP('',(#5740,#5741,#5742));
#5740=ORIENTED_EDGE('',*,*,#5743,.T.);
#5741=ORIENTED_EDGE('',*,*,#5744,.T.);
#5742=ORIENTED_EDGE('',*,*,#5745,.T.);
#5743=EDGE_CURVE('',#193,#437,#5746,.F.);
#5744=EDGE_CURVE('',#437,#189,#5747,.T.);
#5745=EDGE_CURVE('',#189,#193,#5748,.T.);
#5746=LINE('',#192,#5749);
#5747=LINE('',#436,#5750);
#5748=LINE('',#188,#5751);
#5749=VECTOR('',#5752,1.0);
#5750=VECTOR('',#5753,1.0);
#5751=VECTOR('',#5754,1.0);
#5752=DIRECTION('',(-0.9370832374076883,-0.3491060099304021,0));
#5753=DIRECTION('',(0.9337398388040378,0.35795238989313855,0));
#5754=DIRECTION('',(0.13054156767343722,-0.9914428370356817,0));
#5755=FACE_SURFACE('',(#5760),#5756,.T.);
#5756=PLANE('',#5757);
#5757=AXIS2_PLACEMENT_3D('',#188,#5758,#5759);
#5758=DIRECTION('',(-0,0,-1));
#5759=DIRECTION('',(-0.9337398388040378,-0.35795238989313855,0));
#5760=FACE_BOUND('',#5761,.T.);
#5761=EDGE_LOOP('',(#5762,#5763,#5764));
#5762=ORIENTED_EDGE('',*,*,#5765,.T.);
#5763=ORIENTED_EDGE('',*,*,#5766,.T.);
#5764=ORIENTED_EDGE('',*,*,#5767,.T.);
#5765=EDGE_CURVE('',#189,#437,#5768,.F.);
#5766=EDGE_CURVE('',#437,#185,#5769,.T.);
#5767=EDGE_CURVE('',#185,#189,#5770,.T.);
#5768=LINE('',#188,#5771);
#5769=LINE('',#436,#5772);
#5770=LINE('',#184,#5773);
#5771=VECTOR('',#5774,1.0);
#5772=VECTOR('',#5775,1.0);
#5773=VECTOR('',#5776,1.0);
#5774=DIRECTION('',(-0.9337398388040378,-0.35795238989313855,0));
#5775=DIRECTION('',(0.9306672408095771,0.36586676110831484,0));
#5776=DIRECTION('',(-0.13053927527407597,-0.9914431388692541,0));
#5777=FACE_SURFACE('',(#5782),#5778,.T.);
#5778=PLANE('',#5779);
#5779=AXIS2_PLACEMENT_3D('',#184,#5780,#5781);
#5780=DIRECTION('',(-0,0,-1));
#5781=DIRECTION('',(-0.9306672408095771,-0.36586676110831484,0));
#5782=FACE_BOUND('',#5783,.T.);
#5783=EDGE_LOOP('',(#5784,#5785,#5786));
#5784=ORIENTED_EDGE('',*,*,#5787,.T.);
#5785=ORIENTED_EDGE('',*,*,#5788,.T.);
#5786=ORIENTED_EDGE('',*,*,#5789,.T.);
#5787=EDGE_CURVE('',#185,#437,#5790,.F.);
#5788=EDGE_CURVE('',#437,#181,#5791,.T.);
#5789=EDGE_CURVE('',#181,#185,#5792,.T.);
#5790=LINE('',#184,#5793);
#5791=LINE('',#436,#5794);
#5792=LINE('',#180,#5795);
#5793=VECTOR('',#5796,1.0);
#5794=VECTOR('',#5797,1.0);
#5795=VECTOR('',#5798,1.0);
#5796=DIRECTION('',(-0.9306672408095771,-0.36586676110831484,0));
#5797=DIRECTION('',(0.9281184903218317,0.3722849284119947,0));
#5798=DIRECTION('',(-0.38266257742337706,-0.9238881706352224,0));
#5799=FACE_SURFACE('',(#5804),#5800,.T.);
#5800=PLANE('',#5801);
#5801=AXIS2_PLACEMENT_3D('',#180,#5802,#5803);
#5802=DIRECTION('',(-0,0,-1));
#5803=DIRECTION('',(-0.9281184903218317,-0.3722849284119947,0));
#5804=FACE_BOUND('',#5805,.T.);
#5805=EDGE_LOOP('',(#5806,#5807,#5808));
#5806=ORIENTED_EDGE('',*,*,#5809,.T.);
#5807=ORIENTED_EDGE('',*,*,#5810,.T.);
#5808=ORIENTED_EDGE('',*,*,#5811,.T.);
#5809=EDGE_CURVE('',#181,#437,#5812,.F.);
#5810=EDGE_CURVE('',#437,#177,#5813,.T.);
#5811=EDGE_CURVE('',#177,#181,#5814,.T.);
#5812=LINE('',#180,#5815);
#5813=LINE('',#436,#5816);
#5814=LINE('',#176,#5817);
#5815=VECTOR('',#5818,1.0);
#5816=VECTOR('',#5819,1.0);
#5817=VECTOR('',#5820,1.0);
#5818=DIRECTION('',(-0.9281184903218317,-0.3722849284119947,0));
#5819=DIRECTION('',(0.9263021713553045,0.37678148487213137,0));
#5820=DIRECTION('',(-0.6087773065206213,-0.7933411567954214,0));
#5821=FACE_SURFACE('',(#5826),#5822,.T.);
#5822=PLANE('',#5823);
#5823=AXIS2_PLACEMENT_3D('',#176,#5824,#5825);
#5824=DIRECTION('',(-0,0,-1));
#5825=DIRECTION('',(-0.9263021713553045,-0.37678148487213137,0));
#5826=FACE_BOUND('',#5827,.T.);
#5827=EDGE_LOOP('',(#5828,#5829,#5830));
#5828=ORIENTED_EDGE('',*,*,#5831,.T.);
#5829=ORIENTED_EDGE('',*,*,#5832,.T.);
#5830=ORIENTED_EDGE('',*,*,#5833,.T.);
#5831=EDGE_CURVE('',#177,#437,#5834,.F.);
#5832=EDGE_CURVE('',#437,#249,#5835,.T.);
#5833=EDGE_CURVE('',#249,#177,#5836,.T.);
#5834=LINE('',#176,#5837);
#5835=LINE('',#436,#5838);
#5836=LINE('',#248,#5839);
#5837=VECTOR('',#5840,1.0);
#5838=VECTOR('',#5841,1.0);
#5839=VECTOR('',#5842,1.0);
#5840=DIRECTION('',(-0.9263021713553045,-0.37678148487213137,0));
#5841=DIRECTION('',(-0.9486148275308655,0.31643310349675235,0));
#5842=DIRECTION('',(1,0,0));
#5843=FACE_SURFACE('',(#5848),#5844,.T.);
#5844=PLANE('',#5845);
#5845=AXIS2_PLACEMENT_3D('',#176,#5846,#5847);
#5846=DIRECTION('',(0,0,-1));
#5847=DIRECTION('',(-1,0,0));
#5848=FACE_BOUND('',#5849,.T.);
#5849=EDGE_LOOP('',(#5850,#5851,#5852));
#5850=ORIENTED_EDGE('',*,*,#5853,.T.);
#5851=ORIENTED_EDGE('',*,*,#5854,.T.);
#5852=ORIENTED_EDGE('',*,*,#5855,.T.);
#5853=EDGE_CURVE('',#177,#249,#5856,.F.);
#5854=EDGE_CURVE('',#249,#173,#5857,.T.);
#5855=EDGE_CURVE('',#173,#177,#5858,.T.);
#5856=LINE('',#176,#5859);
#5857=LINE('',#248,#5860);
#5858=LINE('',#172,#5861);
#5859=VECTOR('',#5862,1.0);
#5860=VECTOR('',#5863,1.0);
#5861=VECTOR('',#5864,1.0);
#5862=DIRECTION('',(-1,0,0));
#5863=DIRECTION('',(0.9999960598686198,0.0028071778062127824,0));
#5864=DIRECTION('',(-0.7933497113631495,-0.6087661582906917,0));
#5865=FACE_SURFACE('',(#5870),#5866,.T.);
#5866=PLANE('',#5867);
#5867=AXIS2_PLACEMENT_3D('',#172,#5868,#5869);
#5868=DIRECTION('',(-0,0,-1));
#5869=DIRECTION('',(-0.9999960598686198,-0.0028071778062127824,0));
#5870=FACE_BOUND('',#5871,.T.);
#5871=EDGE_LOOP('',(#5872,#5873,#5874));
#5872=ORIENTED_EDGE('',*,*,#5875,.T.);
#5873=ORIENTED_EDGE('',*,*,#5876,.T.);
#5874=ORIENTED_EDGE('',*,*,#5877,.T.);
#5875=EDGE_CURVE('',#173,#249,#5878,.F.);
#5876=EDGE_CURVE('',#249,#253,#5879,.T.);
#5877=EDGE_CURVE('',#253,#173,#5880,.T.);
#5878=LINE('',#172,#5881);
#5879=LINE('',#248,#5882);
#5880=LINE('',#252,#5883);
#5881=VECTOR('',#5884,1.0);
#5882=VECTOR('',#5885,1.0);
#5883=VECTOR('',#5886,1.0);
#5884=DIRECTION('',(-0.9999960598686198,-0.0028071778062127824,0));
#5885=DIRECTION('',(-0.7933529934497514,0.608761881021076,0));
#5886=DIRECTION('',(1,0,0));
#5887=FACE_SURFACE('',(#5892),#5888,.T.);
#5888=PLANE('',#5889);
#5889=AXIS2_PLACEMENT_3D('',#172,#5890,#5891);
#5890=DIRECTION('',(0,0,-1));
#5891=DIRECTION('',(-1,0,0));
#5892=FACE_BOUND('',#5893,.T.);
#5893=EDGE_LOOP('',(#5894,#5895,#5896));
#5894=ORIENTED_EDGE('',*,*,#5897,.T.);
#5895=ORIENTED_EDGE('',*,*,#5898,.T.);
#5896=ORIENTED_EDGE('',*,*,#5899,.T.);
#5897=EDGE_CURVE('',#173,#253,#5900,.F.);
#5898=EDGE_CURVE('',#253,#487,#5901,.T.);
#5899=EDGE_CURVE('',#487,#173,#5902,.T.);
#5900=LINE('',#172,#5903);
#5901=LINE('',#252,#5904);
#5902=LINE('',#486,#5905);
#5903=VECTOR('',#5906,1.0);
#5904=VECTOR('',#5907,1.0);
#5905=VECTOR('',#5908,1.0);
#5906=DIRECTION('',(-1,0,0));
#5907=DIRECTION('',(0.9993575414826555,0.03583998160912547,0));
#5908=DIRECTION('',(-0.8525425097700166,-0.5226578890967218,0));
#5909=FACE_SURFACE('',(#5914),#5910,.T.);
#5910=PLANE('',#5911);
#5911=AXIS2_PLACEMENT_3D('',#468,#5912,#5913);
#5912=DIRECTION('',(-0,0,-1));
#5913=DIRECTION('',(-0.584772059801944,-0.8111976566010233,0));
#5914=FACE_BOUND('',#5915,.T.);
#5915=EDGE_LOOP('',(#5916,#5917,#5918));
#5916=ORIENTED_EDGE('',*,*,#5919,.T.);
#5917=ORIENTED_EDGE('',*,*,#5920,.T.);
#5918=ORIENTED_EDGE('',*,*,#5921,.T.);
#5919=EDGE_CURVE('',#469,#369,#5922,.F.);
#5920=EDGE_CURVE('',#369,#465,#5923,.T.);
#5921=EDGE_CURVE('',#465,#469,#5924,.T.);
#5922=LINE('',#468,#5925);
#5923=LINE('',#368,#5926);
#5924=LINE('',#464,#5927);
#5925=VECTOR('',#5928,1.0);
#5926=VECTOR('',#5929,1.0);
#5927=VECTOR('',#5930,1.0);
#5928=DIRECTION('',(-0.584772059801944,-0.8111976566010233,0));
#5929=DIRECTION('',(0.27478158439952355,0.9615066722986833,0));
#5930=DIRECTION('',(0,-1,0));
#5931=FACE_SURFACE('',(#5936),#5932,.T.);
#5932=PLANE('',#5933);
#5933=AXIS2_PLACEMENT_3D('',#464,#5934,#5935);
#5934=DIRECTION('',(0,0,-1));
#5935=DIRECTION('',(-0.27478158439952355,-0.9615066722986833,0));
#5936=FACE_BOUND('',#5937,.T.);
#5937=EDGE_LOOP('',(#5938,#5939,#5940));
#5938=ORIENTED_EDGE('',*,*,#5941,.T.);
#5939=ORIENTED_EDGE('',*,*,#5942,.T.);
#5940=ORIENTED_EDGE('',*,*,#5943,.T.);
#5941=EDGE_CURVE('',#465,#369,#5944,.F.);
#5942=EDGE_CURVE('',#369,#373,#5945,.T.);
#5943=EDGE_CURVE('',#373,#465,#5946,.T.);
#5944=LINE('',#464,#5947);
#5945=LINE('',#368,#5948);
#5946=LINE('',#372,#5949);
#5947=VECTOR('',#5950,1.0);
#5948=VECTOR('',#5951,1.0);
#5949=VECTOR('',#5952,1.0);
#5950=DIRECTION('',(-0.27478158439952355,-0.9615066722986833,0));
#5951=DIRECTION('',(-0.6087653165726498,-0.7933503572433819,0));
#5952=DIRECTION('',(0.27932178755738674,0.9601975520671494,0));
#5953=FACE_SURFACE('',(#5958),#5954,.T.);
#5954=PLANE('',#5955);
#5955=AXIS2_PLACEMENT_3D('',#464,#5956,#5957);
#5956=DIRECTION('',(-0,0,-1));
#5957=DIRECTION('',(-0.27932178755738674,-0.9601975520671494,0));
#5958=FACE_BOUND('',#5959,.T.);
#5959=EDGE_LOOP('',(#5960,#5961,#5962));
#5960=ORIENTED_EDGE('',*,*,#5963,.T.);
#5961=ORIENTED_EDGE('',*,*,#5964,.T.);
#5962=ORIENTED_EDGE('',*,*,#5965,.T.);
#5963=EDGE_CURVE('',#465,#373,#5966,.F.);
#5964=EDGE_CURVE('',#373,#293,#5967,.T.);
#5965=EDGE_CURVE('',#293,#465,#5968,.T.);
#5966=LINE('',#464,#5969);
#5967=LINE('',#372,#5970);
#5968=LINE('',#292,#5971);
#5969=VECTOR('',#5972,1.0);
#5970=VECTOR('',#5973,1.0);
#5971=VECTOR('',#5974,1.0);
#5972=DIRECTION('',(-0.27932178755738674,-0.9601975520671494,0));
#5973=DIRECTION('',(0,1,0));
#5974=DIRECTION('',(0.3004066363519952,-0.9538112249474107,0));
#5975=FACE_SURFACE('',(#5980),#5976,.T.);
#5976=PLANE('',#5977);
#5977=AXIS2_PLACEMENT_3D('',#472,#5978,#5979);
#5978=DIRECTION('',(-0,-0,-1));
#5979=DIRECTION('',(0,-1,0));
#5980=FACE_BOUND('',#5981,.T.);
#5981=EDGE_LOOP('',(#5982,#5983,#5984));
#5982=ORIENTED_EDGE('',*,*,#5985,.T.);
#5983=ORIENTED_EDGE('',*,*,#5986,.T.);
#5984=ORIENTED_EDGE('',*,*,#5987,.T.);
#5985=EDGE_CURVE('',#473,#477,#5988,.F.);
#5986=EDGE_CURVE('',#477,#469,#5989,.T.);
#5987=EDGE_CURVE('',#469,#473,#5990,.T.);
#5988=LINE('',#472,#5991);
#5989=LINE('',#476,#5992);
#5990=LINE('',#468,#5993);
#5991=VECTOR('',#5994,1.0);
#5992=VECTOR('',#5995,1.0);
#5993=VECTOR('',#5996,1.0);
#5994=DIRECTION('',(0,-1,0));
#5995=DIRECTION('',(-0.999999999840129,1.7881328770603336E-05,0));
#5996=DIRECTION('',(1,0,0));
#5997=FACE_SURFACE('',(#6002),#5998,.T.);
#5998=PLANE('',#5999);
#5999=AXIS2_PLACEMENT_3D('',#468,#6000,#6001);
#6000=DIRECTION('',(0,-0,-1));
#6001=DIRECTION('',(0.999999999840129,-1.7881328770603336E-05,0));
#6002=FACE_BOUND('',#6003,.T.);
#6003=EDGE_LOOP('',(#6004,#6005,#6006));
#6004=ORIENTED_EDGE('',*,*,#6007,.T.);
#6005=ORIENTED_EDGE('',*,*,#6008,.T.);
#6006=ORIENTED_EDGE('',*,*,#6009,.T.);
#6007=EDGE_CURVE('',#469,#477,#6010,.F.);
#6008=EDGE_CURVE('',#477,#341,#6011,.T.);
#6009=EDGE_CURVE('',#341,#469,#6012,.T.);
#6010=LINE('',#468,#6013);
#6011=LINE('',#476,#6014);
#6012=LINE('',#340,#6015);
#6013=VECTOR('',#6016,1.0);
#6014=VECTOR('',#6017,1.0);
#6015=VECTOR('',#6018,1.0);
#6016=DIRECTION('',(0.999999999840129,-1.7881328770603336E-05,0));
#6017=DIRECTION('',(-0.892965921865671,-0.450124274380523,0));
#6018=DIRECTION('',(0.4482593814056713,0.8939035333758364,0));
#6019=FACE_SURFACE('',(#6024),#6020,.T.);
#6020=PLANE('',#6021);
#6021=AXIS2_PLACEMENT_3D('',#468,#6022,#6023);
#6022=DIRECTION('',(0,0,-1));
#6023=DIRECTION('',(-0.4482593814056713,-0.8939035333758364,0));
#6024=FACE_BOUND('',#6025,.T.);
#6025=EDGE_LOOP('',(#6026,#6027,#6028));
#6026=ORIENTED_EDGE('',*,*,#6029,.T.);
#6027=ORIENTED_EDGE('',*,*,#6030,.T.);
#6028=ORIENTED_EDGE('',*,*,#6031,.T.);
#6029=EDGE_CURVE('',#469,#341,#6032,.F.);
#6030=EDGE_CURVE('',#341,#345,#6033,.T.);
#6031=EDGE_CURVE('',#345,#469,#6034,.T.);
#6032=LINE('',#468,#6035);
#6033=LINE('',#340,#6036);
#6034=LINE('',#344,#6037);
#6035=VECTOR('',#6038,1.0);
#6036=VECTOR('',#6039,1.0);
#6037=VECTOR('',#6040,1.0);
#6038=DIRECTION('',(-0.4482593814056713,-0.8939035333758364,0));
#6039=DIRECTION('',(-0.6087653165726498,0.7933503572433819,0));
#6040=DIRECTION('',(0.4723100516900134,0.8814324790207001,0));
#6041=FACE_SURFACE('',(#6046),#6042,.T.);
#6042=PLANE('',#6043);
#6043=AXIS2_PLACEMENT_3D('',#442,#6044,#6045);
#6044=DIRECTION('',(-0,-0,-1));
#6045=DIRECTION('',(0,-1,0));
#6046=FACE_BOUND('',#6047,.T.);
#6047=EDGE_LOOP('',(#6048,#6049,#6050));
#6048=ORIENTED_EDGE('',*,*,#6051,.T.);
#6049=ORIENTED_EDGE('',*,*,#6052,.T.);
#6050=ORIENTED_EDGE('',*,*,#6053,.T.);
#6051=EDGE_CURVE('',#443,#441,#6054,.F.);
#6052=EDGE_CURVE('',#441,#477,#6055,.T.);
#6053=EDGE_CURVE('',#477,#443,#6056,.T.);
#6054=LINE('',#442,#6057);
#6055=LINE('',#440,#6058);
#6056=LINE('',#476,#6059);
#6057=VECTOR('',#6060,1.0);
#6058=VECTOR('',#6061,1.0);
#6059=VECTOR('',#6062,1.0);
#6060=DIRECTION('',(0,-1,0));
#6061=DIRECTION('',(-0.9999972804265713,0.00233219627415939,0));
#6062=DIRECTION('',(1,0,0));
#6063=FACE_SURFACE('',(#6068),#6064,.T.);
#6064=PLANE('',#6065);
#6065=AXIS2_PLACEMENT_3D('',#476,#6066,#6067);
#6066=DIRECTION('',(0,-0,-1));
#6067=DIRECTION('',(0.9999972804265713,-0.00233219627415939,0));
#6068=FACE_BOUND('',#6069,.T.);
#6069=EDGE_LOOP('',(#6070,#6071,#6072));
#6070=ORIENTED_EDGE('',*,*,#6073,.T.);
#6071=ORIENTED_EDGE('',*,*,#6074,.T.);
#6072=ORIENTED_EDGE('',*,*,#6075,.T.);
#6073=EDGE_CURVE('',#477,#441,#6076,.F.);
#6074=EDGE_CURVE('',#441,#421,#6077,.T.);
#6075=EDGE_CURVE('',#421,#477,#6078,.T.);
#6076=LINE('',#476,#6079);
#6077=LINE('',#440,#6080);
#6078=LINE('',#420,#6081);
#6079=VECTOR('',#6082,1.0);
#6080=VECTOR('',#6083,1.0);
#6081=VECTOR('',#6084,1.0);
#6082=DIRECTION('',(0.9999972804265713,-0.00233219627415939,0));
#6083=DIRECTION('',(-0.9511102670971865,-0.3088515174356742,0));
#6084=DIRECTION('',(0.8694155989196576,0.49408148756573844,0));
#6085=FACE_SURFACE('',(#6090),#6086,.T.);
#6086=PLANE('',#6087);
#6087=AXIS2_PLACEMENT_3D('',#476,#6088,#6089);
#6088=DIRECTION('',(0,0,-1));
#6089=DIRECTION('',(-0.8694155989196576,-0.49408148756573844,0));
#6090=FACE_BOUND('',#6091,.T.);
#6091=EDGE_LOOP('',(#6092,#6093,#6094));
#6092=ORIENTED_EDGE('',*,*,#6095,.T.);
#6093=ORIENTED_EDGE('',*,*,#6096,.T.);
#6094=ORIENTED_EDGE('',*,*,#6097,.T.);
#6095=EDGE_CURVE('',#477,#421,#6098,.F.);
#6096=EDGE_CURVE('',#421,#329,#6099,.T.);
#6097=EDGE_CURVE('',#329,#477,#6100,.T.);
#6098=LINE('',#476,#6101);
#6099=LINE('',#420,#6102);
#6100=LINE('',#328,#6103);
#6101=VECTOR('',#6104,1.0);
#6102=VECTOR('',#6105,1.0);
#6103=VECTOR('',#6106,1.0);
#6104=DIRECTION('',(-0.8694155989196576,-0.49408148756573844,0));
#6105=DIRECTION('',(0.3826776961850583,0.9238819084939894,0));
#6106=DIRECTION('',(0.8738537036363964,0.4861889598098183,0));
#6107=FACE_SURFACE('',(#6112),#6108,.T.);
#6108=PLANE('',#6109);
#6109=AXIS2_PLACEMENT_3D('',#448,#6110,#6111);
#6110=DIRECTION('',(-0,-0,-1));
#6111=DIRECTION('',(0.8901654332433208,-0.4556374671366822,0));
#6112=FACE_BOUND('',#6113,.T.);
#6113=EDGE_LOOP('',(#6114,#6115,#6116));
#6114=ORIENTED_EDGE('',*,*,#6117,.T.);
#6115=ORIENTED_EDGE('',*,*,#6118,.T.);
#6116=ORIENTED_EDGE('',*,*,#6119,.T.);
#6117=EDGE_CURVE('',#449,#105,#6120,.F.);
#6118=EDGE_CURVE('',#105,#441,#6121,.T.);
#6119=EDGE_CURVE('',#441,#449,#6122,.T.);
#6120=LINE('',#448,#6123);
#6121=LINE('',#104,#6124);
#6122=LINE('',#440,#6125);
#6123=VECTOR('',#6126,1.0);
#6124=VECTOR('',#6127,1.0);
#6125=VECTOR('',#6128,1.0);
#6126=DIRECTION('',(0.8901654332433208,-0.4556374671366822,0));
#6127=DIRECTION('',(-0.955000212789229,0.29660511386779465,0));
#6128=DIRECTION('',(1,0,0));
#6129=FACE_SURFACE('',(#6134),#6130,.T.);
#6130=PLANE('',#6131);
#6131=AXIS2_PLACEMENT_3D('',#440,#6132,#6133);
#6132=DIRECTION('',(0,-0,-1));
#6133=DIRECTION('',(0.955000212789229,-0.29660511386779465,0));
#6134=FACE_BOUND('',#6135,.T.);
#6135=EDGE_LOOP('',(#6136,#6137,#6138));
#6136=ORIENTED_EDGE('',*,*,#6139,.T.);
#6137=ORIENTED_EDGE('',*,*,#6140,.T.);
#6138=ORIENTED_EDGE('',*,*,#6141,.T.);
#6139=EDGE_CURVE('',#441,#105,#6142,.F.);
#6140=EDGE_CURVE('',#105,#417,#6143,.T.);
#6141=EDGE_CURVE('',#417,#441,#6144,.T.);
#6142=LINE('',#440,#6145);
#6143=LINE('',#104,#6146);
#6144=LINE('',#416,#6147);
#6145=VECTOR('',#6148,1.0);
#6146=VECTOR('',#6149,1.0);
#6147=VECTOR('',#6150,1.0);
#6148=DIRECTION('',(0.955000212789229,-0.29660511386779465,0));
#6149=DIRECTION('',(-1,0,0));
#6150=DIRECTION('',(0.9495106770859298,0.3137347193088758,0));
#6151=FACE_SURFACE('',(#6156),#6152,.T.);
#6152=PLANE('',#6153);
#6153=AXIS2_PLACEMENT_3D('',#440,#6154,#6155);
#6154=DIRECTION('',(0,0,-1));
#6155=DIRECTION('',(-0.9495106770859298,-0.3137347193088758,0));
#6156=FACE_BOUND('',#6157,.T.);
#6157=EDGE_LOOP('',(#6158,#6159,#6160));
#6158=ORIENTED_EDGE('',*,*,#6161,.T.);
#6159=ORIENTED_EDGE('',*,*,#6162,.T.);
#6160=ORIENTED_EDGE('',*,*,#6163,.T.);
#6161=EDGE_CURVE('',#441,#417,#6164,.F.);
#6162=EDGE_CURVE('',#417,#421,#6165,.T.);
#6163=EDGE_CURVE('',#421,#441,#6166,.T.);
#6164=LINE('',#440,#6167);
#6165=LINE('',#416,#6168);
#6166=LINE('',#420,#6169);
#6167=VECTOR('',#6170,1.0);
#6168=VECTOR('',#6171,1.0);
#6169=VECTOR('',#6172,1.0);
#6170=DIRECTION('',(-0.9495106770859298,-0.3137347193088758,0));
#6171=DIRECTION('',(0.6087653165726498,0.7933503572433819,0));
#6172=DIRECTION('',(0.9511102670971865,0.3088515174356742,0));
#6173=FACE_SURFACE('',(#6178),#6174,.T.);
#6174=PLANE('',#6175);
#6175=AXIS2_PLACEMENT_3D('',#452,#6176,#6177);
#6176=DIRECTION('',(0,0,-1));
#6177=DIRECTION('',(1,0,0));
#6178=FACE_BOUND('',#6179,.T.);
#6179=EDGE_LOOP('',(#6180,#6181,#6182));
#6180=ORIENTED_EDGE('',*,*,#6183,.T.);
#6181=ORIENTED_EDGE('',*,*,#6184,.T.);
#6182=ORIENTED_EDGE('',*,*,#6185,.T.);
#6183=EDGE_CURVE('',#453,#457,#6186,.F.);
#6184=EDGE_CURVE('',#457,#449,#6187,.T.);
#6185=EDGE_CURVE('',#449,#453,#6188,.T.);
#6186=LINE('',#452,#6189);
#6187=LINE('',#456,#6190);
#6188=LINE('',#448,#6191);
#6189=VECTOR('',#6192,1.0);
#6190=VECTOR('',#6193,1.0);
#6191=VECTOR('',#6194,1.0);
#6192=DIRECTION('',(1,0,0));
#6193=DIRECTION('',(-0.9999971912656203,-0.0023701183241260147,0));
#6194=DIRECTION('',(0,1,0));
#6195=FACE_SURFACE('',(#6200),#6196,.T.);
#6196=PLANE('',#6197);
#6197=AXIS2_PLACEMENT_3D('',#448,#6198,#6199);
#6198=DIRECTION('',(0,0,-1));
#6199=DIRECTION('',(0.9999971912656203,0.0023701183241260147,0));
#6200=FACE_BOUND('',#6201,.T.);
#6201=EDGE_LOOP('',(#6202,#6203,#6204));
#6202=ORIENTED_EDGE('',*,*,#6205,.T.);
#6203=ORIENTED_EDGE('',*,*,#6206,.T.);
#6204=ORIENTED_EDGE('',*,*,#6207,.T.);
#6205=EDGE_CURVE('',#449,#457,#6208,.F.);
#6206=EDGE_CURVE('',#457,#89,#6209,.T.);
#6207=EDGE_CURVE('',#89,#449,#6210,.T.);
#6208=LINE('',#448,#6211);
#6209=LINE('',#456,#6212);
#6210=LINE('',#88,#6213);
#6211=VECTOR('',#6214,1.0);
#6212=VECTOR('',#6215,1.0);
#6213=VECTOR('',#6216,1.0);
#6214=DIRECTION('',(0.9999971912656203,0.0023701183241260147,0));
#6215=DIRECTION('',(0.5870642444909875,-0.809540346641368,0));
#6216=DIRECTION('',(-0.9071388440383419,0.42083145989431553,0));
#6217=FACE_SURFACE('',(#6222),#6218,.T.);
#6218=PLANE('',#6219);
#6219=AXIS2_PLACEMENT_3D('',#448,#6220,#6221);
#6220=DIRECTION('',(0,0,-1));
#6221=DIRECTION('',(0.9071388440383419,-0.42083145989431553,0));
#6222=FACE_BOUND('',#6223,.T.);
#6223=EDGE_LOOP('',(#6224,#6225,#6226));
#6224=ORIENTED_EDGE('',*,*,#6227,.T.);
#6225=ORIENTED_EDGE('',*,*,#6228,.T.);
#6226=ORIENTED_EDGE('',*,*,#6229,.T.);
#6227=EDGE_CURVE('',#449,#89,#6230,.F.);
#6228=EDGE_CURVE('',#89,#93,#6231,.T.);
#6229=EDGE_CURVE('',#93,#449,#6232,.T.);
#6230=LINE('',#448,#6233);
#6231=LINE('',#88,#6234);
#6232=LINE('',#92,#6235);
#6233=VECTOR('',#6236,1.0);
#6234=VECTOR('',#6237,1.0);
#6235=VECTOR('',#6238,1.0);
#6236=DIRECTION('',(0.9071388440383419,-0.42083145989431553,0));
#6237=DIRECTION('',(-0.1305409945661142,-0.9914429124955655,0));
#6238=DIRECTION('',(-0.9016143352885074,0.43254085402683384,0));
#6239=FACE_SURFACE('',(#6244),#6240,.T.);
#6240=PLANE('',#6241);
#6241=AXIS2_PLACEMENT_3D('',#460,#6242,#6243);
#6242=DIRECTION('',(0,0,-1));
#6243=DIRECTION('',(0.35811288556264137,-0.933678296413705,0));
#6244=FACE_BOUND('',#6245,.T.);
#6245=EDGE_LOOP('',(#6246,#6247,#6248));
#6246=ORIENTED_EDGE('',*,*,#6249,.T.);
#6247=ORIENTED_EDGE('',*,*,#6250,.T.);
#6248=ORIENTED_EDGE('',*,*,#6251,.T.);
#6249=EDGE_CURVE('',#461,#61,#6252,.F.);
#6250=EDGE_CURVE('',#61,#457,#6253,.T.);
#6251=EDGE_CURVE('',#457,#461,#6254,.T.);
#6252=LINE('',#460,#6255);
#6253=LINE('',#60,#6256);
#6254=LINE('',#456,#6257);
#6255=VECTOR('',#6258,1.0);
#6256=VECTOR('',#6259,1.0);
#6257=VECTOR('',#6260,1.0);
#6258=DIRECTION('',(0.35811288556264137,-0.933678296413705,0));
#6259=DIRECTION('',(-0.6998871770717655,0.7142534139719005,0));
#6260=DIRECTION('',(0,1,0));
#6261=FACE_SURFACE('',(#6266),#6262,.T.);
#6262=PLANE('',#6263);
#6263=AXIS2_PLACEMENT_3D('',#456,#6264,#6265);
#6264=DIRECTION('',(0,0,-1));
#6265=DIRECTION('',(0.6998871770717655,-0.7142534139719005,0));
#6266=FACE_BOUND('',#6267,.T.);
#6267=EDGE_LOOP('',(#6268,#6269,#6270));
#6268=ORIENTED_EDGE('',*,*,#6271,.T.);
#6269=ORIENTED_EDGE('',*,*,#6272,.T.);
#6270=ORIENTED_EDGE('',*,*,#6273,.T.);
#6271=EDGE_CURVE('',#457,#61,#6274,.F.);
#6272=EDGE_CURVE('',#61,#65,#6275,.T.);
#6273=EDGE_CURVE('',#65,#457,#6276,.T.);
#6274=LINE('',#456,#6277);
#6275=LINE('',#60,#6278);
#6276=LINE('',#64,#6279);
#6277=VECTOR('',#6280,1.0);
#6278=VECTOR('',#6281,1.0);
#6279=VECTOR('',#6282,1.0);
#6280=DIRECTION('',(0.6998871770717655,-0.7142534139719005,0));
#6281=DIRECTION('',(-0.9238803429332881,0.38268147582744294,0));
#6282=DIRECTION('',(-0.6927125710554463,0.7212137643596059,0));
#6283=FACE_SURFACE('',(#6288),#6284,.T.);
#6284=PLANE('',#6285);
#6285=AXIS2_PLACEMENT_3D('',#456,#6286,#6287);
#6286=DIRECTION('',(0,0,-1));
#6287=DIRECTION('',(0.6927125710554463,-0.7212137643596059,0));
#6288=FACE_BOUND('',#6289,.T.);
#6289=EDGE_LOOP('',(#6290,#6291,#6292));
#6290=ORIENTED_EDGE('',*,*,#6293,.T.);
#6291=ORIENTED_EDGE('',*,*,#6294,.T.);
#6292=ORIENTED_EDGE('',*,*,#6295,.T.);
#6293=EDGE_CURVE('',#457,#65,#6296,.F.);
#6294=EDGE_CURVE('',#65,#69,#6297,.T.);
#6295=EDGE_CURVE('',#69,#457,#6298,.T.);
#6296=LINE('',#456,#6299);
#6297=LINE('',#64,#6300);
#6298=LINE('',#68,#6301);
#6299=VECTOR('',#6302,1.0);
#6300=VECTOR('',#6303,1.0);
#6301=VECTOR('',#6304,1.0);
#6302=DIRECTION('',(0.6927125710554463,-0.7212137643596059,0));
#6303=DIRECTION('',(-0.9914451598136526,0.13052392532436685,0));
#6304=DIRECTION('',(-0.6809030674026653,0.7323735473115077,0));
#6305=FACE_SURFACE('',(#6310),#6306,.T.);
#6306=PLANE('',#6307);
#6307=AXIS2_PLACEMENT_3D('',#426,#6308,#6309);
#6308=DIRECTION('',(0,0,-1));
#6309=DIRECTION('',(-0.6058320872578336,0.7955925351892241,0));
#6310=FACE_BOUND('',#6311,.T.);
#6311=EDGE_LOOP('',(#6312,#6313,#6314));
#6312=ORIENTED_EDGE('',*,*,#6315,.T.);
#6313=ORIENTED_EDGE('',*,*,#6316,.T.);
#6314=ORIENTED_EDGE('',*,*,#6317,.T.);
#6315=EDGE_CURVE('',#427,#237,#6318,.F.);
#6316=EDGE_CURVE('',#237,#437,#6319,.T.);
#6317=EDGE_CURVE('',#437,#427,#6320,.T.);
#6318=LINE('',#426,#6321);
#6319=LINE('',#236,#6322);
#6320=LINE('',#436,#6323);
#6321=VECTOR('',#6324,1.0);
#6322=VECTOR('',#6325,1.0);
#6323=VECTOR('',#6326,1.0);
#6324=DIRECTION('',(-0.6058320872578336,0.7955925351892241,0));
#6325=DIRECTION('',(0.9541475484251883,-0.299336693096925,0));
#6326=DIRECTION('',(-1,0,0));
#6327=FACE_SURFACE('',(#6332),#6328,.T.);
#6328=PLANE('',#6329);
#6329=AXIS2_PLACEMENT_3D('',#436,#6330,#6331);
#6330=DIRECTION('',(0,0,-1));
#6331=DIRECTION('',(-0.9541475484251883,0.299336693096925,0));
#6332=FACE_BOUND('',#6333,.T.);
#6333=EDGE_LOOP('',(#6334,#6335,#6336));
#6334=ORIENTED_EDGE('',*,*,#6337,.T.);
#6335=ORIENTED_EDGE('',*,*,#6338,.T.);
#6336=ORIENTED_EDGE('',*,*,#6339,.T.);
#6337=EDGE_CURVE('',#437,#237,#6340,.F.);
#6338=EDGE_CURVE('',#237,#241,#6341,.T.);
#6339=EDGE_CURVE('',#241,#437,#6342,.T.);
#6340=LINE('',#436,#6343);
#6341=LINE('',#236,#6344);
#6342=LINE('',#240,#6345);
#6343=VECTOR('',#6346,1.0);
#6344=VECTOR('',#6347,1.0);
#6345=VECTOR('',#6348,1.0);
#6346=DIRECTION('',(-0.9541475484251883,0.299336693096925,0));
#6347=DIRECTION('',(-0.1305305700472816,0.9914442850120887,0));
#6348=DIRECTION('',(0.9519266448443158,-0.30632607273205414,0));
#6349=FACE_SURFACE('',(#6354),#6350,.T.);
#6350=PLANE('',#6351);
#6351=AXIS2_PLACEMENT_3D('',#436,#6352,#6353);
#6352=DIRECTION('',(0,0,-1));
#6353=DIRECTION('',(-0.9519266448443158,0.30632607273205414,0));
#6354=FACE_BOUND('',#6355,.T.);
#6355=EDGE_LOOP('',(#6356,#6357,#6358));
#6356=ORIENTED_EDGE('',*,*,#6359,.T.);
#6357=ORIENTED_EDGE('',*,*,#6360,.T.);
#6358=ORIENTED_EDGE('',*,*,#6361,.T.);
#6359=EDGE_CURVE('',#437,#241,#6362,.F.);
#6360=EDGE_CURVE('',#241,#245,#6363,.T.);
#6361=EDGE_CURVE('',#245,#437,#6364,.T.);
#6362=LINE('',#436,#6365);
#6363=LINE('',#240,#6366);
#6364=LINE('',#244,#6367);
#6365=VECTOR('',#6368,1.0);
#6366=VECTOR('',#6369,1.0);
#6367=VECTOR('',#6370,1.0);
#6368=DIRECTION('',(-0.9519266448443158,0.30632607273205414,0));
#6369=DIRECTION('',(-0.3826776961850583,0.9238819084939894,0));
#6370=DIRECTION('',(0.9500304901797513,-0.31215712025968817,0));
#6371=FACE_SURFACE('',(#6376),#6372,.T.);
#6372=PLANE('',#6373);
#6373=AXIS2_PLACEMENT_3D('',#424,#6374,#6375);
#6374=DIRECTION('',(-0,0,-1));
#6375=DIRECTION('',(-0.9416594369018718,-0.33656723680960055,0));
#6376=FACE_BOUND('',#6377,.T.);
#6377=EDGE_LOOP('',(#6378,#6379,#6380));
#6378=ORIENTED_EDGE('',*,*,#6381,.T.);
#6379=ORIENTED_EDGE('',*,*,#6382,.T.);
#6380=ORIENTED_EDGE('',*,*,#6383,.T.);
#6381=EDGE_CURVE('',#425,#465,#6384,.F.);
#6382=EDGE_CURVE('',#465,#427,#6385,.T.);
#6383=EDGE_CURVE('',#427,#425,#6386,.T.);
#6384=LINE('',#424,#6387);
#6385=LINE('',#464,#6388);
#6386=LINE('',#426,#6389);
#6387=VECTOR('',#6390,1.0);
#6388=VECTOR('',#6391,1.0);
#6389=VECTOR('',#6392,1.0);
#6390=DIRECTION('',(-0.9416594369018718,-0.33656723680960055,0));
#6391=DIRECTION('',(0.3699016699049581,0.9290709093505852,0));
#6392=DIRECTION('',(0,-1,0));
#6393=FACE_SURFACE('',(#6398),#6394,.T.);
#6394=PLANE('',#6395);
#6395=AXIS2_PLACEMENT_3D('',#426,#6396,#6397);
#6396=DIRECTION('',(-0,0,-1));
#6397=DIRECTION('',(-0.3699016699049581,-0.9290709093505852,0));
#6398=FACE_BOUND('',#6399,.T.);
#6399=EDGE_LOOP('',(#6400,#6401,#6402));
#6400=ORIENTED_EDGE('',*,*,#6403,.T.);
#6401=ORIENTED_EDGE('',*,*,#6404,.T.);
#6402=ORIENTED_EDGE('',*,*,#6405,.T.);
#6403=EDGE_CURVE('',#427,#465,#6406,.F.);
#6404=EDGE_CURVE('',#465,#305,#6407,.T.);
#6405=EDGE_CURVE('',#305,#427,#6408,.T.);
#6406=LINE('',#426,#6409);
#6407=LINE('',#464,#6410);
#6408=LINE('',#304,#6411);
#6409=VECTOR('',#6412,1.0);
#6410=VECTOR('',#6413,1.0);
#6411=VECTOR('',#6414,1.0);
#6412=DIRECTION('',(-0.3699016699049581,-0.9290709093505852,0));
#6413=DIRECTION('',(-0.2773636729554097,0.9607650040070592,0));
#6414=DIRECTION('',(0.7041411122946967,-0.7100600636399624,0));
#6415=FACE_SURFACE('',(#6420),#6416,.T.);
#6416=PLANE('',#6417);
#6417=AXIS2_PLACEMENT_3D('',#426,#6418,#6419);
#6418=DIRECTION('',(0,0,-1));
#6419=DIRECTION('',(-0.7041411122946967,0.7100600636399624,0));
#6420=FACE_BOUND('',#6421,.T.);
#6421=EDGE_LOOP('',(#6422,#6423,#6424));
#6422=ORIENTED_EDGE('',*,*,#6425,.T.);
#6423=ORIENTED_EDGE('',*,*,#6426,.T.);
#6424=ORIENTED_EDGE('',*,*,#6427,.T.);
#6425=EDGE_CURVE('',#427,#305,#6428,.F.);
#6426=EDGE_CURVE('',#305,#309,#6429,.T.);
#6427=EDGE_CURVE('',#309,#427,#6430,.T.);
#6428=LINE('',#426,#6431);
#6429=LINE('',#304,#6432);
#6430=LINE('',#308,#6433);
#6431=VECTOR('',#6434,1.0);
#6432=VECTOR('',#6435,1.0);
#6433=VECTOR('',#6436,1.0);
#6434=DIRECTION('',(-0.7041411122946967,0.7100600636399624,0));
#6435=DIRECTION('',(0.9914429879544556,-0.13054042146377973,0));
#6436=DIRECTION('',(0.6946217133858683,-0.7193751978577525,0));
#6437=FACE_SURFACE('',(#6442),#6438,.T.);
#6438=PLANE('',#6439);
#6439=AXIS2_PLACEMENT_3D('',#424,#6440,#6441);
#6440=DIRECTION('',(0,-0,-1));
#6441=DIRECTION('',(1,0,0));
#6442=FACE_BOUND('',#6443,.T.);
#6443=EDGE_LOOP('',(#6444,#6445,#6446));
#6444=ORIENTED_EDGE('',*,*,#6447,.T.);
#6445=ORIENTED_EDGE('',*,*,#6448,.T.);
#6446=ORIENTED_EDGE('',*,*,#6449,.T.);
#6447=EDGE_CURVE('',#425,#433,#6450,.F.);
#6448=EDGE_CURVE('',#433,#465,#6451,.T.);
#6449=EDGE_CURVE('',#465,#425,#6452,.T.);
#6450=LINE('',#424,#6453);
#6451=LINE('',#432,#6454);
#6452=LINE('',#464,#6455);
#6453=VECTOR('',#6456,1.0);
#6454=VECTOR('',#6457,1.0);
#6455=VECTOR('',#6458,1.0);
#6456=DIRECTION('',(1,0,0));
#6457=DIRECTION('',(-0.9989009582034577,-0.04687084061774657,0));
#6458=DIRECTION('',(0.9416594369018718,0.33656723680960055,0));
#6459=FACE_SURFACE('',(#6464),#6460,.T.);
#6460=PLANE('',#6461);
#6461=AXIS2_PLACEMENT_3D('',#328,#6462,#6463);
#6462=DIRECTION('',(0,0,-1));
#6463=DIRECTION('',(0.13053171616319972,0.9914441341172431,0));
#6464=FACE_BOUND('',#6465,.T.);
#6465=EDGE_LOOP('',(#6466,#6467,#6468));
#6466=ORIENTED_EDGE('',*,*,#6469,.T.);
#6467=ORIENTED_EDGE('',*,*,#6470,.T.);
#6468=ORIENTED_EDGE('',*,*,#6471,.T.);
#6469=EDGE_CURVE('',#329,#333,#6472,.F.);
#6470=EDGE_CURVE('',#333,#477,#6473,.T.);
#6471=EDGE_CURVE('',#477,#329,#6474,.T.);
#6472=LINE('',#328,#6475);
#6473=LINE('',#332,#6476);
#6474=LINE('',#476,#6477);
#6475=VECTOR('',#6478,1.0);
#6476=VECTOR('',#6479,1.0);
#6477=VECTOR('',#6480,1.0);
#6478=DIRECTION('',(0.13053171616319972,0.9914441341172431,0));
#6479=DIRECTION('',(0.8795972534971414,0.47571911002217,0));
#6480=DIRECTION('',(-0.8738537036363964,-0.4861889598098183,0));
#6481=FACE_SURFACE('',(#6486),#6482,.T.);
#6482=PLANE('',#6483);
#6483=AXIS2_PLACEMENT_3D('',#476,#6484,#6485);
#6484=DIRECTION('',(0,0,-1));
#6485=DIRECTION('',(-0.8795972534971414,-0.47571911002217,0));
#6486=FACE_BOUND('',#6487,.T.);
#6487=EDGE_LOOP('',(#6488,#6489,#6490));
#6488=ORIENTED_EDGE('',*,*,#6491,.T.);
#6489=ORIENTED_EDGE('',*,*,#6492,.T.);
#6490=ORIENTED_EDGE('',*,*,#6493,.T.);
#6491=EDGE_CURVE('',#477,#333,#6494,.F.);
#6492=EDGE_CURVE('',#333,#337,#6495,.T.);
#6493=EDGE_CURVE('',#337,#477,#6496,.T.);
#6494=LINE('',#476,#6497);
#6495=LINE('',#332,#6498);
#6496=LINE('',#336,#6499);
#6497=VECTOR('',#6500,1.0);
#6498=VECTOR('',#6501,1.0);
#6499=VECTOR('',#6502,1.0);
#6500=DIRECTION('',(-0.8795972534971414,-0.47571911002217,0));
#6501=DIRECTION('',(-0.13053228922864096,0.9914440586683297,0));
#6502=DIRECTION('',(0.8861555391502227,0.46338791571789845,0));
#6503=FACE_SURFACE('',(#6508),#6504,.T.);
#6504=PLANE('',#6505);
#6505=AXIS2_PLACEMENT_3D('',#476,#6506,#6507);
#6506=DIRECTION('',(0,0,-1));
#6507=DIRECTION('',(-0.8861555391502227,-0.46338791571789845,0));
#6508=FACE_BOUND('',#6509,.T.);
#6509=EDGE_LOOP('',(#6510,#6511,#6512));
#6510=ORIENTED_EDGE('',*,*,#6513,.T.);
#6511=ORIENTED_EDGE('',*,*,#6514,.T.);
#6512=ORIENTED_EDGE('',*,*,#6515,.T.);
#6513=EDGE_CURVE('',#477,#337,#6516,.F.);
#6514=EDGE_CURVE('',#337,#341,#6517,.T.);
#6515=EDGE_CURVE('',#341,#477,#6518,.T.);
#6516=LINE('',#476,#6519);
#6517=LINE('',#336,#6520);
#6518=LINE('',#340,#6521);
#6519=VECTOR('',#6522,1.0);
#6520=VECTOR('',#6523,1.0);
#6521=VECTOR('',#6524,1.0);
#6522=DIRECTION('',(-0.8861555391502227,-0.46338791571789845,0));
#6523=DIRECTION('',(-0.3826776961850583,0.9238819084939894,0));
#6524=DIRECTION('',(0.892965921865671,0.450124274380523,0));
#6525=FACE_SURFACE('',(#6530),#6526,.T.);
#6526=PLANE('',#6527);
#6527=AXIS2_PLACEMENT_3D('',#344,#6528,#6529);
#6528=DIRECTION('',(0,0,-1));
#6529=DIRECTION('',(-0.7933508548264155,0.6087646681158456,0));
#6530=FACE_BOUND('',#6531,.T.);
#6531=EDGE_LOOP('',(#6532,#6533,#6534));
#6532=ORIENTED_EDGE('',*,*,#6535,.T.);
#6533=ORIENTED_EDGE('',*,*,#6536,.T.);
#6534=ORIENTED_EDGE('',*,*,#6537,.T.);
#6535=EDGE_CURVE('',#345,#349,#6538,.F.);
#6536=EDGE_CURVE('',#349,#469,#6539,.T.);
#6537=EDGE_CURVE('',#469,#345,#6540,.T.);
#6538=LINE('',#344,#6541);
#6539=LINE('',#348,#6542);
#6540=LINE('',#468,#6543);
#6541=VECTOR('',#6544,1.0);
#6542=VECTOR('',#6545,1.0);
#6543=VECTOR('',#6546,1.0);
#6544=DIRECTION('',(-0.7933508548264155,0.6087646681158456,0));
#6545=DIRECTION('',(0.4984022397581533,0.866945908003525,0));
#6546=DIRECTION('',(-0.4723100516900134,-0.8814324790207001,0));
#6547=FACE_SURFACE('',(#6552),#6548,.T.);
#6548=PLANE('',#6549);
#6549=AXIS2_PLACEMENT_3D('',#468,#6550,#6551);
#6550=DIRECTION('',(0,0,-1));
#6551=DIRECTION('',(-0.4984022397581533,-0.866945908003525,0));
#6552=FACE_BOUND('',#6553,.T.);
#6553=EDGE_LOOP('',(#6554,#6555,#6556));
#6554=ORIENTED_EDGE('',*,*,#6557,.T.);
#6555=ORIENTED_EDGE('',*,*,#6558,.T.);
#6556=ORIENTED_EDGE('',*,*,#6559,.T.);
#6557=EDGE_CURVE('',#469,#349,#6560,.F.);
#6558=EDGE_CURVE('',#349,#353,#6561,.T.);
#6559=EDGE_CURVE('',#353,#469,#6562,.T.);
#6560=LINE('',#468,#6563);
#6561=LINE('',#348,#6564);
#6562=LINE('',#352,#6565);
#6563=VECTOR('',#6566,1.0);
#6564=VECTOR('',#6567,1.0);
#6565=VECTOR('',#6568,1.0);
#6566=DIRECTION('',(-0.4984022397581533,-0.866945908003525,0));
#6567=DIRECTION('',(-0.9238803429332881,0.38268147582744294,0));
#6568=DIRECTION('',(0.5240657361766441,0.8516778171149182,0));
#6569=FACE_SURFACE('',(#6574),#6570,.T.);
#6570=PLANE('',#6571);
#6571=AXIS2_PLACEMENT_3D('',#468,#6572,#6573);
#6572=DIRECTION('',(0,0,-1));
#6573=DIRECTION('',(-0.5240657361766441,-0.8516778171149182,0));
#6574=FACE_BOUND('',#6575,.T.);
#6575=EDGE_LOOP('',(#6576,#6577,#6578));
#6576=ORIENTED_EDGE('',*,*,#6579,.T.);
#6577=ORIENTED_EDGE('',*,*,#6580,.T.);
#6578=ORIENTED_EDGE('',*,*,#6581,.T.);
#6579=EDGE_CURVE('',#469,#353,#6582,.F.);
#6580=EDGE_CURVE('',#353,#357,#6583,.T.);
#6581=EDGE_CURVE('',#357,#469,#6584,.T.);
#6582=LINE('',#468,#6585);
#6583=LINE('',#352,#6586);
#6584=LINE('',#356,#6587);
#6585=VECTOR('',#6588,1.0);
#6586=VECTOR('',#6589,1.0);
#6587=VECTOR('',#6590,1.0);
#6588=DIRECTION('',(-0.5240657361766441,-0.8516778171149182,0));
#6589=DIRECTION('',(-0.9914447071709669,0.13052736350158817,0));
#6590=DIRECTION('',(0.546986761793265,0.8371412559555992,0));
#6591=FACE_SURFACE('',(#6596),#6592,.T.);
#6592=PLANE('',#6593);
#6593=AXIS2_PLACEMENT_3D('',#356,#6594,#6595);
#6594=DIRECTION('',(-0,0,-1));
#6595=DIRECTION('',(-0.9914447071709669,-0.13052736350158817,0));
#6596=FACE_BOUND('',#6597,.T.);
#6597=EDGE_LOOP('',(#6598,#6599,#6600));
#6598=ORIENTED_EDGE('',*,*,#6601,.T.);
#6599=ORIENTED_EDGE('',*,*,#6602,.T.);
#6600=ORIENTED_EDGE('',*,*,#6603,.T.);
#6601=EDGE_CURVE('',#357,#361,#6604,.F.);
#6602=EDGE_CURVE('',#361,#469,#6605,.T.);
#6603=EDGE_CURVE('',#469,#357,#6606,.T.);
#6604=LINE('',#356,#6607);
#6605=LINE('',#360,#6608);
#6606=LINE('',#468,#6609);
#6607=VECTOR('',#6610,1.0);
#6608=VECTOR('',#6611,1.0);
#6609=VECTOR('',#6612,1.0);
#6610=DIRECTION('',(-0.9914447071709669,-0.13052736350158817,0));
#6611=DIRECTION('',(0.5653707182320953,0.8248369238617562,0));
#6612=DIRECTION('',(-0.546986761793265,-0.8371412559555992,0));
#6613=FACE_SURFACE('',(#6618),#6614,.T.);
#6614=PLANE('',#6615);
#6615=AXIS2_PLACEMENT_3D('',#468,#6616,#6617);
#6616=DIRECTION('',(0,0,-1));
#6617=DIRECTION('',(-0.5653707182320953,-0.8248369238617562,0));
#6618=FACE_BOUND('',#6619,.T.);
#6619=EDGE_LOOP('',(#6620,#6621,#6622));
#6620=ORIENTED_EDGE('',*,*,#6623,.T.);
#6621=ORIENTED_EDGE('',*,*,#6624,.T.);
#6622=ORIENTED_EDGE('',*,*,#6625,.T.);
#6623=EDGE_CURVE('',#469,#361,#6626,.F.);
#6624=EDGE_CURVE('',#361,#365,#6627,.T.);
#6625=EDGE_CURVE('',#365,#469,#6628,.T.);
#6626=LINE('',#468,#6629);
#6627=LINE('',#360,#6630);
#6628=LINE('',#364,#6631);
#6629=VECTOR('',#6632,1.0);
#6630=VECTOR('',#6633,1.0);
#6631=VECTOR('',#6634,1.0);
#6632=DIRECTION('',(-0.5653707182320953,-0.8248369238617562,0));
#6633=DIRECTION('',(-0.9238803429332881,-0.38268147582744294,0));
#6634=DIRECTION('',(0.5781130776970808,0.8159566590178728,0));
#6635=FACE_SURFACE('',(#6640),#6636,.T.);
#6636=PLANE('',#6637);
#6637=AXIS2_PLACEMENT_3D('',#468,#6638,#6639);
#6638=DIRECTION('',(0,0,-1));
#6639=DIRECTION('',(-0.5781130776970808,-0.8159566590178728,0));
#6640=FACE_BOUND('',#6641,.T.);
#6641=EDGE_LOOP('',(#6642,#6643,#6644));
#6642=ORIENTED_EDGE('',*,*,#6645,.T.);
#6643=ORIENTED_EDGE('',*,*,#6646,.T.);
#6644=ORIENTED_EDGE('',*,*,#6647,.T.);
#6645=EDGE_CURVE('',#469,#365,#6648,.F.);
#6646=EDGE_CURVE('',#365,#369,#6649,.T.);
#6647=EDGE_CURVE('',#369,#469,#6650,.T.);
#6648=LINE('',#468,#6651);
#6649=LINE('',#364,#6652);
#6650=LINE('',#368,#6653);
#6651=VECTOR('',#6654,1.0);
#6652=VECTOR('',#6655,1.0);
#6653=VECTOR('',#6656,1.0);
#6654=DIRECTION('',(-0.5781130776970808,-0.8159566590178728,0));
#6655=DIRECTION('',(-0.7933508548264155,-0.6087646681158456,0));
#6656=DIRECTION('',(0.584772059801944,0.8111976566010233,0));
#6657=FACE_SURFACE('',(#6662),#6658,.T.);
#6658=PLANE('',#6659);
#6659=AXIS2_PLACEMENT_3D('',#376,#6660,#6661);
#6660=DIRECTION('',(0,0,-1));
#6661=DIRECTION('',(-0.13053228922864096,-0.9914440586683297,0));
#6662=FACE_BOUND('',#6663,.T.);
#6663=EDGE_LOOP('',(#6664,#6665,#6666));
#6664=ORIENTED_EDGE('',*,*,#6667,.T.);
#6665=ORIENTED_EDGE('',*,*,#6668,.T.);
#6666=ORIENTED_EDGE('',*,*,#6669,.T.);
#6667=EDGE_CURVE('',#377,#381,#6670,.F.);
#6668=EDGE_CURVE('',#381,#481,#6671,.T.);
#6669=EDGE_CURVE('',#481,#377,#6672,.T.);
#6670=LINE('',#376,#6673);
#6671=LINE('',#380,#6674);
#6672=LINE('',#480,#6675);
#6673=VECTOR('',#6676,1.0);
#6674=VECTOR('',#6677,1.0);
#6675=VECTOR('',#6678,1.0);
#6676=DIRECTION('',(-0.13053228922864096,-0.9914440586683297,0));
#6677=DIRECTION('',(-0.5566157102588856,-0.8307700952086543,0));
#6678=DIRECTION('',(0.531604804332045,0.8469925218153276,0));
#6679=FACE_SURFACE('',(#6684),#6680,.T.);
#6680=PLANE('',#6681);
#6681=AXIS2_PLACEMENT_3D('',#480,#6682,#6683);
#6682=DIRECTION('',(0,0,-1));
#6683=DIRECTION('',(0.5566157102588856,0.8307700952086543,0));
#6684=FACE_BOUND('',#6685,.T.);
#6685=EDGE_LOOP('',(#6686,#6687,#6688));
#6686=ORIENTED_EDGE('',*,*,#6689,.T.);
#6687=ORIENTED_EDGE('',*,*,#6690,.T.);
#6688=ORIENTED_EDGE('',*,*,#6691,.T.);
#6689=EDGE_CURVE('',#481,#381,#6692,.F.);
#6690=EDGE_CURVE('',#381,#385,#6693,.T.);
#6691=EDGE_CURVE('',#385,#481,#6694,.T.);
#6692=LINE('',#480,#6695);
#6693=LINE('',#380,#6696);
#6694=LINE('',#384,#6697);
#6695=VECTOR('',#6698,1.0);
#6696=VECTOR('',#6699,1.0);
#6697=VECTOR('',#6700,1.0);
#6698=DIRECTION('',(0.5566157102588856,0.8307700952086543,0));
#6699=DIRECTION('',(0.13053171616319972,-0.9914441341172431,0));
#6700=DIRECTION('',(-0.5973604702865287,-0.8019728602259912,0));
#6701=FACE_SURFACE('',(#6706),#6702,.T.);
#6702=PLANE('',#6703);
#6703=AXIS2_PLACEMENT_3D('',#480,#6704,#6705);
#6704=DIRECTION('',(0,0,-1));
#6705=DIRECTION('',(0.5973604702865287,0.8019728602259912,0));
#6706=FACE_BOUND('',#6707,.T.);
#6707=EDGE_LOOP('',(#6708,#6709,#6710));
#6708=ORIENTED_EDGE('',*,*,#6711,.T.);
#6709=ORIENTED_EDGE('',*,*,#6712,.T.);
#6710=ORIENTED_EDGE('',*,*,#6713,.T.);
#6711=EDGE_CURVE('',#481,#385,#6714,.F.);
#6712=EDGE_CURVE('',#385,#389,#6715,.T.);
#6713=EDGE_CURVE('',#389,#481,#6716,.T.);
#6714=LINE('',#480,#6717);
#6715=LINE('',#384,#6718);
#6716=LINE('',#388,#6719);
#6717=VECTOR('',#6720,1.0);
#6718=VECTOR('',#6721,1.0);
#6719=VECTOR('',#6722,1.0);
#6720=DIRECTION('',(0.5973604702865287,0.8019728602259912,0));
#6721=DIRECTION('',(0.3826776961850583,-0.9238819084939894,0));
#6722=DIRECTION('',(-0.6500025431967712,-0.75993203238035,0));
#6723=FACE_SURFACE('',(#6728),#6724,.T.);
#6724=PLANE('',#6725);
#6725=AXIS2_PLACEMENT_3D('',#388,#6726,#6727);
#6726=DIRECTION('',(0,-0,-1));
#6727=DIRECTION('',(0.6087653165726498,-0.7933503572433819,0));
#6728=FACE_BOUND('',#6729,.T.);
#6729=EDGE_LOOP('',(#6730,#6731,#6732));
#6730=ORIENTED_EDGE('',*,*,#6733,.T.);
#6731=ORIENTED_EDGE('',*,*,#6734,.T.);
#6732=ORIENTED_EDGE('',*,*,#6735,.T.);
#6733=EDGE_CURVE('',#389,#393,#6736,.F.);
#6734=EDGE_CURVE('',#393,#481,#6737,.T.);
#6735=EDGE_CURVE('',#481,#389,#6738,.T.);
#6736=LINE('',#388,#6739);
#6737=LINE('',#392,#6740);
#6738=LINE('',#480,#6741);
#6739=VECTOR('',#6742,1.0);
#6740=VECTOR('',#6743,1.0);
#6741=VECTOR('',#6744,1.0);
#6742=DIRECTION('',(0.6087653165726498,-0.7933503572433819,0));
#6743=DIRECTION('',(-0.7071069571065345,-0.7071066052665168,0));
#6744=DIRECTION('',(0.6500025431967712,0.75993203238035,0));
#6745=FACE_SURFACE('',(#6750),#6746,.T.);
#6746=PLANE('',#6747);
#6747=AXIS2_PLACEMENT_3D('',#480,#6748,#6749);
#6748=DIRECTION('',(0,0,-1));
#6749=DIRECTION('',(0.7071069571065345,0.7071066052665168,0));
#6750=FACE_BOUND('',#6751,.T.);
#6751=EDGE_LOOP('',(#6752,#6753,#6754));
#6752=ORIENTED_EDGE('',*,*,#6755,.T.);
#6753=ORIENTED_EDGE('',*,*,#6756,.T.);
#6754=ORIENTED_EDGE('',*,*,#6757,.T.);
#6755=EDGE_CURVE('',#481,#393,#6758,.F.);
#6756=EDGE_CURVE('',#393,#397,#6759,.T.);
#6757=EDGE_CURVE('',#397,#481,#6760,.T.);
#6758=LINE('',#480,#6761);
#6759=LINE('',#392,#6762);
#6760=LINE('',#396,#6763);
#6761=VECTOR('',#6764,1.0);
#6762=VECTOR('',#6765,1.0);
#6763=VECTOR('',#6766,1.0);
#6764=DIRECTION('',(0.7071069571065345,0.7071066052665168,0));
#6765=DIRECTION('',(0.7933508548264155,-0.6087646681158456,0));
#6766=DIRECTION('',(-0.75993203238035,-0.6500025431967712,0));
#6767=FACE_SURFACE('',(#6772),#6768,.T.);
#6768=PLANE('',#6769);
#6769=AXIS2_PLACEMENT_3D('',#480,#6770,#6771);
#6770=DIRECTION('',(0,0,-1));
#6771=DIRECTION('',(0.75993203238035,0.6500025431967712,0));
#6772=FACE_BOUND('',#6773,.T.);
#6773=EDGE_LOOP('',(#6774,#6775,#6776));
#6774=ORIENTED_EDGE('',*,*,#6777,.T.);
#6775=ORIENTED_EDGE('',*,*,#6778,.T.);
#6776=ORIENTED_EDGE('',*,*,#6779,.T.);
#6777=EDGE_CURVE('',#481,#397,#6780,.F.);
#6778=EDGE_CURVE('',#397,#401,#6781,.T.);
#6779=EDGE_CURVE('',#401,#481,#6782,.T.);
#6780=LINE('',#480,#6783);
#6781=LINE('',#396,#6784);
#6782=LINE('',#400,#6785);
#6783=VECTOR('',#6786,1.0);
#6784=VECTOR('',#6787,1.0);
#6785=VECTOR('',#6788,1.0);
#6786=DIRECTION('',(0.75993203238035,0.6500025431967712,0));
#6787=DIRECTION('',(0.9238803429332881,-0.38268147582744294,0));
#6788=DIRECTION('',(-0.8019730204728805,-0.5973602551506124,0));
#6789=FACE_SURFACE('',(#6794),#6790,.T.);
#6790=PLANE('',#6791);
#6791=AXIS2_PLACEMENT_3D('',#400,#6792,#6793);
#6792=DIRECTION('',(0,-0,-1));
#6793=DIRECTION('',(0.9914447071709669,-0.13052736350158817,0));
#6794=FACE_BOUND('',#6795,.T.);
#6795=EDGE_LOOP('',(#6796,#6797,#6798));
#6796=ORIENTED_EDGE('',*,*,#6799,.T.);
#6797=ORIENTED_EDGE('',*,*,#6800,.T.);
#6798=ORIENTED_EDGE('',*,*,#6801,.T.);
#6799=EDGE_CURVE('',#401,#405,#6802,.F.);
#6800=EDGE_CURVE('',#405,#481,#6803,.T.);
#6801=EDGE_CURVE('',#481,#401,#6804,.T.);
#6802=LINE('',#400,#6805);
#6803=LINE('',#404,#6806);
#6804=LINE('',#480,#6807);
#6805=VECTOR('',#6808,1.0);
#6806=VECTOR('',#6809,1.0);
#6807=VECTOR('',#6810,1.0);
#6808=DIRECTION('',(0.9914447071709669,-0.13052736350158817,0));
#6809=DIRECTION('',(-0.8307700952086543,-0.5566157102588856,0));
#6810=DIRECTION('',(0.8019730204728805,0.5973602551506124,0));
#6811=FACE_SURFACE('',(#6816),#6812,.T.);
#6812=PLANE('',#6813);
#6813=AXIS2_PLACEMENT_3D('',#480,#6814,#6815);
#6814=DIRECTION('',(0,0,-1));
#6815=DIRECTION('',(0.8307700952086543,0.5566157102588856,0));
#6816=FACE_BOUND('',#6817,.T.);
#6817=EDGE_LOOP('',(#6818,#6819,#6820));
#6818=ORIENTED_EDGE('',*,*,#6821,.T.);
#6819=ORIENTED_EDGE('',*,*,#6822,.T.);
#6820=ORIENTED_EDGE('',*,*,#6823,.T.);
#6821=EDGE_CURVE('',#481,#405,#6824,.F.);
#6822=EDGE_CURVE('',#405,#409,#6825,.T.);
#6823=EDGE_CURVE('',#409,#481,#6826,.T.);
#6824=LINE('',#480,#6827);
#6825=LINE('',#404,#6828);
#6826=LINE('',#408,#6829);
#6827=VECTOR('',#6830,1.0);
#6828=VECTOR('',#6831,1.0);
#6829=VECTOR('',#6832,1.0);
#6830=DIRECTION('',(0.8307700952086543,0.5566157102588856,0));
#6831=DIRECTION('',(0.9914447071709669,0.13052736350158817,0));
#6832=DIRECTION('',(-0.8469927399737632,-0.5316044567455555,0));
#6833=FACE_SURFACE('',(#6838),#6834,.T.);
#6834=PLANE('',#6835);
#6835=AXIS2_PLACEMENT_3D('',#480,#6836,#6837);
#6836=DIRECTION('',(0,0,-1));
#6837=DIRECTION('',(0.8469927399737632,0.5316044567455555,0));
#6838=FACE_BOUND('',#6839,.T.);
#6839=EDGE_LOOP('',(#6840,#6841,#6842));
#6840=ORIENTED_EDGE('',*,*,#6843,.T.);
#6841=ORIENTED_EDGE('',*,*,#6844,.T.);
#6842=ORIENTED_EDGE('',*,*,#6845,.T.);
#6843=EDGE_CURVE('',#481,#409,#6846,.F.);
#6844=EDGE_CURVE('',#409,#413,#6847,.T.);
#6845=EDGE_CURVE('',#413,#481,#6848,.T.);
#6846=LINE('',#480,#6849);
#6847=LINE('',#408,#6850);
#6848=LINE('',#412,#6851);
#6849=VECTOR('',#6852,1.0);
#6850=VECTOR('',#6853,1.0);
#6851=VECTOR('',#6854,1.0);
#6852=DIRECTION('',(0.8469927399737632,0.5316044567455555,0));
#6853=DIRECTION('',(0.9238803429332881,0.38268147582744294,0));
#6854=DIRECTION('',(-0.8525429110648486,-0.5226572345171103,0));
#6855=FACE_SURFACE('',(#6860),#6856,.T.);
#6856=PLANE('',#6857);
#6857=AXIS2_PLACEMENT_3D('',#416,#6858,#6859);
#6858=DIRECTION('',(0,-0,-1));
#6859=DIRECTION('',(1,0,0));
#6860=FACE_BOUND('',#6861,.T.);
#6861=EDGE_LOOP('',(#6862,#6863,#6864));
#6862=ORIENTED_EDGE('',*,*,#6865,.T.);
#6863=ORIENTED_EDGE('',*,*,#6866,.T.);
#6864=ORIENTED_EDGE('',*,*,#6867,.T.);
#6865=EDGE_CURVE('',#417,#105,#6868,.F.);
#6866=EDGE_CURVE('',#105,#413,#6869,.T.);
#6867=EDGE_CURVE('',#413,#417,#6870,.T.);
#6868=LINE('',#416,#6871);
#6869=LINE('',#104,#6872);
#6870=LINE('',#412,#6873);
#6871=VECTOR('',#6874,1.0);
#6872=VECTOR('',#6875,1.0);
#6873=VECTOR('',#6876,1.0);
#6874=DIRECTION('',(1,0,0));
#6875=DIRECTION('',(-0.9999960598116209,-0.00280719811081241,0));
#6876=DIRECTION('',(0.7933508548264155,0.6087646681158456,0));
#6877=FACE_SURFACE('',(#6882),#6878,.T.);
#6878=PLANE('',#6879);
#6879=AXIS2_PLACEMENT_3D('',#412,#6880,#6881);
#6880=DIRECTION('',(0,0,-1));
#6881=DIRECTION('',(0.9999960598116209,0.00280719811081241,0));
#6882=FACE_BOUND('',#6883,.T.);
#6883=EDGE_LOOP('',(#6884,#6885,#6886));
#6884=ORIENTED_EDGE('',*,*,#6887,.T.);
#6885=ORIENTED_EDGE('',*,*,#6888,.T.);
#6886=ORIENTED_EDGE('',*,*,#6889,.T.);
#6887=EDGE_CURVE('',#413,#105,#6890,.F.);
#6888=EDGE_CURVE('',#105,#109,#6891,.T.);
#6889=EDGE_CURVE('',#109,#413,#6892,.T.);
#6890=LINE('',#412,#6893);
#6891=LINE('',#104,#6894);
#6892=LINE('',#108,#6895);
#6893=VECTOR('',#6896,1.0);
#6894=VECTOR('',#6897,1.0);
#6895=VECTOR('',#6898,1.0);
#6896=DIRECTION('',(0.9999960598116209,0.00280719811081241,0));
#6897=DIRECTION('',(0.7933475727186086,-0.6087689453819833,0));
#6898=DIRECTION('',(-1,0,0));
#6899=FACE_SURFACE('',(#6904),#6900,.T.);
#6900=PLANE('',#6901);
#6901=AXIS2_PLACEMENT_3D('',#412,#6902,#6903);
#6902=DIRECTION('',(0,-0,-1));
#6903=DIRECTION('',(1,0,0));
#6904=FACE_BOUND('',#6905,.T.);
#6905=EDGE_LOOP('',(#6906,#6907,#6908));
#6906=ORIENTED_EDGE('',*,*,#6909,.T.);
#6907=ORIENTED_EDGE('',*,*,#6910,.T.);
#6908=ORIENTED_EDGE('',*,*,#6911,.T.);
#6909=EDGE_CURVE('',#413,#109,#6912,.F.);
#6910=EDGE_CURVE('',#109,#481,#6913,.T.);
#6911=EDGE_CURVE('',#481,#413,#6914,.T.);
#6912=LINE('',#412,#6915);
#6913=LINE('',#108,#6916);
#6914=LINE('',#480,#6917);
#6915=VECTOR('',#6918,1.0);
#6916=VECTOR('',#6919,1.0);
#6917=VECTOR('',#6920,1.0);
#6918=DIRECTION('',(1,0,0));
#6919=DIRECTION('',(-0.9993575429030908,-0.03583994200186635,0));
#6920=DIRECTION('',(0.8525429110648486,0.5226572345171103,0));
#6921=FACE_SURFACE('',(#6926),#6922,.T.);
#6922=PLANE('',#6923);
#6923=AXIS2_PLACEMENT_3D('',#244,#6924,#6925);
#6924=DIRECTION('',(0,0,-1));
#6925=DIRECTION('',(-0.6087717324507355,0.7933454340758067,0));
#6926=FACE_BOUND('',#6927,.T.);
#6927=EDGE_LOOP('',(#6928,#6929,#6930));
#6928=ORIENTED_EDGE('',*,*,#6931,.T.);
#6929=ORIENTED_EDGE('',*,*,#6932,.T.);
#6930=ORIENTED_EDGE('',*,*,#6933,.T.);
#6931=EDGE_CURVE('',#245,#249,#6934,.F.);
#6932=EDGE_CURVE('',#249,#437,#6935,.T.);
#6933=EDGE_CURVE('',#437,#245,#6936,.T.);
#6934=LINE('',#244,#6937);
#6935=LINE('',#248,#6938);
#6936=LINE('',#436,#6939);
#6937=VECTOR('',#6940,1.0);
#6938=VECTOR('',#6941,1.0);
#6939=VECTOR('',#6942,1.0);
#6940=DIRECTION('',(-0.6087717324507355,0.7933454340758067,0));
#6941=DIRECTION('',(0.9486148275308655,-0.31643310349675235,0));
#6942=DIRECTION('',(-0.9500304901797513,0.31215712025968817,0));
#6943=FACE_SURFACE('',(#6948),#6944,.T.);
#6944=PLANE('',#6945);
#6945=AXIS2_PLACEMENT_3D('',#260,#6946,#6947);
#6946=DIRECTION('',(-0,0,-1));
#6947=DIRECTION('',(-0.991445280206244,-0.13052301083242926,0));
#6948=FACE_BOUND('',#6949,.T.);
#6949=EDGE_LOOP('',(#6950,#6951,#6952));
#6950=ORIENTED_EDGE('',*,*,#6953,.T.);
#6951=ORIENTED_EDGE('',*,*,#6954,.T.);
#6952=ORIENTED_EDGE('',*,*,#6955,.T.);
#6953=EDGE_CURVE('',#261,#265,#6956,.F.);
#6954=EDGE_CURVE('',#265,#485,#6957,.T.);
#6955=EDGE_CURVE('',#485,#261,#6958,.T.);
#6956=LINE('',#260,#6959);
#6957=LINE('',#264,#6960);
#6958=LINE('',#484,#6961);
#6959=VECTOR('',#6962,1.0);
#6960=VECTOR('',#6963,1.0);
#6961=VECTOR('',#6964,1.0);
#6962=DIRECTION('',(-0.991445280206244,-0.13052301083242926,0));
#6963=DIRECTION('',(-0.8019731807197763,0.5973600400145671,0));
#6964=DIRECTION('',(0.8307700952086543,-0.5566157102588856,0));
#6965=FACE_SURFACE('',(#6970),#6966,.T.);
#6966=PLANE('',#6967);
#6967=AXIS2_PLACEMENT_3D('',#484,#6968,#6969);
#6968=DIRECTION('',(0,0,-1));
#6969=DIRECTION('',(0.8019731807197763,-0.5973600400145671,0));
#6970=FACE_BOUND('',#6971,.T.);
#6971=EDGE_LOOP('',(#6972,#6973,#6974));
#6972=ORIENTED_EDGE('',*,*,#6975,.T.);
#6973=ORIENTED_EDGE('',*,*,#6976,.T.);
#6974=ORIENTED_EDGE('',*,*,#6977,.T.);
#6975=EDGE_CURVE('',#485,#265,#6978,.F.);
#6976=EDGE_CURVE('',#265,#269,#6979,.T.);
#6977=EDGE_CURVE('',#269,#485,#6980,.T.);
#6978=LINE('',#484,#6981);
#6979=LINE('',#264,#6982);
#6980=LINE('',#268,#6983);
#6981=VECTOR('',#6984,1.0);
#6982=VECTOR('',#6985,1.0);
#6983=VECTOR('',#6986,1.0);
#6984=DIRECTION('',(0.8019731807197763,-0.5973600400145671,0));
#6985=DIRECTION('',(-0.9238756461902449,-0.38269281463931043,0));
#6986=DIRECTION('',(-0.7599316894008417,0.6500029441813189,0));
#6987=FACE_SURFACE('',(#6992),#6988,.T.);
#6988=PLANE('',#6989);
#6989=AXIS2_PLACEMENT_3D('',#484,#6990,#6991);
#6990=DIRECTION('',(0,0,-1));
#6991=DIRECTION('',(0.7599316894008417,-0.6500029441813189,0));
#6992=FACE_BOUND('',#6993,.T.);
#6993=EDGE_LOOP('',(#6994,#6995,#6996));
#6994=ORIENTED_EDGE('',*,*,#6997,.T.);
#6995=ORIENTED_EDGE('',*,*,#6998,.T.);
#6996=ORIENTED_EDGE('',*,*,#6999,.T.);
#6997=EDGE_CURVE('',#485,#269,#7000,.F.);
#6998=EDGE_CURVE('',#269,#273,#7001,.T.);
#6999=EDGE_CURVE('',#273,#485,#7002,.T.);
#7000=LINE('',#484,#7003);
#7001=LINE('',#268,#7004);
#7002=LINE('',#272,#7005);
#7003=VECTOR('',#7006,1.0);
#7004=VECTOR('',#7007,1.0);
#7005=VECTOR('',#7008,1.0);
#7006=DIRECTION('',(0.7599316894008417,-0.6500029441813189,0));
#7007=DIRECTION('',(-0.7933529934497514,-0.608761881021076,0));
#7008=DIRECTION('',(-0.7071067811865476,0.7071067811865476,0));
#7009=FACE_SURFACE('',(#7014),#7010,.T.);
#7010=PLANE('',#7011);
#7011=AXIS2_PLACEMENT_3D('',#272,#7012,#7013);
#7012=DIRECTION('',(-0,0,-1));
#7013=DIRECTION('',(-0.6087717324507355,-0.7933454340758067,0));
#7014=FACE_BOUND('',#7015,.T.);
#7015=EDGE_LOOP('',(#7016,#7017,#7018));
#7016=ORIENTED_EDGE('',*,*,#7019,.T.);
#7017=ORIENTED_EDGE('',*,*,#7020,.T.);
#7018=ORIENTED_EDGE('',*,*,#7021,.T.);
#7019=EDGE_CURVE('',#273,#277,#7022,.F.);
#7020=EDGE_CURVE('',#277,#485,#7023,.T.);
#7021=EDGE_CURVE('',#485,#273,#7024,.T.);
#7022=LINE('',#272,#7025);
#7023=LINE('',#276,#7026);
#7024=LINE('',#484,#7027);
#7025=VECTOR('',#7028,1.0);
#7026=VECTOR('',#7029,1.0);
#7027=VECTOR('',#7030,1.0);
#7028=DIRECTION('',(-0.6087717324507355,-0.7933454340758067,0));
#7029=DIRECTION('',(-0.6500028861764435,0.7599317390149548,0));
#7030=DIRECTION('',(0.7071067811865476,-0.7071067811865476,0));
#7031=FACE_SURFACE('',(#7036),#7032,.T.);
#7032=PLANE('',#7033);
#7033=AXIS2_PLACEMENT_3D('',#484,#7034,#7035);
#7034=DIRECTION('',(0,0,-1));
#7035=DIRECTION('',(0.6500028861764435,-0.7599317390149548,0));
#7036=FACE_BOUND('',#7037,.T.);
#7037=EDGE_LOOP('',(#7038,#7039,#7040));
#7038=ORIENTED_EDGE('',*,*,#7041,.T.);
#7039=ORIENTED_EDGE('',*,*,#7042,.T.);
#7040=ORIENTED_EDGE('',*,*,#7043,.T.);
#7041=EDGE_CURVE('',#485,#277,#7044,.F.);
#7042=EDGE_CURVE('',#277,#281,#7045,.T.);
#7043=EDGE_CURVE('',#281,#485,#7046,.T.);
#7044=LINE('',#484,#7047);
#7045=LINE('',#276,#7048);
#7046=LINE('',#280,#7049);
#7047=VECTOR('',#7050,1.0);
#7048=VECTOR('',#7051,1.0);
#7049=VECTOR('',#7052,1.0);
#7050=DIRECTION('',(0.6500028861764435,-0.7599317390149548,0));
#7051=DIRECTION('',(-0.3826776961850583,-0.9238819084939894,0));
#7052=DIRECTION('',(-0.5973607907804253,0.8019726215016226,0));
#7053=FACE_SURFACE('',(#7058),#7054,.T.);
#7054=PLANE('',#7055);
#7055=AXIS2_PLACEMENT_3D('',#484,#7056,#7057);
#7056=DIRECTION('',(0,0,-1));
#7057=DIRECTION('',(0.5973607907804253,-0.8019726215016226,0));
#7058=FACE_BOUND('',#7059,.T.);
#7059=EDGE_LOOP('',(#7060,#7061,#7062));
#7060=ORIENTED_EDGE('',*,*,#7063,.T.);
#7061=ORIENTED_EDGE('',*,*,#7064,.T.);
#7062=ORIENTED_EDGE('',*,*,#7065,.T.);
#7063=EDGE_CURVE('',#485,#281,#7066,.F.);
#7064=EDGE_CURVE('',#281,#285,#7067,.T.);
#7065=EDGE_CURVE('',#285,#485,#7068,.T.);
#7066=LINE('',#484,#7069);
#7067=LINE('',#280,#7070);
#7068=LINE('',#284,#7071);
#7069=VECTOR('',#7072,1.0);
#7070=VECTOR('',#7073,1.0);
#7071=VECTOR('',#7074,1.0);
#7072=DIRECTION('',(0.5973607907804253,-0.8019726215016226,0));
#7073=DIRECTION('',(-0.1305305700472816,-0.9914442850120887,0));
#7074=DIRECTION('',(-0.5566157102588856,0.8307700952086543,0));
#7075=FACE_SURFACE('',(#7080),#7076,.T.);
#7076=PLANE('',#7077);
#7077=AXIS2_PLACEMENT_3D('',#284,#7078,#7079);
#7078=DIRECTION('',(-0,-0,-1));
#7079=DIRECTION('',(0.13053286229907038,-0.9914439832184226,0));
#7080=FACE_BOUND('',#7081,.T.);
#7081=EDGE_LOOP('',(#7082,#7083,#7084));
#7082=ORIENTED_EDGE('',*,*,#7085,.T.);
#7083=ORIENTED_EDGE('',*,*,#7086,.T.);
#7084=ORIENTED_EDGE('',*,*,#7087,.T.);
#7085=EDGE_CURVE('',#285,#289,#7088,.F.);
#7086=EDGE_CURVE('',#289,#485,#7089,.T.);
#7087=EDGE_CURVE('',#485,#285,#7090,.T.);
#7088=LINE('',#284,#7091);
#7089=LINE('',#288,#7092);
#7090=LINE('',#484,#7093);
#7091=VECTOR('',#7094,1.0);
#7092=VECTOR('',#7095,1.0);
#7093=VECTOR('',#7096,1.0);
#7094=DIRECTION('',(0.13053286229907038,-0.9914439832184226,0));
#7095=DIRECTION('',(-0.5316049383658744,0.8469924376905704,0));
#7096=DIRECTION('',(0.5566157102588856,-0.8307700952086543,0));
#7097=FACE_SURFACE('',(#7102),#7098,.T.);
#7098=PLANE('',#7099);
#7099=AXIS2_PLACEMENT_3D('',#484,#7100,#7101);
#7100=DIRECTION('',(0,0,-1));
#7101=DIRECTION('',(0.5316049383658744,-0.8469924376905704,0));
#7102=FACE_BOUND('',#7103,.T.);
#7103=EDGE_LOOP('',(#7104,#7105,#7106));
#7104=ORIENTED_EDGE('',*,*,#7107,.T.);
#7105=ORIENTED_EDGE('',*,*,#7108,.T.);
#7106=ORIENTED_EDGE('',*,*,#7109,.T.);
#7107=EDGE_CURVE('',#485,#289,#7110,.F.);
#7108=EDGE_CURVE('',#289,#293,#7111,.T.);
#7109=EDGE_CURVE('',#293,#485,#7112,.T.);
#7110=LINE('',#484,#7113);
#7111=LINE('',#288,#7114);
#7112=LINE('',#292,#7115);
#7113=VECTOR('',#7116,1.0);
#7114=VECTOR('',#7117,1.0);
#7115=VECTOR('',#7118,1.0);
#7116=DIRECTION('',(0.5316049383658744,-0.8469924376905704,0));
#7117=DIRECTION('',(0.3826776961850583,-0.9238819084939894,0));
#7118=DIRECTION('',(-0.522657483296112,0.8525427585491384,0));
#7119=FACE_SURFACE('',(#7124),#7120,.T.);
#7120=PLANE('',#7121);
#7121=AXIS2_PLACEMENT_3D('',#292,#7122,#7123);
#7122=DIRECTION('',(0,0,-1));
#7123=DIRECTION('',(0.6087631779678259,-0.79335199826465,0));
#7124=FACE_BOUND('',#7125,.T.);
#7125=EDGE_LOOP('',(#7126,#7127,#7128));
#7126=ORIENTED_EDGE('',*,*,#7129,.T.);
#7127=ORIENTED_EDGE('',*,*,#7130,.T.);
#7128=ORIENTED_EDGE('',*,*,#7131,.T.);
#7129=EDGE_CURVE('',#293,#297,#7132,.F.);
#7130=EDGE_CURVE('',#297,#465,#7133,.T.);
#7131=EDGE_CURVE('',#465,#293,#7134,.T.);
#7132=LINE('',#292,#7135);
#7133=LINE('',#296,#7136);
#7134=LINE('',#464,#7137);
#7135=VECTOR('',#7138,1.0);
#7136=VECTOR('',#7139,1.0);
#7137=VECTOR('',#7140,1.0);
#7138=DIRECTION('',(0.6087631779678259,-0.79335199826465,0));
#7139=DIRECTION('',(0.29582671835801483,-0.9552416200655872,0));
#7140=DIRECTION('',(-0.3004066363519952,0.9538112249474107,0));
#7141=FACE_SURFACE('',(#7146),#7142,.T.);
#7142=PLANE('',#7143);
#7143=AXIS2_PLACEMENT_3D('',#464,#7144,#7145);
#7144=DIRECTION('',(0,0,-1));
#7145=DIRECTION('',(-0.29582671835801483,0.9552416200655872,0));
#7146=FACE_BOUND('',#7147,.T.);
#7147=EDGE_LOOP('',(#7148,#7149,#7150));
#7148=ORIENTED_EDGE('',*,*,#7151,.T.);
#7149=ORIENTED_EDGE('',*,*,#7152,.T.);
#7150=ORIENTED_EDGE('',*,*,#7153,.T.);
#7151=EDGE_CURVE('',#465,#297,#7154,.F.);
#7152=EDGE_CURVE('',#297,#301,#7155,.T.);
#7153=EDGE_CURVE('',#301,#465,#7156,.T.);
#7154=LINE('',#464,#7157);
#7155=LINE('',#296,#7158);
#7156=LINE('',#300,#7159);
#7157=VECTOR('',#7160,1.0);
#7158=VECTOR('',#7161,1.0);
#7159=VECTOR('',#7162,1.0);
#7160=DIRECTION('',(-0.29582671835801483,0.9552416200655872,0));
#7161=DIRECTION('',(0.7933529934497514,-0.608761881021076,0));
#7162=DIRECTION('',(0.2879919889771994,-0.9576328180910242,0));
#7163=FACE_SURFACE('',(#7168),#7164,.T.);
#7164=PLANE('',#7165);
#7165=AXIS2_PLACEMENT_3D('',#464,#7166,#7167);
#7166=DIRECTION('',(0,0,-1));
#7167=DIRECTION('',(-0.2879919889771994,0.9576328180910242,0));
#7168=FACE_BOUND('',#7169,.T.);
#7169=EDGE_LOOP('',(#7170,#7171,#7172));
#7170=ORIENTED_EDGE('',*,*,#7173,.T.);
#7171=ORIENTED_EDGE('',*,*,#7174,.T.);
#7172=ORIENTED_EDGE('',*,*,#7175,.T.);
#7173=EDGE_CURVE('',#465,#301,#7176,.F.);
#7174=EDGE_CURVE('',#301,#305,#7177,.T.);
#7175=EDGE_CURVE('',#305,#465,#7178,.T.);
#7176=LINE('',#464,#7179);
#7177=LINE('',#300,#7180);
#7178=LINE('',#304,#7181);
#7179=VECTOR('',#7182,1.0);
#7180=VECTOR('',#7183,1.0);
#7181=VECTOR('',#7184,1.0);
#7182=DIRECTION('',(-0.2879919889771994,0.9576328180910242,0));
#7183=DIRECTION('',(0.9238819084939894,-0.3826776961850583,0));
#7184=DIRECTION('',(0.2773636729554097,-0.9607650040070592,0));
#7185=FACE_SURFACE('',(#7190),#7186,.T.);
#7186=PLANE('',#7187);
#7187=AXIS2_PLACEMENT_3D('',#308,#7188,#7189);
#7188=DIRECTION('',(0,0,-1));
#7189=DIRECTION('',(0.9914429879544556,0.13054042146377973,0));
#7190=FACE_BOUND('',#7191,.T.);
#7191=EDGE_LOOP('',(#7192,#7193,#7194));
#7192=ORIENTED_EDGE('',*,*,#7195,.T.);
#7193=ORIENTED_EDGE('',*,*,#7196,.T.);
#7194=ORIENTED_EDGE('',*,*,#7197,.T.);
#7195=EDGE_CURVE('',#309,#313,#7198,.F.);
#7196=EDGE_CURVE('',#313,#427,#7199,.T.);
#7197=EDGE_CURVE('',#427,#309,#7200,.T.);
#7198=LINE('',#308,#7201);
#7199=LINE('',#312,#7202);
#7200=LINE('',#426,#7203);
#7201=VECTOR('',#7204,1.0);
#7202=VECTOR('',#7205,1.0);
#7203=VECTOR('',#7206,1.0);
#7204=DIRECTION('',(0.9914429879544556,0.13054042146377973,0));
#7205=DIRECTION('',(0.6817658199652018,-0.7315704796717648,0));
#7206=DIRECTION('',(-0.6946217133858683,0.7193751978577525,0));
#7207=FACE_SURFACE('',(#7212),#7208,.T.);
#7208=PLANE('',#7209);
#7209=AXIS2_PLACEMENT_3D('',#426,#7210,#7211);
#7210=DIRECTION('',(0,0,-1));
#7211=DIRECTION('',(-0.6817658199652018,0.7315704796717648,0));
#7212=FACE_BOUND('',#7213,.T.);
#7213=EDGE_LOOP('',(#7214,#7215,#7216));
#7214=ORIENTED_EDGE('',*,*,#7217,.T.);
#7215=ORIENTED_EDGE('',*,*,#7218,.T.);
#7216=ORIENTED_EDGE('',*,*,#7219,.T.);
#7217=EDGE_CURVE('',#427,#313,#7220,.F.);
#7218=EDGE_CURVE('',#313,#317,#7221,.T.);
#7219=EDGE_CURVE('',#317,#427,#7222,.T.);
#7220=LINE('',#426,#7223);
#7221=LINE('',#312,#7224);
#7222=LINE('',#316,#7225);
#7223=VECTOR('',#7226,1.0);
#7224=VECTOR('',#7227,1.0);
#7225=VECTOR('',#7228,1.0);
#7226=DIRECTION('',(-0.6817658199652018,0.7315704796717648,0));
#7227=DIRECTION('',(0.9238819084939894,0.3826776961850583,0));
#7228=DIRECTION('',(0.6663984647678358,-0.7455957927423352,0));
#7229=FACE_SURFACE('',(#7234),#7230,.T.);
#7230=PLANE('',#7231);
#7231=AXIS2_PLACEMENT_3D('',#426,#7232,#7233);
#7232=DIRECTION('',(0,0,-1));
#7233=DIRECTION('',(-0.6663984647678358,0.7455957927423352,0));
#7234=FACE_BOUND('',#7235,.T.);
#7235=EDGE_LOOP('',(#7236,#7237,#7238));
#7236=ORIENTED_EDGE('',*,*,#7239,.T.);
#7237=ORIENTED_EDGE('',*,*,#7240,.T.);
#7238=ORIENTED_EDGE('',*,*,#7241,.T.);
#7239=EDGE_CURVE('',#427,#317,#7242,.F.);
#7240=EDGE_CURVE('',#317,#321,#7243,.T.);
#7241=EDGE_CURVE('',#321,#427,#7244,.T.);
#7242=LINE('',#426,#7245);
#7243=LINE('',#316,#7246);
#7244=LINE('',#320,#7247);
#7245=VECTOR('',#7248,1.0);
#7246=VECTOR('',#7249,1.0);
#7247=VECTOR('',#7250,1.0);
#7248=DIRECTION('',(-0.6663984647678358,0.7455957927423352,0));
#7249=DIRECTION('',(0.7933529934497514,0.608761881021076,0));
#7250=DIRECTION('',(0.6496992236981308,-0.7601913698050289,0));
#7251=FACE_SURFACE('',(#7256),#7252,.T.);
#7252=PLANE('',#7253);
#7253=AXIS2_PLACEMENT_3D('',#320,#7254,#7255);
#7254=DIRECTION('',(0,0,-1));
#7255=DIRECTION('',(0.6087631779678259,0.79335199826465,0));
#7256=FACE_BOUND('',#7257,.T.);
#7257=EDGE_LOOP('',(#7258,#7259,#7260));
#7258=ORIENTED_EDGE('',*,*,#7261,.T.);
#7259=ORIENTED_EDGE('',*,*,#7262,.T.);
#7260=ORIENTED_EDGE('',*,*,#7263,.T.);
#7261=EDGE_CURVE('',#321,#325,#7264,.F.);
#7262=EDGE_CURVE('',#325,#427,#7265,.T.);
#7263=EDGE_CURVE('',#427,#321,#7266,.T.);
#7264=LINE('',#320,#7267);
#7265=LINE('',#324,#7268);
#7266=LINE('',#426,#7269);
#7267=VECTOR('',#7270,1.0);
#7268=VECTOR('',#7271,1.0);
#7269=VECTOR('',#7272,1.0);
#7270=DIRECTION('',(0.6087631779678259,0.79335199826465,0));
#7271=DIRECTION('',(0.6330884738204791,-0.7740794431553241,0));
#7272=DIRECTION('',(-0.6496992236981308,0.7601913698050289,0));
#7273=FACE_SURFACE('',(#7278),#7274,.T.);
#7274=PLANE('',#7275);
#7275=AXIS2_PLACEMENT_3D('',#426,#7276,#7277);
#7276=DIRECTION('',(0,0,-1));
#7277=DIRECTION('',(-0.6330884738204791,0.7740794431553241,0));
#7278=FACE_BOUND('',#7279,.T.);
#7279=EDGE_LOOP('',(#7280,#7281,#7282));
#7280=ORIENTED_EDGE('',*,*,#7283,.T.);
#7281=ORIENTED_EDGE('',*,*,#7284,.T.);
#7282=ORIENTED_EDGE('',*,*,#7285,.T.);
#7283=EDGE_CURVE('',#427,#325,#7286,.F.);
#7284=EDGE_CURVE('',#325,#233,#7287,.T.);
#7285=EDGE_CURVE('',#233,#427,#7288,.T.);
#7286=LINE('',#426,#7289);
#7287=LINE('',#324,#7290);
#7288=LINE('',#232,#7291);
#7289=VECTOR('',#7292,1.0);
#7290=VECTOR('',#7293,1.0);
#7291=VECTOR('',#7294,1.0);
#7292=DIRECTION('',(-0.6330884738204791,0.7740794431553241,0));
#7293=DIRECTION('',(0.3826776961850583,0.9238819084939894,0));
#7294=DIRECTION('',(0.6180341885898468,-0.7861512206529286,0));
#7295=FACE_SURFACE('',(#7300),#7296,.T.);
#7296=PLANE('',#7297);
#7297=AXIS2_PLACEMENT_3D('',#426,#7298,#7299);
#7298=DIRECTION('',(0,0,-1));
#7299=DIRECTION('',(-0.6180341885898468,0.7861512206529286,0));
#7300=FACE_BOUND('',#7301,.T.);
#7301=EDGE_LOOP('',(#7302,#7303,#7304));
#7302=ORIENTED_EDGE('',*,*,#7305,.T.);
#7303=ORIENTED_EDGE('',*,*,#7306,.T.);
#7304=ORIENTED_EDGE('',*,*,#7307,.T.);
#7305=EDGE_CURVE('',#427,#233,#7308,.F.);
#7306=EDGE_CURVE('',#233,#237,#7309,.T.);
#7307=EDGE_CURVE('',#237,#427,#7310,.T.);
#7308=LINE('',#426,#7311);
#7309=LINE('',#232,#7312);
#7310=LINE('',#236,#7313);
#7311=VECTOR('',#7314,1.0);
#7312=VECTOR('',#7315,1.0);
#7313=VECTOR('',#7316,1.0);
#7314=DIRECTION('',(-0.6180341885898468,0.7861512206529286,0));
#7315=DIRECTION('',(0.13053286229907038,0.9914439832184226,0));
#7316=DIRECTION('',(0.6058320872578336,-0.7955925351892241,0));
#7317=FACE_SURFACE('',(#7322),#7318,.T.);
#7318=PLANE('',#7319);
#7319=AXIS2_PLACEMENT_3D('',#140,#7320,#7321);
#7320=DIRECTION('',(0,0,-1));
#7321=DIRECTION('',(-0.13053927527407597,0.9914431388692541,0));
#7322=FACE_BOUND('',#7323,.T.);
#7323=EDGE_LOOP('',(#7324,#7325,#7326));
#7324=ORIENTED_EDGE('',*,*,#7327,.T.);
#7325=ORIENTED_EDGE('',*,*,#7328,.T.);
#7326=ORIENTED_EDGE('',*,*,#7329,.T.);
#7327=EDGE_CURVE('',#141,#145,#7330,.F.);
#7328=EDGE_CURVE('',#145,#487,#7331,.T.);
#7329=EDGE_CURVE('',#487,#141,#7332,.T.);
#7330=LINE('',#140,#7333);
#7331=LINE('',#144,#7334);
#7332=LINE('',#486,#7335);
#7333=VECTOR('',#7336,1.0);
#7334=VECTOR('',#7337,1.0);
#7335=VECTOR('',#7338,1.0);
#7336=DIRECTION('',(-0.13053927527407597,0.9914431388692541,0));
#7337=DIRECTION('',(0.597360360508489,0.8019729419956562,0));
#7338=DIRECTION('',(-0.556614835349462,-0.8307706813970335,0));
#7339=FACE_SURFACE('',(#7344),#7340,.T.);
#7340=PLANE('',#7341);
#7341=AXIS2_PLACEMENT_3D('',#486,#7342,#7343);
#7342=DIRECTION('',(0,0,-1));
#7343=DIRECTION('',(-0.597360360508489,-0.8019729419956562,0));
#7344=FACE_BOUND('',#7345,.T.);
#7345=EDGE_LOOP('',(#7346,#7347,#7348));
#7346=ORIENTED_EDGE('',*,*,#7349,.T.);
#7347=ORIENTED_EDGE('',*,*,#7350,.T.);
#7348=ORIENTED_EDGE('',*,*,#7351,.T.);
#7349=EDGE_CURVE('',#487,#145,#7352,.F.);
#7350=EDGE_CURVE('',#145,#149,#7353,.T.);
#7351=EDGE_CURVE('',#149,#487,#7354,.T.);
#7352=LINE('',#486,#7355);
#7353=LINE('',#144,#7356);
#7354=LINE('',#148,#7357);
#7355=VECTOR('',#7358,1.0);
#7356=VECTOR('',#7359,1.0);
#7357=VECTOR('',#7360,1.0);
#7358=DIRECTION('',(-0.597360360508489,-0.8019729419956562,0));
#7359=DIRECTION('',(-0.38266257742337706,0.9238881706352224,0));
#7360=DIRECTION('',(0.6500016832198371,0.759932767954757,0));
#7361=FACE_SURFACE('',(#7366),#7362,.T.);
#7362=PLANE('',#7363);
#7363=AXIS2_PLACEMENT_3D('',#486,#7364,#7365);
#7364=DIRECTION('',(0,0,-1));
#7365=DIRECTION('',(-0.6500016832198371,-0.759932767954757,0));
#7366=FACE_BOUND('',#7367,.T.);
#7367=EDGE_LOOP('',(#7368,#7369,#7370));
#7368=ORIENTED_EDGE('',*,*,#7371,.T.);
#7369=ORIENTED_EDGE('',*,*,#7372,.T.);
#7370=ORIENTED_EDGE('',*,*,#7373,.T.);
#7371=EDGE_CURVE('',#487,#149,#7374,.F.);
#7372=EDGE_CURVE('',#149,#153,#7375,.T.);
#7373=EDGE_CURVE('',#153,#487,#7376,.T.);
#7374=LINE('',#486,#7377);
#7375=LINE('',#148,#7378);
#7376=LINE('',#152,#7379);
#7377=VECTOR('',#7380,1.0);
#7378=VECTOR('',#7381,1.0);
#7379=VECTOR('',#7382,1.0);
#7380=DIRECTION('',(-0.6500016832198371,-0.759932767954757,0));
#7381=DIRECTION('',(-0.6087773065206213,0.7933411567954214,0));
#7382=DIRECTION('',(0.7071060775056369,0.707107484866758,0));
#7383=FACE_SURFACE('',(#7388),#7384,.T.);
#7384=PLANE('',#7385);
#7385=AXIS2_PLACEMENT_3D('',#152,#7386,#7387);
#7386=DIRECTION('',(0,0,-1));
#7387=DIRECTION('',(-0.7933497113631495,0.6087661582906917,0));
#7388=FACE_BOUND('',#7389,.T.);
#7389=EDGE_LOOP('',(#7390,#7391,#7392));
#7390=ORIENTED_EDGE('',*,*,#7393,.T.);
#7391=ORIENTED_EDGE('',*,*,#7394,.T.);
#7392=ORIENTED_EDGE('',*,*,#7395,.T.);
#7393=EDGE_CURVE('',#153,#157,#7396,.F.);
#7394=EDGE_CURVE('',#157,#487,#7397,.T.);
#7395=EDGE_CURVE('',#487,#153,#7398,.T.);
#7396=LINE('',#152,#7399);
#7397=LINE('',#156,#7400);
#7398=LINE('',#486,#7401);
#7399=VECTOR('',#7402,1.0);
#7400=VECTOR('',#7403,1.0);
#7401=VECTOR('',#7404,1.0);
#7402=DIRECTION('',(-0.7933497113631495,0.6087661582906917,0));
#7403=DIRECTION('',(0.759930809302574,0.6500039731207303,0));
#7404=DIRECTION('',(-0.7071060775056369,-0.707107484866758,0));
#7405=FACE_SURFACE('',(#7410),#7406,.T.);
#7406=PLANE('',#7407);
#7407=AXIS2_PLACEMENT_3D('',#486,#7408,#7409);
#7408=DIRECTION('',(0,0,-1));
#7409=DIRECTION('',(-0.759930809302574,-0.6500039731207303,0));
#7410=FACE_BOUND('',#7411,.T.);
#7411=EDGE_LOOP('',(#7412,#7413,#7414));
#7412=ORIENTED_EDGE('',*,*,#7415,.T.);
#7413=ORIENTED_EDGE('',*,*,#7416,.T.);
#7414=ORIENTED_EDGE('',*,*,#7417,.T.);
#7415=EDGE_CURVE('',#487,#157,#7418,.F.);
#7416=EDGE_CURVE('',#157,#161,#7419,.T.);
#7417=EDGE_CURVE('',#161,#487,#7420,.T.);
#7418=LINE('',#486,#7421);
#7419=LINE('',#156,#7422);
#7420=LINE('',#160,#7423);
#7421=VECTOR('',#7424,1.0);
#7422=VECTOR('',#7425,1.0);
#7423=VECTOR('',#7426,1.0);
#7424=DIRECTION('',(-0.759930809302574,-0.6500039731207303,0));
#7425=DIRECTION('',(-0.9238756461902449,0.38269281463931043,0));
#7426=DIRECTION('',(0.8019724645462634,0.5973610014970783,0));
#7427=FACE_SURFACE('',(#7432),#7428,.T.);
#7428=PLANE('',#7429);
#7429=AXIS2_PLACEMENT_3D('',#486,#7430,#7431);
#7430=DIRECTION('',(0,0,-1));
#7431=DIRECTION('',(-0.8019724645462634,-0.5973610014970783,0));
#7432=FACE_BOUND('',#7433,.T.);
#7433=EDGE_LOOP('',(#7434,#7435,#7436));
#7434=ORIENTED_EDGE('',*,*,#7437,.T.);
#7435=ORIENTED_EDGE('',*,*,#7438,.T.);
#7436=ORIENTED_EDGE('',*,*,#7439,.T.);
#7437=EDGE_CURVE('',#487,#161,#7440,.F.);
#7438=EDGE_CURVE('',#161,#165,#7441,.T.);
#7439=EDGE_CURVE('',#165,#487,#7442,.T.);
#7440=LINE('',#486,#7443);
#7441=LINE('',#160,#7444);
#7442=LINE('',#164,#7445);
#7443=VECTOR('',#7446,1.0);
#7444=VECTOR('',#7447,1.0);
#7445=VECTOR('',#7448,1.0);
#7446=DIRECTION('',(-0.8019724645462634,-0.5973610014970783,0));
#7447=DIRECTION('',(-0.9914457328190034,0.13051957276588602,0));
#7448=DIRECTION('',(0.8307700952086543,0.5566157102588856,0));
#7449=FACE_SURFACE('',(#7454),#7450,.T.);
#7450=PLANE('',#7451);
#7451=AXIS2_PLACEMENT_3D('',#164,#7452,#7453);
#7452=DIRECTION('',(-0,0,-1));
#7453=DIRECTION('',(-0.9914451293273757,-0.1305241568945123,0));
#7454=FACE_BOUND('',#7455,.T.);
#7455=EDGE_LOOP('',(#7456,#7457,#7458));
#7456=ORIENTED_EDGE('',*,*,#7459,.T.);
#7457=ORIENTED_EDGE('',*,*,#7460,.T.);
#7458=ORIENTED_EDGE('',*,*,#7461,.T.);
#7459=EDGE_CURVE('',#165,#169,#7462,.F.);
#7460=EDGE_CURVE('',#169,#487,#7463,.T.);
#7461=EDGE_CURVE('',#487,#165,#7464,.T.);
#7462=LINE('',#164,#7465);
#7463=LINE('',#168,#7466);
#7464=LINE('',#486,#7467);
#7465=VECTOR('',#7468,1.0);
#7466=VECTOR('',#7469,1.0);
#7467=VECTOR('',#7470,1.0);
#7468=DIRECTION('',(-0.9914451293273757,-0.1305241568945123,0));
#7469=DIRECTION('',(0.8469927057582606,0.5316045112602983,0));
#7470=DIRECTION('',(-0.8307700952086543,-0.5566157102588856,0));
#7471=FACE_SURFACE('',(#7476),#7472,.T.);
#7472=PLANE('',#7473);
#7473=AXIS2_PLACEMENT_3D('',#486,#7474,#7475);
#7474=DIRECTION('',(0,0,-1));
#7475=DIRECTION('',(-0.8469927057582606,-0.5316045112602983,0));
#7476=FACE_BOUND('',#7477,.T.);
#7477=EDGE_LOOP('',(#7478,#7479,#7480));
#7478=ORIENTED_EDGE('',*,*,#7481,.T.);
#7479=ORIENTED_EDGE('',*,*,#7482,.T.);
#7480=ORIENTED_EDGE('',*,*,#7483,.T.);
#7481=EDGE_CURVE('',#487,#169,#7484,.F.);
#7482=EDGE_CURVE('',#169,#173,#7485,.T.);
#7483=EDGE_CURVE('',#173,#487,#7486,.T.);
#7484=LINE('',#486,#7487);
#7485=LINE('',#168,#7488);
#7486=LINE('',#172,#7489);
#7487=VECTOR('',#7490,1.0);
#7488=VECTOR('',#7491,1.0);
#7489=VECTOR('',#7492,1.0);
#7490=DIRECTION('',(-0.8469927057582606,-0.5316045112602983,0));
#7491=DIRECTION('',(-0.9238756461902449,-0.38269281463931043,0));
#7492=DIRECTION('',(0.8525425097700166,0.5226578890967218,0));
#7493=FACE_SURFACE('',(#7498),#7494,.T.);
#7494=PLANE('',#7495);
#7495=AXIS2_PLACEMENT_3D('',#204,#7496,#7497);
#7496=DIRECTION('',(0,-0,-1));
#7497=DIRECTION('',(0.9238819084939894,-0.3826776961850583,0));
#7498=FACE_BOUND('',#7499,.T.);
#7499=EDGE_LOOP('',(#7500,#7501,#7502));
#7500=ORIENTED_EDGE('',*,*,#7503,.T.);
#7501=ORIENTED_EDGE('',*,*,#7504,.T.);
#7502=ORIENTED_EDGE('',*,*,#7505,.T.);
#7503=EDGE_CURVE('',#205,#209,#7506,.F.);
#7504=EDGE_CURVE('',#209,#461,#7507,.T.);
#7505=EDGE_CURVE('',#461,#205,#7508,.T.);
#7506=LINE('',#204,#7509);
#7507=LINE('',#208,#7510);
#7508=LINE('',#460,#7511);
#7509=VECTOR('',#7512,1.0);
#7510=VECTOR('',#7513,1.0);
#7511=VECTOR('',#7514,1.0);
#7512=DIRECTION('',(0.9238819084939894,-0.3826776961850583,0));
#7513=DIRECTION('',(-0.3511334680186667,-0.9363254175964593,0));
#7514=DIRECTION('',(0.33806046775755816,0.9411243914273719,0));
#7515=FACE_SURFACE('',(#7520),#7516,.T.);
#7516=PLANE('',#7517);
#7517=AXIS2_PLACEMENT_3D('',#460,#7518,#7519);
#7518=DIRECTION('',(0,0,-1));
#7519=DIRECTION('',(0.3511334680186667,0.9363254175964593,0));
#7520=FACE_BOUND('',#7521,.T.);
#7521=EDGE_LOOP('',(#7522,#7523,#7524));
#7522=ORIENTED_EDGE('',*,*,#7525,.T.);
#7523=ORIENTED_EDGE('',*,*,#7526,.T.);
#7524=ORIENTED_EDGE('',*,*,#7527,.T.);
#7525=EDGE_CURVE('',#461,#209,#7528,.F.);
#7526=EDGE_CURVE('',#209,#213,#7529,.T.);
#7527=EDGE_CURVE('',#213,#461,#7530,.T.);
#7528=LINE('',#460,#7531);
#7529=LINE('',#208,#7532);
#7530=LINE('',#212,#7533);
#7531=VECTOR('',#7534,1.0);
#7532=VECTOR('',#7535,1.0);
#7533=VECTOR('',#7536,1.0);
#7534=DIRECTION('',(0.3511334680186667,0.9363254175964593,0));
#7535=DIRECTION('',(0.9914428370356817,-0.13054156767343722,0));
#7536=DIRECTION('',(-0.3637765871266886,-0.9314862289150917,0));
#7537=FACE_SURFACE('',(#7542),#7538,.T.);
#7538=PLANE('',#7539);
#7539=AXIS2_PLACEMENT_3D('',#460,#7540,#7541);
#7540=DIRECTION('',(0,0,-1));
#7541=DIRECTION('',(0.3637765871266886,0.9314862289150917,0));
#7542=FACE_BOUND('',#7543,.T.);
#7543=EDGE_LOOP('',(#7544,#7545,#7546));
#7544=ORIENTED_EDGE('',*,*,#7547,.T.);
#7545=ORIENTED_EDGE('',*,*,#7548,.T.);
#7546=ORIENTED_EDGE('',*,*,#7549,.T.);
#7547=EDGE_CURVE('',#461,#213,#7550,.F.);
#7548=EDGE_CURVE('',#213,#217,#7551,.T.);
#7549=EDGE_CURVE('',#217,#461,#7552,.T.);
#7550=LINE('',#460,#7553);
#7551=LINE('',#212,#7554);
#7552=LINE('',#216,#7555);
#7553=VECTOR('',#7556,1.0);
#7554=VECTOR('',#7557,1.0);
#7555=VECTOR('',#7558,1.0);
#7556=DIRECTION('',(0.3637765871266886,0.9314862289150917,0));
#7557=DIRECTION('',(0.9914434406869257,0.1305369829545277,0));
#7558=DIRECTION('',(-0.3750137388299477,-0.9270192531381339,0));
#7559=FACE_SURFACE('',(#7564),#7560,.T.);
#7560=PLANE('',#7561);
#7561=AXIS2_PLACEMENT_3D('',#216,#7562,#7563);
#7562=DIRECTION('',(0,-0,-1));
#7563=DIRECTION('',(0.9238819084939894,0.3826776961850583,0));
#7564=FACE_BOUND('',#7565,.T.);
#7565=EDGE_LOOP('',(#7566,#7567,#7568));
#7566=ORIENTED_EDGE('',*,*,#7569,.T.);
#7567=ORIENTED_EDGE('',*,*,#7570,.T.);
#7568=ORIENTED_EDGE('',*,*,#7571,.T.);
#7569=EDGE_CURVE('',#217,#221,#7572,.F.);
#7570=EDGE_CURVE('',#221,#461,#7573,.T.);
#7571=EDGE_CURVE('',#461,#217,#7574,.T.);
#7572=LINE('',#216,#7575);
#7573=LINE('',#220,#7576);
#7574=LINE('',#460,#7577);
#7575=VECTOR('',#7578,1.0);
#7576=VECTOR('',#7579,1.0);
#7577=VECTOR('',#7580,1.0);
#7578=DIRECTION('',(0.9238819084939894,0.3826776961850583,0));
#7579=DIRECTION('',(-0.3840306950448206,-0.9233203264649771,0));
#7580=DIRECTION('',(0.3750137388299477,0.9270192531381339,0));
#7581=FACE_SURFACE('',(#7586),#7582,.T.);
#7582=PLANE('',#7583);
#7583=AXIS2_PLACEMENT_3D('',#460,#7584,#7585);
#7584=DIRECTION('',(0,0,-1));
#7585=DIRECTION('',(0.3840306950448206,0.9233203264649771,0));
#7586=FACE_BOUND('',#7587,.T.);
#7587=EDGE_LOOP('',(#7588,#7589,#7590));
#7588=ORIENTED_EDGE('',*,*,#7591,.T.);
#7589=ORIENTED_EDGE('',*,*,#7592,.T.);
#7590=ORIENTED_EDGE('',*,*,#7593,.T.);
#7591=EDGE_CURVE('',#461,#221,#7594,.F.);
#7592=EDGE_CURVE('',#221,#225,#7595,.T.);
#7593=EDGE_CURVE('',#225,#461,#7596,.T.);
#7594=LINE('',#460,#7597);
#7595=LINE('',#220,#7598);
#7596=LINE('',#224,#7599);
#7597=VECTOR('',#7600,1.0);
#7598=VECTOR('',#7601,1.0);
#7599=VECTOR('',#7602,1.0);
#7600=DIRECTION('',(0.3840306950448206,0.9233203264649771,0));
#7601=DIRECTION('',(0.7933497113631495,0.6087661582906917,0));
#7602=DIRECTION('',(-0.39024297122081475,-0.9207119111930454,0));
#7603=FACE_SURFACE('',(#7608),#7604,.T.);
#7604=PLANE('',#7605);
#7605=AXIS2_PLACEMENT_3D('',#460,#7606,#7607);
#7606=DIRECTION('',(0,0,-1));
#7607=DIRECTION('',(0.39024297122081475,0.9207119111930454,0));
#7608=FACE_BOUND('',#7609,.T.);
#7609=EDGE_LOOP('',(#7610,#7611,#7612));
#7610=ORIENTED_EDGE('',*,*,#7613,.T.);
#7611=ORIENTED_EDGE('',*,*,#7614,.T.);
#7612=ORIENTED_EDGE('',*,*,#7615,.T.);
#7613=EDGE_CURVE('',#461,#225,#7616,.F.);
#7614=EDGE_CURVE('',#225,#57,#7617,.T.);
#7615=EDGE_CURVE('',#57,#461,#7618,.T.);
#7616=LINE('',#460,#7619);
#7617=LINE('',#224,#7620);
#7618=LINE('',#56,#7621);
#7619=VECTOR('',#7622,1.0);
#7620=VECTOR('',#7623,1.0);
#7621=VECTOR('',#7624,1.0);
#7622=DIRECTION('',(0.39024297122081475,0.9207119111930454,0));
#7623=DIRECTION('',(0,-1,0));
#7624=DIRECTION('',(-0.3642595257564426,0.9312974808812121,0));
#7625=FACE_SURFACE('',(#7630),#7626,.T.);
#7626=PLANE('',#7627);
#7627=AXIS2_PLACEMENT_3D('',#56,#7628,#7629);
#7628=DIRECTION('',(0,0,-1));
#7629=DIRECTION('',(0,1,0));
#7630=FACE_BOUND('',#7631,.T.);
#7631=EDGE_LOOP('',(#7632,#7633,#7634));
#7632=ORIENTED_EDGE('',*,*,#7635,.T.);
#7633=ORIENTED_EDGE('',*,*,#7636,.T.);
#7634=ORIENTED_EDGE('',*,*,#7637,.T.);
#7635=EDGE_CURVE('',#57,#225,#7638,.F.);
#7636=EDGE_CURVE('',#225,#53,#7639,.T.);
#7637=EDGE_CURVE('',#53,#57,#7640,.T.);
#7638=LINE('',#56,#7641);
#7639=LINE('',#224,#7642);
#7640=LINE('',#52,#7643);
#7641=VECTOR('',#7644,1.0);
#7642=VECTOR('',#7645,1.0);
#7643=VECTOR('',#7646,1.0);
#7644=DIRECTION('',(0,1,0));
#7645=DIRECTION('',(0.004263164770400579,-0.9999909126717805,0));
#7646=DIRECTION('',(-0.6087708906529714,0.7933460800266099,0));
#7647=FACE_SURFACE('',(#7652),#7648,.T.);
#7648=PLANE('',#7649);
#7649=AXIS2_PLACEMENT_3D('',#52,#7650,#7651);
#7650=DIRECTION('',(0,0,-1));
#7651=DIRECTION('',(-0.004263164770400579,0.9999909126717805,0));
#7652=FACE_BOUND('',#7653,.T.);
#7653=EDGE_LOOP('',(#7654,#7655,#7656));
#7654=ORIENTED_EDGE('',*,*,#7657,.T.);
#7655=ORIENTED_EDGE('',*,*,#7658,.T.);
#7656=ORIENTED_EDGE('',*,*,#7659,.T.);
#7657=EDGE_CURVE('',#53,#225,#7660,.F.);
#7658=EDGE_CURVE('',#225,#229,#7661,.T.);
#7659=EDGE_CURVE('',#229,#53,#7662,.T.);
#7660=LINE('',#52,#7663);
#7661=LINE('',#224,#7664);
#7662=LINE('',#228,#7665);
#7663=VECTOR('',#7666,1.0);
#7664=VECTOR('',#7667,1.0);
#7665=VECTOR('',#7668,1.0);
#7666=DIRECTION('',(-0.004263164770400579,0.9999909126717805,0));
#7667=DIRECTION('',(0.6087687520516256,0.7933477210690824,0));
#7668=DIRECTION('',(0,-1,0));
#7669=FACE_SURFACE('',(#7674),#7670,.T.);
#7670=PLANE('',#7671);
#7671=AXIS2_PLACEMENT_3D('',#52,#7672,#7673);
#7672=DIRECTION('',(0,0,-1));
#7673=DIRECTION('',(0,1,0));
#7674=FACE_BOUND('',#7675,.T.);
#7675=EDGE_LOOP('',(#7676,#7677,#7678));
#7676=ORIENTED_EDGE('',*,*,#7679,.T.);
#7677=ORIENTED_EDGE('',*,*,#7680,.T.);
#7678=ORIENTED_EDGE('',*,*,#7681,.T.);
#7679=EDGE_CURVE('',#53,#229,#7682,.F.);
#7680=EDGE_CURVE('',#229,#483,#7683,.T.);
#7681=EDGE_CURVE('',#483,#53,#7684,.T.);
#7682=LINE('',#52,#7685);
#7683=LINE('',#228,#7686);
#7684=LINE('',#482,#7687);
#7685=VECTOR('',#7688,1.0);
#7686=VECTOR('',#7689,1.0);
#7687=VECTOR('',#7690,1.0);
#7688=DIRECTION('',(0,1,0));
#7689=DIRECTION('',(0.05269425316566962,-0.9986106927543447,0));
#7690=DIRECTION('',(-0.5226561415026979,0.8525435811438098,0));
#7691=FACE_SURFACE('',(#7696),#7692,.T.);
#7692=PLANE('',#7693);
#7693=AXIS2_PLACEMENT_3D('',#40,#7694,#7695);
#7694=DIRECTION('',(0,0,-1));
#7695=DIRECTION('',(0.13054042146377973,0.9914429879544556,0));
#7696=FACE_BOUND('',#7697,.T.);
#7697=EDGE_LOOP('',(#7698,#7699,#7700));
#7698=ORIENTED_EDGE('',*,*,#7701,.T.);
#7699=ORIENTED_EDGE('',*,*,#7702,.T.);
#7700=ORIENTED_EDGE('',*,*,#7703,.T.);
#7701=EDGE_CURVE('',#41,#45,#7704,.F.);
#7702=EDGE_CURVE('',#45,#483,#7705,.T.);
#7703=EDGE_CURVE('',#483,#41,#7706,.T.);
#7704=LINE('',#40,#7707);
#7705=LINE('',#44,#7708);
#7706=LINE('',#482,#7709);
#7707=VECTOR('',#7710,1.0);
#7708=VECTOR('',#7711,1.0);
#7709=VECTOR('',#7712,1.0);
#7710=DIRECTION('',(0.13054042146377973,0.9914429879544556,0));
#7711=DIRECTION('',(0.556614835349462,-0.8307706813970335,0));
#7712=DIRECTION('',(-0.5973600400145671,0.8019731807197763,0));
#7713=FACE_SURFACE('',(#7718),#7714,.T.);
#7714=PLANE('',#7715);
#7715=AXIS2_PLACEMENT_3D('',#482,#7716,#7717);
#7716=DIRECTION('',(0,0,-1));
#7717=DIRECTION('',(-0.556614835349462,0.8307706813970335,0));
#7718=FACE_BOUND('',#7719,.T.);
#7719=EDGE_LOOP('',(#7720,#7721,#7722));
#7720=ORIENTED_EDGE('',*,*,#7723,.T.);
#7721=ORIENTED_EDGE('',*,*,#7724,.T.);
#7722=ORIENTED_EDGE('',*,*,#7725,.T.);
#7723=EDGE_CURVE('',#483,#45,#7726,.F.);
#7724=EDGE_CURVE('',#45,#49,#7727,.T.);
#7725=EDGE_CURVE('',#49,#483,#7728,.T.);
#7726=LINE('',#482,#7729);
#7727=LINE('',#44,#7730);
#7728=LINE('',#48,#7731);
#7729=VECTOR('',#7732,1.0);
#7730=VECTOR('',#7733,1.0);
#7731=VECTOR('',#7734,1.0);
#7732=DIRECTION('',(-0.556614835349462,0.8307706813970335,0));
#7733=DIRECTION('',(-0.1305409945661142,0.9914429124955655,0));
#7734=DIRECTION('',(0.5316043772264918,-0.846992789882909,0));
#7735=FACE_SURFACE('',(#7740),#7736,.T.);
#7736=PLANE('',#7737);
#7737=AXIS2_PLACEMENT_3D('',#482,#7738,#7739);
#7738=DIRECTION('',(0,0,-1));
#7739=DIRECTION('',(-0.5316043772264918,0.846992789882909,0));
#7740=FACE_BOUND('',#7741,.T.);
#7741=EDGE_LOOP('',(#7742,#7743,#7744));
#7742=ORIENTED_EDGE('',*,*,#7745,.T.);
#7743=ORIENTED_EDGE('',*,*,#7746,.T.);
#7744=ORIENTED_EDGE('',*,*,#7747,.T.);
#7745=EDGE_CURVE('',#483,#49,#7748,.F.);
#7746=EDGE_CURVE('',#49,#53,#7749,.T.);
#7747=EDGE_CURVE('',#53,#483,#7750,.T.);
#7748=LINE('',#482,#7751);
#7749=LINE('',#48,#7752);
#7750=LINE('',#52,#7753);
#7751=VECTOR('',#7754,1.0);
#7752=VECTOR('',#7755,1.0);
#7753=VECTOR('',#7756,1.0);
#7754=DIRECTION('',(-0.5316043772264918,0.846992789882909,0));
#7755=DIRECTION('',(-0.38266257742337706,0.9238881706352224,0));
#7756=DIRECTION('',(0.5226561415026979,-0.8525435811438098,0));
#7757=FACE_SURFACE('',(#7762),#7758,.T.);
#7758=PLANE('',#7759);
#7759=AXIS2_PLACEMENT_3D('',#56,#7760,#7761);
#7760=DIRECTION('',(0,0,-1));
#7761=DIRECTION('',(-0.7933475727186086,0.6087689453819833,0));
#7762=FACE_BOUND('',#7763,.T.);
#7763=EDGE_LOOP('',(#7764,#7765,#7766));
#7764=ORIENTED_EDGE('',*,*,#7767,.T.);
#7765=ORIENTED_EDGE('',*,*,#7768,.T.);
#7766=ORIENTED_EDGE('',*,*,#7769,.T.);
#7767=EDGE_CURVE('',#57,#61,#7770,.F.);
#7768=EDGE_CURVE('',#61,#461,#7771,.T.);
#7769=EDGE_CURVE('',#461,#57,#7772,.T.);
#7770=LINE('',#56,#7773);
#7771=LINE('',#60,#7774);
#7772=LINE('',#460,#7775);
#7773=VECTOR('',#7776,1.0);
#7774=VECTOR('',#7777,1.0);
#7775=VECTOR('',#7778,1.0);
#7776=DIRECTION('',(-0.7933475727186086,0.6087689453819833,0));
#7777=DIRECTION('',(-0.35811288556264137,0.933678296413705,0));
#7778=DIRECTION('',(0.3642595257564426,-0.9312974808812121,0));
#7779=FACE_SURFACE('',(#7784),#7780,.T.);
#7780=PLANE('',#7781);
#7781=AXIS2_PLACEMENT_3D('',#68,#7782,#7783);
#7782=DIRECTION('',(-0,0,-1));
#7783=DIRECTION('',(-0.9914445562821227,-0.13052850960056514,0));
#7784=FACE_BOUND('',#7785,.T.);
#7785=EDGE_LOOP('',(#7786,#7787,#7788));
#7786=ORIENTED_EDGE('',*,*,#7789,.T.);
#7787=ORIENTED_EDGE('',*,*,#7790,.T.);
#7788=ORIENTED_EDGE('',*,*,#7791,.T.);
#7789=EDGE_CURVE('',#69,#73,#7792,.F.);
#7790=EDGE_CURVE('',#73,#457,#7793,.T.);
#7791=EDGE_CURVE('',#457,#69,#7794,.T.);
#7792=LINE('',#68,#7795);
#7793=LINE('',#72,#7796);
#7794=LINE('',#456,#7797);
#7795=VECTOR('',#7798,1.0);
#7796=VECTOR('',#7799,1.0);
#7797=VECTOR('',#7800,1.0);
#7798=DIRECTION('',(-0.9914445562821227,-0.13052850960056514,0));
#7799=DIRECTION('',(-0.6649862731650358,0.7468555794141707,0));
#7800=DIRECTION('',(0.6809030674026653,-0.7323735473115077,0));
#7801=FACE_SURFACE('',(#7806),#7802,.T.);
#7802=PLANE('',#7803);
#7803=AXIS2_PLACEMENT_3D('',#456,#7804,#7805);
#7804=DIRECTION('',(0,0,-1));
#7805=DIRECTION('',(0.6649862731650358,-0.7468555794141707,0));
#7806=FACE_BOUND('',#7807,.T.);
#7807=EDGE_LOOP('',(#7808,#7809,#7810));
#7808=ORIENTED_EDGE('',*,*,#7811,.T.);
#7809=ORIENTED_EDGE('',*,*,#7812,.T.);
#7810=ORIENTED_EDGE('',*,*,#7813,.T.);
#7811=EDGE_CURVE('',#457,#73,#7814,.F.);
#7812=EDGE_CURVE('',#73,#77,#7815,.T.);
#7813=EDGE_CURVE('',#77,#457,#7816,.T.);
#7814=LINE('',#456,#7817);
#7815=LINE('',#72,#7818);
#7816=LINE('',#76,#7819);
#7817=VECTOR('',#7820,1.0);
#7818=VECTOR('',#7821,1.0);
#7819=VECTOR('',#7822,1.0);
#7820=DIRECTION('',(0.6649862731650358,-0.7468555794141707,0));
#7821=DIRECTION('',(-0.9238803429332881,-0.38268147582744294,0));
#7822=DIRECTION('',(-0.6459944157919375,0.7633421348030208,0));
#7823=FACE_SURFACE('',(#7828),#7824,.T.);
#7824=PLANE('',#7825);
#7825=AXIS2_PLACEMENT_3D('',#456,#7826,#7827);
#7826=DIRECTION('',(0,0,-1));
#7827=DIRECTION('',(0.6459944157919375,-0.7633421348030208,0));
#7828=FACE_BOUND('',#7829,.T.);
#7829=EDGE_LOOP('',(#7830,#7831,#7832));
#7830=ORIENTED_EDGE('',*,*,#7833,.T.);
#7831=ORIENTED_EDGE('',*,*,#7834,.T.);
#7832=ORIENTED_EDGE('',*,*,#7835,.T.);
#7833=EDGE_CURVE('',#457,#77,#7836,.F.);
#7834=EDGE_CURVE('',#77,#81,#7837,.T.);
#7835=EDGE_CURVE('',#81,#457,#7838,.T.);
#7836=LINE('',#456,#7839);
#7837=LINE('',#76,#7840);
#7838=LINE('',#80,#7841);
#7839=VECTOR('',#7842,1.0);
#7840=VECTOR('',#7843,1.0);
#7841=VECTOR('',#7844,1.0);
#7842=DIRECTION('',(0.6459944157919375,-0.7633421348030208,0));
#7843=DIRECTION('',(-0.7933475727186086,-0.6087689453819833,0));
#7844=DIRECTION('',(-0.6254457614462869,0.7802676460605517,0));
#7845=FACE_SURFACE('',(#7850),#7846,.T.);
#7846=PLANE('',#7847);
#7847=AXIS2_PLACEMENT_3D('',#80,#7848,#7849);
#7848=DIRECTION('',(-0,0,-1));
#7849=DIRECTION('',(-0.6087708906529714,-0.7933460800266099,0));
#7850=FACE_BOUND('',#7851,.T.);
#7851=EDGE_LOOP('',(#7852,#7853,#7854));
#7852=ORIENTED_EDGE('',*,*,#7855,.T.);
#7853=ORIENTED_EDGE('',*,*,#7856,.T.);
#7854=ORIENTED_EDGE('',*,*,#7857,.T.);
#7855=EDGE_CURVE('',#81,#85,#7858,.F.);
#7856=EDGE_CURVE('',#85,#457,#7859,.T.);
#7857=EDGE_CURVE('',#457,#81,#7860,.T.);
#7858=LINE('',#80,#7861);
#7859=LINE('',#84,#7862);
#7860=LINE('',#456,#7863);
#7861=VECTOR('',#7864,1.0);
#7862=VECTOR('',#7865,1.0);
#7863=VECTOR('',#7866,1.0);
#7864=DIRECTION('',(-0.6087708906529714,-0.7933460800266099,0));
#7865=DIRECTION('',(-0.6051775199737264,0.7960905534664068,0));
#7866=DIRECTION('',(0.6254457614462869,-0.7802676460605517,0));
#7867=FACE_SURFACE('',(#7872),#7868,.T.);
#7868=PLANE('',#7869);
#7869=AXIS2_PLACEMENT_3D('',#456,#7870,#7871);
#7870=DIRECTION('',(0,0,-1));
#7871=DIRECTION('',(0.6051775199737264,-0.7960905534664068,0));
#7872=FACE_BOUND('',#7873,.T.);
#7873=EDGE_LOOP('',(#7874,#7875,#7876));
#7874=ORIENTED_EDGE('',*,*,#7877,.T.);
#7875=ORIENTED_EDGE('',*,*,#7878,.T.);
#7876=ORIENTED_EDGE('',*,*,#7879,.T.);
#7877=EDGE_CURVE('',#457,#85,#7880,.F.);
#7878=EDGE_CURVE('',#85,#89,#7881,.T.);
#7879=EDGE_CURVE('',#89,#457,#7882,.T.);
#7880=LINE('',#456,#7883);
#7881=LINE('',#84,#7884);
#7882=LINE('',#88,#7885);
#7883=VECTOR('',#7886,1.0);
#7884=VECTOR('',#7887,1.0);
#7885=VECTOR('',#7888,1.0);
#7886=DIRECTION('',(0.6051775199737264,-0.7960905534664068,0));
#7887=DIRECTION('',(-0.38266257742337706,-0.9238881706352224,0));
#7888=DIRECTION('',(-0.5870642444909875,0.809540346641368,0));
#7889=FACE_SURFACE('',(#7894),#7890,.T.);
#7890=PLANE('',#7891);
#7891=AXIS2_PLACEMENT_3D('',#92,#7892,#7893);
#7892=DIRECTION('',(-0,-0,-1));
#7893=DIRECTION('',(0.13054042146377973,-0.9914429879544556,0));
#7894=FACE_BOUND('',#7895,.T.);
#7895=EDGE_LOOP('',(#7896,#7897,#7898));
#7896=ORIENTED_EDGE('',*,*,#7899,.T.);
#7897=ORIENTED_EDGE('',*,*,#7900,.T.);
#7898=ORIENTED_EDGE('',*,*,#7901,.T.);
#7899=EDGE_CURVE('',#93,#97,#7902,.F.);
#7900=EDGE_CURVE('',#97,#449,#7903,.T.);
#7901=EDGE_CURVE('',#449,#93,#7904,.T.);
#7902=LINE('',#92,#7905);
#7903=LINE('',#96,#7906);
#7904=LINE('',#448,#7907);
#7905=VECTOR('',#7908,1.0);
#7906=VECTOR('',#7909,1.0);
#7907=VECTOR('',#7910,1.0);
#7908=DIRECTION('',(0.13054042146377973,-0.9914429879544556,0));
#7909=DIRECTION('',(-0.8966792402670527,0.4426808557799864,0));
#7910=DIRECTION('',(0.9016143352885074,-0.43254085402683384,0));
#7911=FACE_SURFACE('',(#7916),#7912,.T.);
#7912=PLANE('',#7913);
#7913=AXIS2_PLACEMENT_3D('',#448,#7914,#7915);
#7914=DIRECTION('',(0,0,-1));
#7915=DIRECTION('',(0.8966792402670527,-0.4426808557799864,0));
#7916=FACE_BOUND('',#7917,.T.);
#7917=EDGE_LOOP('',(#7918,#7919,#7920));
#7918=ORIENTED_EDGE('',*,*,#7921,.T.);
#7919=ORIENTED_EDGE('',*,*,#7922,.T.);
#7920=ORIENTED_EDGE('',*,*,#7923,.T.);
#7921=EDGE_CURVE('',#449,#97,#7924,.F.);
#7922=EDGE_CURVE('',#97,#101,#7925,.T.);
#7923=EDGE_CURVE('',#101,#449,#7926,.T.);
#7924=LINE('',#448,#7927);
#7925=LINE('',#96,#7928);
#7926=LINE('',#100,#7929);
#7927=VECTOR('',#7930,1.0);
#7928=VECTOR('',#7931,1.0);
#7929=VECTOR('',#7932,1.0);
#7930=DIRECTION('',(0.8966792402670527,-0.4426808557799864,0));
#7931=DIRECTION('',(0.38266257742337706,-0.9238881706352224,0));
#7932=DIRECTION('',(-0.8927555867438063,0.4505412992587049,0));
#7933=FACE_SURFACE('',(#7938),#7934,.T.);
#7934=PLANE('',#7935);
#7935=AXIS2_PLACEMENT_3D('',#448,#7936,#7937);
#7936=DIRECTION('',(0,0,-1));
#7937=DIRECTION('',(0.8927555867438063,-0.4505412992587049,0));
#7938=FACE_BOUND('',#7939,.T.);
#7939=EDGE_LOOP('',(#7940,#7941,#7942));
#7940=ORIENTED_EDGE('',*,*,#7943,.T.);
#7941=ORIENTED_EDGE('',*,*,#7944,.T.);
#7942=ORIENTED_EDGE('',*,*,#7945,.T.);
#7943=EDGE_CURVE('',#449,#101,#7946,.F.);
#7944=EDGE_CURVE('',#101,#105,#7947,.T.);
#7945=EDGE_CURVE('',#105,#449,#7948,.T.);
#7946=LINE('',#448,#7949);
#7947=LINE('',#100,#7950);
#7948=LINE('',#104,#7951);
#7949=VECTOR('',#7952,1.0);
#7950=VECTOR('',#7953,1.0);
#7951=VECTOR('',#7954,1.0);
#7952=DIRECTION('',(0.8927555867438063,-0.4505412992587049,0));
#7953=DIRECTION('',(0.6087708906529714,-0.7933460800266099,0));
#7954=DIRECTION('',(-0.8901654332433208,0.4556374671366822,0));
#7955=FACE_SURFACE('',(#7960),#7956,.T.);
#7956=PLANE('',#7957);
#7957=AXIS2_PLACEMENT_3D('',#116,#7958,#7959);
#7958=DIRECTION('',(0,0,-1));
#7959=DIRECTION('',(0.9914451598136526,0.13052392532436685,0));
#7960=FACE_BOUND('',#7961,.T.);
#7961=EDGE_LOOP('',(#7962,#7963,#7964));
#7962=ORIENTED_EDGE('',*,*,#7965,.T.);
#7963=ORIENTED_EDGE('',*,*,#7966,.T.);
#7964=ORIENTED_EDGE('',*,*,#7967,.T.);
#7965=EDGE_CURVE('',#117,#121,#7968,.F.);
#7966=EDGE_CURVE('',#121,#483,#7969,.T.);
#7967=EDGE_CURVE('',#483,#117,#7970,.T.);
#7968=LINE('',#116,#7971);
#7969=LINE('',#120,#7972);
#7970=LINE('',#482,#7973);
#7971=VECTOR('',#7974,1.0);
#7972=VECTOR('',#7975,1.0);
#7973=VECTOR('',#7976,1.0);
#7974=DIRECTION('',(0.9914451598136526,0.13052392532436685,0));
#7975=DIRECTION('',(0.8019723042989949,-0.5973612166330855,0));
#7976=DIRECTION('',(-0.8307700952086543,0.5566157102588856,0));
#7977=FACE_SURFACE('',(#7982),#7978,.T.);
#7978=PLANE('',#7979);
#7979=AXIS2_PLACEMENT_3D('',#482,#7980,#7981);
#7980=DIRECTION('',(0,0,-1));
#7981=DIRECTION('',(-0.8019723042989949,0.5973612166330855,0));
#7982=FACE_BOUND('',#7983,.T.);
#7983=EDGE_LOOP('',(#7984,#7985,#7986));
#7984=ORIENTED_EDGE('',*,*,#7987,.T.);
#7985=ORIENTED_EDGE('',*,*,#7988,.T.);
#7986=ORIENTED_EDGE('',*,*,#7989,.T.);
#7987=EDGE_CURVE('',#483,#121,#7990,.F.);
#7988=EDGE_CURVE('',#121,#125,#7991,.T.);
#7989=EDGE_CURVE('',#125,#483,#7992,.T.);
#7990=LINE('',#482,#7993);
#7991=LINE('',#120,#7994);
#7992=LINE('',#124,#7995);
#7993=VECTOR('',#7996,1.0);
#7994=VECTOR('',#7997,1.0);
#7995=VECTOR('',#7998,1.0);
#7996=DIRECTION('',(-0.8019723042989949,0.5973612166330855,0));
#7997=DIRECTION('',(0.9238803429332881,0.38268147582744294,0));
#7998=DIRECTION('',(0.759931152282771,-0.6500035721364767,0));
#7999=FACE_SURFACE('',(#8004),#8000,.T.);
#8000=PLANE('',#8001);
#8001=AXIS2_PLACEMENT_3D('',#482,#8002,#8003);
#8002=DIRECTION('',(0,0,-1));
#8003=DIRECTION('',(-0.759931152282771,0.6500035721364767,0));
#8004=FACE_BOUND('',#8005,.T.);
#8005=EDGE_LOOP('',(#8006,#8007,#8008));
#8006=ORIENTED_EDGE('',*,*,#8009,.T.);
#8007=ORIENTED_EDGE('',*,*,#8010,.T.);
#8008=ORIENTED_EDGE('',*,*,#8011,.T.);
#8009=EDGE_CURVE('',#483,#125,#8012,.F.);
#8010=EDGE_CURVE('',#125,#129,#8013,.T.);
#8011=EDGE_CURVE('',#129,#483,#8014,.T.);
#8012=LINE('',#482,#8015);
#8013=LINE('',#124,#8016);
#8014=LINE('',#128,#8017);
#8015=VECTOR('',#8018,1.0);
#8016=VECTOR('',#8019,1.0);
#8017=VECTOR('',#8020,1.0);
#8018=DIRECTION('',(-0.759931152282771,0.6500035721364767,0));
#8019=DIRECTION('',(0.7933475727186086,0.6087689453819833,0));
#8020=DIRECTION('',(0.7071062534257989,-0.7071073089469023,0));
#8021=FACE_SURFACE('',(#8026),#8022,.T.);
#8022=PLANE('',#8023);
#8023=AXIS2_PLACEMENT_3D('',#128,#8024,#8025);
#8024=DIRECTION('',(0,0,-1));
#8025=DIRECTION('',(0.6087708906529714,0.7933460800266099,0));
#8026=FACE_BOUND('',#8027,.T.);
#8027=EDGE_LOOP('',(#8028,#8029,#8030));
#8028=ORIENTED_EDGE('',*,*,#8031,.T.);
#8029=ORIENTED_EDGE('',*,*,#8032,.T.);
#8030=ORIENTED_EDGE('',*,*,#8033,.T.);
#8031=EDGE_CURVE('',#129,#133,#8034,.F.);
#8032=EDGE_CURVE('',#133,#483,#8035,.T.);
#8033=EDGE_CURVE('',#483,#129,#8036,.T.);
#8034=LINE('',#128,#8037);
#8035=LINE('',#132,#8038);
#8036=LINE('',#482,#8039);
#8037=VECTOR('',#8040,1.0);
#8038=VECTOR('',#8041,1.0);
#8039=VECTOR('',#8042,1.0);
#8040=DIRECTION('',(0.6087708906529714,0.7933460800266099,0));
#8041=DIRECTION('',(0.6500013402398709,-0.7599330613194637,0));
#8042=DIRECTION('',(-0.7071062534257989,0.7071073089469023,0));
#8043=FACE_SURFACE('',(#8048),#8044,.T.);
#8044=PLANE('',#8045);
#8045=AXIS2_PLACEMENT_3D('',#482,#8046,#8047);
#8046=DIRECTION('',(0,0,-1));
#8047=DIRECTION('',(-0.6500013402398709,0.7599330613194637,0));
#8048=FACE_BOUND('',#8049,.T.);
#8049=EDGE_LOOP('',(#8050,#8051,#8052));
#8050=ORIENTED_EDGE('',*,*,#8053,.T.);
#8051=ORIENTED_EDGE('',*,*,#8054,.T.);
#8052=ORIENTED_EDGE('',*,*,#8055,.T.);
#8053=EDGE_CURVE('',#483,#133,#8056,.F.);
#8054=EDGE_CURVE('',#133,#41,#8057,.T.);
#8055=EDGE_CURVE('',#41,#483,#8058,.T.);
#8056=LINE('',#482,#8059);
#8057=LINE('',#132,#8060);
#8058=LINE('',#40,#8061);
#8059=VECTOR('',#8062,1.0);
#8060=VECTOR('',#8063,1.0);
#8061=VECTOR('',#8064,1.0);
#8062=DIRECTION('',(-0.6500013402398709,0.7599330613194637,0));
#8063=DIRECTION('',(0.38266257742337706,0.9238881706352224,0));
#8064=DIRECTION('',(0.5973600400145671,-0.8019731807197763,0));
#8065=FACE_SURFACE('',(#8070),#8066,.T.);
#8066=PLANE('',#8067);
#8067=AXIS2_PLACEMENT_3D('',#484,#8068,#8069);
#8068=DIRECTION('',(-1,0,0));
#8069=DIRECTION('',(0,-1,0));
#8070=FACE_BOUND('',#8071,.T.);
#8071=EDGE_LOOP('',(#8072,#8073,#8074));
#8072=ORIENTED_EDGE('',*,*,#8075,.T.);
#8073=ORIENTED_EDGE('',*,*,#8076,.T.);
#8074=ORIENTED_EDGE('',*,*,#8077,.T.);
#8075=EDGE_CURVE('',#485,#481,#8078,.F.);
#8076=EDGE_CURVE('',#481,#489,#8079,.T.);
#8077=EDGE_CURVE('',#489,#485,#8080,.T.);
#8078=LINE('',#484,#8081);
#8079=LINE('',#480,#8082);
#8080=LINE('',#488,#8083);
#8081=VECTOR('',#8084,1.0);
#8082=VECTOR('',#8085,1.0);
#8083=VECTOR('',#8086,1.0);
#8084=DIRECTION('',(0,-1,0));
#8085=DIRECTION('',(0,0.9991680530244353,0.040782371379789975));
#8086=DIRECTION('',(0,0,-1));
#8087=FACE_SURFACE('',(#8092),#8088,.T.);
#8088=PLANE('',#8089);
#8089=AXIS2_PLACEMENT_3D('',#488,#8090,#8091);
#8090=DIRECTION('',(-1,-0,0));
#8091=DIRECTION('',(0,-0.9991680530244353,-0.040782371379789975));
#8092=FACE_BOUND('',#8093,.T.);
#8093=EDGE_LOOP('',(#8094,#8095,#8096));
#8094=ORIENTED_EDGE('',*,*,#8097,.T.);
#8095=ORIENTED_EDGE('',*,*,#8098,.T.);
#8096=ORIENTED_EDGE('',*,*,#8099,.T.);
#8097=EDGE_CURVE('',#489,#481,#8100,.F.);
#8098=EDGE_CURVE('',#481,#491,#8101,.T.);
#8099=EDGE_CURVE('',#491,#489,#8102,.T.);
#8100=LINE('',#488,#8103);
#8101=LINE('',#480,#8104);
#8102=LINE('',#490,#8105);
#8103=VECTOR('',#8106,1.0);
#8104=VECTOR('',#8107,1.0);
#8105=VECTOR('',#8108,1.0);
#8106=DIRECTION('',(0,-0.9991680530244353,-0.040782371379789975));
#8107=DIRECTION('',(0,0,1));
#8108=DIRECTION('',(0,1,0));
#8109=FACE_SURFACE('',(#8114),#8110,.T.);
#8110=PLANE('',#8111);
#8111=AXIS2_PLACEMENT_3D('',#486,#8112,#8113);
#8112=DIRECTION('',(0,1,-0));
#8113=DIRECTION('',(-1,0,0));
#8114=FACE_BOUND('',#8115,.T.);
#8115=EDGE_LOOP('',(#8116,#8117,#8118));
#8116=ORIENTED_EDGE('',*,*,#8119,.T.);
#8117=ORIENTED_EDGE('',*,*,#8120,.T.);
#8118=ORIENTED_EDGE('',*,*,#8121,.T.);
#8119=EDGE_CURVE('',#487,#485,#8122,.F.);
#8120=EDGE_CURVE('',#485,#493,#8123,.T.);
#8121=EDGE_CURVE('',#493,#487,#8124,.T.);
#8122=LINE('',#486,#8125);
#8123=LINE('',#484,#8126);
#8124=LINE('',#492,#8127);
#8125=VECTOR('',#8128,1.0);
#8126=VECTOR('',#8129,1.0);
#8127=VECTOR('',#8130,1.0);
#8128=DIRECTION('',(-1,0,0));
#8129=DIRECTION('',(0.9995951747644621,0,0.028451477775407408));
#8130=DIRECTION('',(0,0,-1));
#8131=FACE_SURFACE('',(#8136),#8132,.T.);
#8132=PLANE('',#8133);
#8133=AXIS2_PLACEMENT_3D('',#492,#8134,#8135);
#8134=DIRECTION('',(0,1,0));
#8135=DIRECTION('',(-0.9995951747644621,0,-0.028451477775407408));
#8136=FACE_BOUND('',#8137,.T.);
#8137=EDGE_LOOP('',(#8138,#8139,#8140));
#8138=ORIENTED_EDGE('',*,*,#8141,.T.);
#8139=ORIENTED_EDGE('',*,*,#8142,.T.);
#8140=ORIENTED_EDGE('',*,*,#8143,.T.);
#8141=EDGE_CURVE('',#493,#485,#8144,.F.);
#8142=EDGE_CURVE('',#485,#489,#8145,.T.);
#8143=EDGE_CURVE('',#489,#493,#8146,.T.);
#8144=LINE('',#492,#8147);
#8145=LINE('',#484,#8148);
#8146=LINE('',#488,#8149);
#8147=VECTOR('',#8150,1.0);
#8148=VECTOR('',#8151,1.0);
#8149=VECTOR('',#8152,1.0);
#8150=DIRECTION('',(-0.9995951747644621,0,-0.028451477775407408));
#8151=DIRECTION('',(0,0,1));
#8152=DIRECTION('',(1,0,0));
#8153=FACE_SURFACE('',(#8158),#8154,.T.);
#8154=PLANE('',#8155);
#8155=AXIS2_PLACEMENT_3D('',#482,#8156,#8157);
#8156=DIRECTION('',(1,0,0));
#8157=DIRECTION('',(0,1,0));
#8158=FACE_BOUND('',#8159,.T.);
#8159=EDGE_LOOP('',(#8160,#8161,#8162));
#8160=ORIENTED_EDGE('',*,*,#8163,.T.);
#8161=ORIENTED_EDGE('',*,*,#8164,.T.);
#8162=ORIENTED_EDGE('',*,*,#8165,.T.);
#8163=EDGE_CURVE('',#483,#487,#8166,.F.);
#8164=EDGE_CURVE('',#487,#495,#8167,.T.);
#8165=EDGE_CURVE('',#495,#483,#8168,.T.);
#8166=LINE('',#482,#8169);
#8167=LINE('',#486,#8170);
#8168=LINE('',#494,#8171);
#8169=VECTOR('',#8172,1.0);
#8170=VECTOR('',#8173,1.0);
#8171=VECTOR('',#8174,1.0);
#8172=DIRECTION('',(0,1,0));
#8173=DIRECTION('',(0,-0.9991680530244353,0.040782371379789975));
#8174=DIRECTION('',(0,0,-1));
#8175=FACE_SURFACE('',(#8180),#8176,.T.);
#8176=PLANE('',#8177);
#8177=AXIS2_PLACEMENT_3D('',#494,#8178,#8179);
#8178=DIRECTION('',(1,-0,0));
#8179=DIRECTION('',(0,0.9991680530244353,-0.040782371379789975));
#8180=FACE_BOUND('',#8181,.T.);
#8181=EDGE_LOOP('',(#8182,#8183,#8184));
#8182=ORIENTED_EDGE('',*,*,#8185,.T.);
#8183=ORIENTED_EDGE('',*,*,#8186,.T.);
#8184=ORIENTED_EDGE('',*,*,#8187,.T.);
#8185=EDGE_CURVE('',#495,#487,#8188,.F.);
#8186=EDGE_CURVE('',#487,#493,#8189,.T.);
#8187=EDGE_CURVE('',#493,#495,#8190,.T.);
#8188=LINE('',#494,#8191);
#8189=LINE('',#486,#8192);
#8190=LINE('',#492,#8193);
#8191=VECTOR('',#8194,1.0);
#8192=VECTOR('',#8195,1.0);
#8193=VECTOR('',#8196,1.0);
#8194=DIRECTION('',(0,0.9991680530244353,-0.040782371379789975));
#8195=DIRECTION('',(0,0,1));
#8196=DIRECTION('',(0,-1,0));
#8197=FACE_SURFACE('',(#8202),#8198,.T.);
#8198=PLANE('',#8199);
#8199=AXIS2_PLACEMENT_3D('',#480,#8200,#8201);
#8200=DIRECTION('',(0,-1,0));
#8201=DIRECTION('',(1,0,0));
#8202=FACE_BOUND('',#8203,.T.);
#8203=EDGE_LOOP('',(#8204,#8205,#8206));
#8204=ORIENTED_EDGE('',*,*,#8207,.T.);
#8205=ORIENTED_EDGE('',*,*,#8208,.T.);
#8206=ORIENTED_EDGE('',*,*,#8209,.T.);
#8207=EDGE_CURVE('',#481,#483,#8210,.F.);
#8208=EDGE_CURVE('',#483,#491,#8211,.T.);
#8209=EDGE_CURVE('',#491,#481,#8212,.T.);
#8210=LINE('',#480,#8213);
#8211=LINE('',#482,#8214);
#8212=LINE('',#490,#8215);
#8213=VECTOR('',#8216,1.0);
#8214=VECTOR('',#8217,1.0);
#8215=VECTOR('',#8218,1.0);
#8216=DIRECTION('',(1,0,0));
#8217=DIRECTION('',(-0.9995951747644621,0,0.028451477775407408));
#8218=DIRECTION('',(0,0,-1));
#8219=FACE_SURFACE('',(#8224),#8220,.T.);
#8220=PLANE('',#8221);
#8221=AXIS2_PLACEMENT_3D('',#490,#8222,#8223);
#8222=DIRECTION('',(0,-1,0));
#8223=DIRECTION('',(0.9995951747644621,0,-0.028451477775407408));
#8224=FACE_BOUND('',#8225,.T.);
#8225=EDGE_LOOP('',(#8226,#8227,#8228));
#8226=ORIENTED_EDGE('',*,*,#8229,.T.);
#8227=ORIENTED_EDGE('',*,*,#8230,.T.);
#8228=ORIENTED_EDGE('',*,*,#8231,.T.);
#8229=EDGE_CURVE('',#491,#483,#8232,.F.);
#8230=EDGE_CURVE('',#483,#495,#8233,.T.);
#8231=EDGE_CURVE('',#495,#491,#8234,.T.);
#8232=LINE('',#490,#8235);
#8233=LINE('',#482,#8236);
#8234=LINE('',#494,#8237);
#8235=VECTOR('',#8238,1.0);
#8236=VECTOR('',#8239,1.0);
#8237=VECTOR('',#8240,1.0);
#8238=DIRECTION('',(0.9995951747644621,0,-0.028451477775407408));
#8239=DIRECTION('',(0,0,1));
#8240=DIRECTION('',(-1,0,0));
#8241=FACE_SURFACE('',(#8246),#8242,.T.);
#8242=PLANE('',#8243);
#8243=AXIS2_PLACEMENT_3D('',#494,#8244,#8245);
#8244=DIRECTION('',(0,0,1));
#8245=DIRECTION('',(-0.9993575428539134,0.03583994337312342,0));
#8246=FACE_BOUND('',#8247,.T.);
#8247=EDGE_LOOP('',(#8248,#8249,#8250));
#8248=ORIENTED_EDGE('',*,*,#8251,.T.);
#8249=ORIENTED_EDGE('',*,*,#8252,.T.);
#8250=ORIENTED_EDGE('',*,*,#8253,.T.);
#8251=EDGE_CURVE('',#495,#415,#8254,.F.);
#8252=EDGE_CURVE('',#415,#491,#8255,.T.);
#8253=EDGE_CURVE('',#491,#495,#8256,.T.);
#8254=LINE('',#494,#8257);
#8255=LINE('',#414,#8258);
#8256=LINE('',#490,#8259);
#8257=VECTOR('',#8260,1.0);
#8258=VECTOR('',#8261,1.0);
#8259=VECTOR('',#8262,1.0);
#8260=DIRECTION('',(-0.9993575428539134,0.03583994337312342,0));
#8261=DIRECTION('',(-0.8525429110648486,-0.5226572345171103,0));
#8262=DIRECTION('',(1,0,0));
#8263=FACE_SURFACE('',(#8268),#8264,.T.);
#8264=PLANE('',#8265);
#8265=AXIS2_PLACEMENT_3D('',#490,#8266,#8267);
#8266=DIRECTION('',(0,0,1));
#8267=DIRECTION('',(0.8525429110648486,0.5226572345171103,0));
#8268=FACE_BOUND('',#8269,.T.);
#8269=EDGE_LOOP('',(#8270,#8271,#8272));
#8270=ORIENTED_EDGE('',*,*,#8273,.T.);
#8271=ORIENTED_EDGE('',*,*,#8274,.T.);
#8272=ORIENTED_EDGE('',*,*,#8275,.T.);
#8273=EDGE_CURVE('',#491,#415,#8276,.F.);
#8274=EDGE_CURVE('',#415,#411,#8277,.T.);
#8275=EDGE_CURVE('',#411,#491,#8278,.T.);
#8276=LINE('',#490,#8279);
#8277=LINE('',#414,#8280);
#8278=LINE('',#410,#8281);
#8279=VECTOR('',#8282,1.0);
#8280=VECTOR('',#8283,1.0);
#8281=VECTOR('',#8284,1.0);
#8282=DIRECTION('',(0.8525429110648486,0.5226572345171103,0));
#8283=DIRECTION('',(-0.9238803429332881,-0.38268147582744294,0));
#8284=DIRECTION('',(-0.8469927399737632,-0.5316044567455555,0));
#8285=FACE_SURFACE('',(#8290),#8286,.T.);
#8286=PLANE('',#8287);
#8287=AXIS2_PLACEMENT_3D('',#490,#8288,#8289);
#8288=DIRECTION('',(0,0,1));
#8289=DIRECTION('',(0.8469927399737632,0.5316044567455555,0));
#8290=FACE_BOUND('',#8291,.T.);
#8291=EDGE_LOOP('',(#8292,#8293,#8294));
#8292=ORIENTED_EDGE('',*,*,#8295,.T.);
#8293=ORIENTED_EDGE('',*,*,#8296,.T.);
#8294=ORIENTED_EDGE('',*,*,#8297,.T.);
#8295=EDGE_CURVE('',#491,#411,#8298,.F.);
#8296=EDGE_CURVE('',#411,#407,#8299,.T.);
#8297=EDGE_CURVE('',#407,#491,#8300,.T.);
#8298=LINE('',#490,#8301);
#8299=LINE('',#410,#8302);
#8300=LINE('',#406,#8303);
#8301=VECTOR('',#8304,1.0);
#8302=VECTOR('',#8305,1.0);
#8303=VECTOR('',#8306,1.0);
#8304=DIRECTION('',(0.8469927399737632,0.5316044567455555,0));
#8305=DIRECTION('',(-0.9914447071709669,-0.13052736350158817,0));
#8306=DIRECTION('',(-0.8307700952086543,-0.5566157102588856,0));
#8307=FACE_SURFACE('',(#8312),#8308,.T.);
#8308=PLANE('',#8309);
#8309=AXIS2_PLACEMENT_3D('',#492,#8310,#8311);
#8310=DIRECTION('',(0,0,1));
#8311=DIRECTION('',(-0.5226562658921508,-0.852543504886216,0));
#8312=FACE_BOUND('',#8313,.T.);
#8313=EDGE_LOOP('',(#8314,#8315,#8316));
#8314=ORIENTED_EDGE('',*,*,#8317,.T.);
#8315=ORIENTED_EDGE('',*,*,#8318,.T.);
#8316=ORIENTED_EDGE('',*,*,#8319,.T.);
#8317=EDGE_CURVE('',#493,#231,#8320,.F.);
#8318=EDGE_CURVE('',#231,#495,#8321,.T.);
#8319=EDGE_CURVE('',#495,#493,#8322,.T.);
#8320=LINE('',#492,#8323);
#8321=LINE('',#230,#8324);
#8322=LINE('',#494,#8325);
#8323=VECTOR('',#8326,1.0);
#8324=VECTOR('',#8327,1.0);
#8325=VECTOR('',#8328,1.0);
#8326=DIRECTION('',(-0.5226562658921508,-0.852543504886216,0));
#8327=DIRECTION('',(0.05269425316566962,-0.9986106927543447,0));
#8328=DIRECTION('',(0,1,0));
#8329=FACE_SURFACE('',(#8334),#8330,.T.);
#8330=PLANE('',#8331);
#8331=AXIS2_PLACEMENT_3D('',#494,#8332,#8333);
#8332=DIRECTION('',(0,0,1));
#8333=DIRECTION('',(-0.05269425316566962,0.9986106927543447,0));
#8334=FACE_BOUND('',#8335,.T.);
#8335=EDGE_LOOP('',(#8336,#8337,#8338));
#8336=ORIENTED_EDGE('',*,*,#8339,.T.);
#8337=ORIENTED_EDGE('',*,*,#8340,.T.);
#8338=ORIENTED_EDGE('',*,*,#8341,.T.);
#8339=EDGE_CURVE('',#495,#231,#8342,.F.);
#8340=EDGE_CURVE('',#231,#55,#8343,.T.);
#8341=EDGE_CURVE('',#55,#495,#8344,.T.);
#8342=LINE('',#494,#8345);
#8343=LINE('',#230,#8346);
#8344=LINE('',#54,#8347);
#8345=VECTOR('',#8348,1.0);
#8346=VECTOR('',#8349,1.0);
#8347=VECTOR('',#8350,1.0);
#8348=DIRECTION('',(-0.05269425316566962,0.9986106927543447,0));
#8349=DIRECTION('',(0,-1,0));
#8350=DIRECTION('',(0.5226561415026979,-0.8525435811438098,0));
#8351=FACE_SURFACE('',(#8356),#8352,.T.);
#8352=PLANE('',#8353);
#8353=AXIS2_PLACEMENT_3D('',#494,#8354,#8355);
#8354=DIRECTION('',(0,0,1));
#8355=DIRECTION('',(-0.5226561415026979,0.8525435811438098,0));
#8356=FACE_BOUND('',#8357,.T.);
#8357=EDGE_LOOP('',(#8358,#8359,#8360));
#8358=ORIENTED_EDGE('',*,*,#8361,.T.);
#8359=ORIENTED_EDGE('',*,*,#8362,.T.);
#8360=ORIENTED_EDGE('',*,*,#8363,.T.);
#8361=EDGE_CURVE('',#495,#55,#8364,.F.);
#8362=EDGE_CURVE('',#55,#51,#8365,.T.);
#8363=EDGE_CURVE('',#51,#495,#8366,.T.);
#8364=LINE('',#494,#8367);
#8365=LINE('',#54,#8368);
#8366=LINE('',#50,#8369);
#8367=VECTOR('',#8370,1.0);
#8368=VECTOR('',#8371,1.0);
#8369=VECTOR('',#8372,1.0);
#8370=DIRECTION('',(-0.5226561415026979,0.8525435811438098,0));
#8371=DIRECTION('',(0.38266257742337706,-0.9238881706352224,0));
#8372=DIRECTION('',(0.5316043772264918,-0.846992789882909,0));
#8373=FACE_SURFACE('',(#8378),#8374,.T.);
#8374=PLANE('',#8375);
#8375=AXIS2_PLACEMENT_3D('',#488,#8376,#8377);
#8376=DIRECTION('',(-0,0,1));
#8377=DIRECTION('',(0.9993575415318331,-0.03583998023786694,0));
#8378=FACE_BOUND('',#8379,.T.);
#8379=EDGE_LOOP('',(#8380,#8381,#8382));
#8380=ORIENTED_EDGE('',*,*,#8383,.T.);
#8381=ORIENTED_EDGE('',*,*,#8384,.T.);
#8382=ORIENTED_EDGE('',*,*,#8385,.T.);
#8383=EDGE_CURVE('',#489,#175,#8386,.F.);
#8384=EDGE_CURVE('',#175,#493,#8387,.T.);
#8385=EDGE_CURVE('',#493,#489,#8388,.T.);
#8386=LINE('',#488,#8389);
#8387=LINE('',#174,#8390);
#8388=LINE('',#492,#8391);
#8389=VECTOR('',#8392,1.0);
#8390=VECTOR('',#8393,1.0);
#8391=VECTOR('',#8394,1.0);
#8392=DIRECTION('',(0.9993575415318331,-0.03583998023786694,0));
#8393=DIRECTION('',(0.8525425097700166,0.5226578890967218,0));
#8394=DIRECTION('',(-1,0,0));
#8395=FACE_SURFACE('',(#8400),#8396,.T.);
#8396=PLANE('',#8397);
#8397=AXIS2_PLACEMENT_3D('',#492,#8398,#8399);
#8398=DIRECTION('',(0,0,1));
#8399=DIRECTION('',(-0.8525425097700166,-0.5226578890967218,0));
#8400=FACE_BOUND('',#8401,.T.);
#8401=EDGE_LOOP('',(#8402,#8403,#8404));
#8402=ORIENTED_EDGE('',*,*,#8405,.T.);
#8403=ORIENTED_EDGE('',*,*,#8406,.T.);
#8404=ORIENTED_EDGE('',*,*,#8407,.T.);
#8405=EDGE_CURVE('',#493,#175,#8408,.F.);
#8406=EDGE_CURVE('',#175,#171,#8409,.T.);
#8407=EDGE_CURVE('',#171,#493,#8410,.T.);
#8408=LINE('',#492,#8411);
#8409=LINE('',#174,#8412);
#8410=LINE('',#170,#8413);
#8411=VECTOR('',#8414,1.0);
#8412=VECTOR('',#8415,1.0);
#8413=VECTOR('',#8416,1.0);
#8414=DIRECTION('',(-0.8525425097700166,-0.5226578890967218,0));
#8415=DIRECTION('',(0.9238756461902449,0.38269281463931043,0));
#8416=DIRECTION('',(0.8469927057582606,0.5316045112602983,0));
#8417=FACE_SURFACE('',(#8422),#8418,.T.);
#8418=PLANE('',#8419);
#8419=AXIS2_PLACEMENT_3D('',#492,#8420,#8421);
#8420=DIRECTION('',(0,0,1));
#8421=DIRECTION('',(-0.8469927057582606,-0.5316045112602983,0));
#8422=FACE_BOUND('',#8423,.T.);
#8423=EDGE_LOOP('',(#8424,#8425,#8426));
#8424=ORIENTED_EDGE('',*,*,#8427,.T.);
#8425=ORIENTED_EDGE('',*,*,#8428,.T.);
#8426=ORIENTED_EDGE('',*,*,#8429,.T.);
#8427=EDGE_CURVE('',#493,#171,#8430,.F.);
#8428=EDGE_CURVE('',#171,#167,#8431,.T.);
#8429=EDGE_CURVE('',#167,#493,#8432,.T.);
#8430=LINE('',#492,#8433);
#8431=LINE('',#170,#8434);
#8432=LINE('',#166,#8435);
#8433=VECTOR('',#8436,1.0);
#8434=VECTOR('',#8437,1.0);
#8435=VECTOR('',#8438,1.0);
#8436=DIRECTION('',(-0.8469927057582606,-0.5316045112602983,0));
#8437=DIRECTION('',(0.9914451293273757,0.1305241568945123,0));
#8438=DIRECTION('',(0.8307700952086543,0.5566157102588856,0));
#8439=FACE_SURFACE('',(#8444),#8440,.T.);
#8440=PLANE('',#8441);
#8441=AXIS2_PLACEMENT_3D('',#490,#8442,#8443);
#8442=DIRECTION('',(0,0,1));
#8443=DIRECTION('',(0.05269442156551609,0.9986106838682809,0));
#8444=FACE_BOUND('',#8445,.T.);
#8445=EDGE_LOOP('',(#8446,#8447,#8448));
#8446=ORIENTED_EDGE('',*,*,#8449,.T.);
#8447=ORIENTED_EDGE('',*,*,#8450,.T.);
#8448=ORIENTED_EDGE('',*,*,#8451,.T.);
#8449=EDGE_CURVE('',#491,#295,#8452,.F.);
#8450=EDGE_CURVE('',#295,#489,#8453,.T.);
#8451=EDGE_CURVE('',#489,#491,#8454,.T.);
#8452=LINE('',#490,#8455);
#8453=LINE('',#294,#8456);
#8454=LINE('',#488,#8457);
#8455=VECTOR('',#8458,1.0);
#8456=VECTOR('',#8459,1.0);
#8457=VECTOR('',#8460,1.0);
#8458=DIRECTION('',(0.05269442156551609,0.9986106838682809,0));
#8459=DIRECTION('',(-0.522657483296112,0.8525427585491384,0));
#8460=DIRECTION('',(0,-1,0));
#8461=FACE_SURFACE('',(#8466),#8462,.T.);
#8462=PLANE('',#8463);
#8463=AXIS2_PLACEMENT_3D('',#488,#8464,#8465);
#8464=DIRECTION('',(0,0,1));
#8465=DIRECTION('',(0.522657483296112,-0.8525427585491384,0));
#8466=FACE_BOUND('',#8467,.T.);
#8467=EDGE_LOOP('',(#8468,#8469,#8470));
#8468=ORIENTED_EDGE('',*,*,#8471,.T.);
#8469=ORIENTED_EDGE('',*,*,#8472,.T.);
#8470=ORIENTED_EDGE('',*,*,#8473,.T.);
#8471=EDGE_CURVE('',#489,#295,#8474,.F.);
#8472=EDGE_CURVE('',#295,#291,#8475,.T.);
#8473=EDGE_CURVE('',#291,#489,#8476,.T.);
#8474=LINE('',#488,#8477);
#8475=LINE('',#294,#8478);
#8476=LINE('',#290,#8479);
#8477=VECTOR('',#8480,1.0);
#8478=VECTOR('',#8481,1.0);
#8479=VECTOR('',#8482,1.0);
#8480=DIRECTION('',(0.522657483296112,-0.8525427585491384,0));
#8481=DIRECTION('',(-0.3826776961850583,0.9238819084939894,0));
#8482=DIRECTION('',(-0.5316049383658744,0.8469924376905704,0));
#8483=FACE_SURFACE('',(#8488),#8484,.T.);
#8484=PLANE('',#8485);
#8485=AXIS2_PLACEMENT_3D('',#488,#8486,#8487);
#8486=DIRECTION('',(0,0,1));
#8487=DIRECTION('',(0.5316049383658744,-0.8469924376905704,0));
#8488=FACE_BOUND('',#8489,.T.);
#8489=EDGE_LOOP('',(#8490,#8491,#8492));
#8490=ORIENTED_EDGE('',*,*,#8493,.T.);
#8491=ORIENTED_EDGE('',*,*,#8494,.T.);
#8492=ORIENTED_EDGE('',*,*,#8495,.T.);
#8493=EDGE_CURVE('',#489,#291,#8496,.F.);
#8494=EDGE_CURVE('',#291,#287,#8497,.T.);
#8495=EDGE_CURVE('',#287,#489,#8498,.T.);
#8496=LINE('',#488,#8499);
#8497=LINE('',#290,#8500);
#8498=LINE('',#286,#8501);
#8499=VECTOR('',#8502,1.0);
#8500=VECTOR('',#8503,1.0);
#8501=VECTOR('',#8504,1.0);
#8502=DIRECTION('',(0.5316049383658744,-0.8469924376905704,0));
#8503=DIRECTION('',(-0.13053286229907038,0.9914439832184226,0));
#8504=DIRECTION('',(-0.5566157102588856,0.8307700952086543,0));
#8505=FACE_SURFACE('',(#8510),#8506,.T.);
#8506=PLANE('',#8507);
#8507=AXIS2_PLACEMENT_3D('',#462,#8508,#8509);
#8508=DIRECTION('',(0,0,1));
#8509=DIRECTION('',(-0.9978664239883681,0.06528858917656558,0));
#8510=FACE_BOUND('',#8511,.T.);
#8511=EDGE_LOOP('',(#8512,#8513,#8514));
#8512=ORIENTED_EDGE('',*,*,#8515,.T.);
#8513=ORIENTED_EDGE('',*,*,#8516,.T.);
#8514=ORIENTED_EDGE('',*,*,#8517,.T.);
#8515=EDGE_CURVE('',#463,#435,#8518,.F.);
#8516=EDGE_CURVE('',#435,#467,#8519,.T.);
#8517=EDGE_CURVE('',#467,#463,#8520,.T.);
#8518=LINE('',#462,#8521);
#8519=LINE('',#434,#8522);
#8520=LINE('',#466,#8523);
#8521=VECTOR('',#8524,1.0);
#8522=VECTOR('',#8525,1.0);
#8523=VECTOR('',#8526,1.0);
#8524=DIRECTION('',(-0.9978664239883681,0.06528858917656558,0));
#8525=DIRECTION('',(-0.9989009582034577,-0.04687084061774657,0));
#8526=DIRECTION('',(1,0,0));
#8527=FACE_SURFACE('',(#8532),#8528,.T.);
#8528=PLANE('',#8529);
#8529=AXIS2_PLACEMENT_3D('',#466,#8530,#8531);
#8530=DIRECTION('',(0,0,1));
#8531=DIRECTION('',(0.9989009582034577,0.04687084061774657,0));
#8532=FACE_BOUND('',#8533,.T.);
#8533=EDGE_LOOP('',(#8534,#8535,#8536));
#8534=ORIENTED_EDGE('',*,*,#8537,.T.);
#8535=ORIENTED_EDGE('',*,*,#8538,.T.);
#8536=ORIENTED_EDGE('',*,*,#8539,.T.);
#8537=EDGE_CURVE('',#467,#435,#8540,.F.);
#8538=EDGE_CURVE('',#435,#429,#8541,.T.);
#8539=EDGE_CURVE('',#429,#467,#8542,.T.);
#8540=LINE('',#466,#8543);
#8541=LINE('',#434,#8544);
#8542=LINE('',#428,#8545);
#8543=VECTOR('',#8546,1.0);
#8544=VECTOR('',#8547,1.0);
#8545=VECTOR('',#8548,1.0);
#8546=DIRECTION('',(0.9989009582034577,0.04687084061774657,0));
#8547=DIRECTION('',(-1,0,0));
#8548=DIRECTION('',(-0.9416594369018718,-0.33656723680960055,0));
#8549=FACE_SURFACE('',(#8554),#8550,.T.);
#8550=PLANE('',#8551);
#8551=AXIS2_PLACEMENT_3D('',#466,#8552,#8553);
#8552=DIRECTION('',(0,0,1));
#8553=DIRECTION('',(0.9416594369018718,0.33656723680960055,0));
#8554=FACE_BOUND('',#8555,.T.);
#8555=EDGE_LOOP('',(#8556,#8557,#8558));
#8556=ORIENTED_EDGE('',*,*,#8559,.T.);
#8557=ORIENTED_EDGE('',*,*,#8560,.T.);
#8558=ORIENTED_EDGE('',*,*,#8561,.T.);
#8559=EDGE_CURVE('',#467,#429,#8562,.F.);
#8560=EDGE_CURVE('',#429,#431,#8563,.T.);
#8561=EDGE_CURVE('',#431,#467,#8564,.T.);
#8562=LINE('',#466,#8565);
#8563=LINE('',#428,#8566);
#8564=LINE('',#430,#8567);
#8565=VECTOR('',#8568,1.0);
#8566=VECTOR('',#8569,1.0);
#8567=VECTOR('',#8570,1.0);
#8568=DIRECTION('',(0.9416594369018718,0.33656723680960055,0));
#8569=DIRECTION('',(0,1,0));
#8570=DIRECTION('',(-0.3699016699049581,-0.9290709093505852,0));
#8571=FACE_SURFACE('',(#8576),#8572,.T.);
#8572=PLANE('',#8573);
#8573=AXIS2_PLACEMENT_3D('',#458,#8574,#8575);
#8574=DIRECTION('',(-0,0,1));
#8575=DIRECTION('',(0.6998871770717655,-0.7142534139719005,0));
#8576=FACE_BOUND('',#8577,.T.);
#8577=EDGE_LOOP('',(#8578,#8579,#8580));
#8578=ORIENTED_EDGE('',*,*,#8581,.T.);
#8579=ORIENTED_EDGE('',*,*,#8582,.T.);
#8580=ORIENTED_EDGE('',*,*,#8583,.T.);
#8581=EDGE_CURVE('',#459,#63,#8584,.F.);
#8582=EDGE_CURVE('',#63,#463,#8585,.T.);
#8583=EDGE_CURVE('',#463,#459,#8586,.T.);
#8584=LINE('',#458,#8587);
#8585=LINE('',#62,#8588);
#8586=LINE('',#462,#8589);
#8587=VECTOR('',#8590,1.0);
#8588=VECTOR('',#8591,1.0);
#8589=VECTOR('',#8592,1.0);
#8590=DIRECTION('',(0.6998871770717655,-0.7142534139719005,0));
#8591=DIRECTION('',(-0.35811288556264137,0.933678296413705,0));
#8592=DIRECTION('',(0,-1,0));
#8593=FACE_SURFACE('',(#8598),#8594,.T.);
#8594=PLANE('',#8595);
#8595=AXIS2_PLACEMENT_3D('',#462,#8596,#8597);
#8596=DIRECTION('',(0,0,1));
#8597=DIRECTION('',(0.35811288556264137,-0.933678296413705,0));
#8598=FACE_BOUND('',#8599,.T.);
#8599=EDGE_LOOP('',(#8600,#8601,#8602));
#8600=ORIENTED_EDGE('',*,*,#8603,.T.);
#8601=ORIENTED_EDGE('',*,*,#8604,.T.);
#8602=ORIENTED_EDGE('',*,*,#8605,.T.);
#8603=EDGE_CURVE('',#463,#63,#8606,.F.);
#8604=EDGE_CURVE('',#63,#59,#8607,.T.);
#8605=EDGE_CURVE('',#59,#463,#8608,.T.);
#8606=LINE('',#462,#8609);
#8607=LINE('',#62,#8610);
#8608=LINE('',#58,#8611);
#8609=VECTOR('',#8612,1.0);
#8610=VECTOR('',#8613,1.0);
#8611=VECTOR('',#8614,1.0);
#8612=DIRECTION('',(0.35811288556264137,-0.933678296413705,0));
#8613=DIRECTION('',(0.7933475727186086,-0.6087689453819833,0));
#8614=DIRECTION('',(-0.3642595257564426,0.9312974808812121,0));
#8615=FACE_SURFACE('',(#8620),#8616,.T.);
#8616=PLANE('',#8617);
#8617=AXIS2_PLACEMENT_3D('',#462,#8618,#8619);
#8618=DIRECTION('',(-0,0,1));
#8619=DIRECTION('',(0.3642595257564426,-0.9312974808812121,0));
#8620=FACE_BOUND('',#8621,.T.);
#8621=EDGE_LOOP('',(#8622,#8623,#8624));
#8622=ORIENTED_EDGE('',*,*,#8625,.T.);
#8623=ORIENTED_EDGE('',*,*,#8626,.T.);
#8624=ORIENTED_EDGE('',*,*,#8627,.T.);
#8625=EDGE_CURVE('',#463,#59,#8628,.F.);
#8626=EDGE_CURVE('',#59,#227,#8629,.T.);
#8627=EDGE_CURVE('',#227,#463,#8630,.T.);
#8628=LINE('',#462,#8631);
#8629=LINE('',#58,#8632);
#8630=LINE('',#226,#8633);
#8631=VECTOR('',#8634,1.0);
#8632=VECTOR('',#8635,1.0);
#8633=VECTOR('',#8636,1.0);
#8634=DIRECTION('',(0.3642595257564426,-0.9312974808812121,0));
#8635=DIRECTION('',(0,1,0));
#8636=DIRECTION('',(-0.39024297122081475,-0.9207119111930454,0));
#8637=FACE_SURFACE('',(#8642),#8638,.T.);
#8638=PLANE('',#8639);
#8639=AXIS2_PLACEMENT_3D('',#226,#8640,#8641);
#8640=DIRECTION('',(0,0,1));
#8641=DIRECTION('',(0,-1,0));
#8642=FACE_BOUND('',#8643,.T.);
#8643=EDGE_LOOP('',(#8644,#8645,#8646));
#8644=ORIENTED_EDGE('',*,*,#8647,.T.);
#8645=ORIENTED_EDGE('',*,*,#8648,.T.);
#8646=ORIENTED_EDGE('',*,*,#8649,.T.);
#8647=EDGE_CURVE('',#227,#59,#8650,.F.);
#8648=EDGE_CURVE('',#59,#55,#8651,.T.);
#8649=EDGE_CURVE('',#55,#227,#8652,.T.);
#8650=LINE('',#226,#8653);
#8651=LINE('',#58,#8654);
#8652=LINE('',#54,#8655);
#8653=VECTOR('',#8656,1.0);
#8654=VECTOR('',#8657,1.0);
#8655=VECTOR('',#8658,1.0);
#8656=DIRECTION('',(0,-1,0));
#8657=DIRECTION('',(0.6087708906529714,-0.7933460800266099,0));
#8658=DIRECTION('',(-0.004263164770400579,0.9999909126717805,0));
#8659=FACE_SURFACE('',(#8664),#8660,.T.);
#8660=PLANE('',#8661);
#8661=AXIS2_PLACEMENT_3D('',#226,#8662,#8663);
#8662=DIRECTION('',(-0,0,1));
#8663=DIRECTION('',(0.004263164770400579,-0.9999909126717805,0));
#8664=FACE_BOUND('',#8665,.T.);
#8665=EDGE_LOOP('',(#8666,#8667,#8668));
#8666=ORIENTED_EDGE('',*,*,#8669,.T.);
#8667=ORIENTED_EDGE('',*,*,#8670,.T.);
#8668=ORIENTED_EDGE('',*,*,#8671,.T.);
#8669=EDGE_CURVE('',#227,#55,#8672,.F.);
#8670=EDGE_CURVE('',#55,#231,#8673,.T.);
#8671=EDGE_CURVE('',#231,#227,#8674,.T.);
#8672=LINE('',#226,#8675);
#8673=LINE('',#54,#8676);
#8674=LINE('',#230,#8677);
#8675=VECTOR('',#8678,1.0);
#8676=VECTOR('',#8679,1.0);
#8677=VECTOR('',#8680,1.0);
#8678=DIRECTION('',(0.004263164770400579,-0.9999909126717805,0));
#8679=DIRECTION('',(0,1,0));
#8680=DIRECTION('',(-0.6087687520516256,-0.7933477210690824,0));
#8681=FACE_SURFACE('',(#8686),#8682,.T.);
#8682=PLANE('',#8683);
#8683=AXIS2_PLACEMENT_3D('',#454,#8684,#8685);
#8684=DIRECTION('',(-0,0,1));
#8685=DIRECTION('',(0,-1,0));
#8686=FACE_BOUND('',#8687,.T.);
#8687=EDGE_LOOP('',(#8688,#8689,#8690));
#8688=ORIENTED_EDGE('',*,*,#8691,.T.);
#8689=ORIENTED_EDGE('',*,*,#8692,.T.);
#8690=ORIENTED_EDGE('',*,*,#8693,.T.);
#8691=EDGE_CURVE('',#455,#451,#8694,.F.);
#8692=EDGE_CURVE('',#451,#459,#8695,.T.);
#8693=EDGE_CURVE('',#459,#455,#8696,.T.);
#8694=LINE('',#454,#8697);
#8695=LINE('',#450,#8698);
#8696=LINE('',#458,#8699);
#8697=VECTOR('',#8700,1.0);
#8698=VECTOR('',#8701,1.0);
#8699=VECTOR('',#8702,1.0);
#8700=DIRECTION('',(0,-1,0));
#8701=DIRECTION('',(0.9999971912656203,0.0023701183241260147,0));
#8702=DIRECTION('',(-1,0,0));
#8703=FACE_SURFACE('',(#8708),#8704,.T.);
#8704=PLANE('',#8705);
#8705=AXIS2_PLACEMENT_3D('',#458,#8706,#8707);
#8706=DIRECTION('',(0,0,1));
#8707=DIRECTION('',(-0.9999971912656203,-0.0023701183241260147,0));
#8708=FACE_BOUND('',#8709,.T.);
#8709=EDGE_LOOP('',(#8710,#8711,#8712));
#8710=ORIENTED_EDGE('',*,*,#8713,.T.);
#8711=ORIENTED_EDGE('',*,*,#8714,.T.);
#8712=ORIENTED_EDGE('',*,*,#8715,.T.);
#8713=EDGE_CURVE('',#459,#451,#8716,.F.);
#8714=EDGE_CURVE('',#451,#91,#8717,.T.);
#8715=EDGE_CURVE('',#91,#459,#8718,.T.);
#8716=LINE('',#458,#8719);
#8717=LINE('',#450,#8720);
#8718=LINE('',#90,#8721);
#8719=VECTOR('',#8722,1.0);
#8720=VECTOR('',#8723,1.0);
#8721=VECTOR('',#8724,1.0);
#8722=DIRECTION('',(-0.9999971912656203,-0.0023701183241260147,0));
#8723=DIRECTION('',(0.9071388440383419,-0.42083145989431553,0));
#8724=DIRECTION('',(-0.5870642444909875,0.809540346641368,0));
#8725=FACE_SURFACE('',(#8730),#8726,.T.);
#8726=PLANE('',#8727);
#8727=AXIS2_PLACEMENT_3D('',#458,#8728,#8729);
#8728=DIRECTION('',(0,0,1));
#8729=DIRECTION('',(0.5870642444909875,-0.809540346641368,0));
#8730=FACE_BOUND('',#8731,.T.);
#8731=EDGE_LOOP('',(#8732,#8733,#8734));
#8732=ORIENTED_EDGE('',*,*,#8735,.T.);
#8733=ORIENTED_EDGE('',*,*,#8736,.T.);
#8734=ORIENTED_EDGE('',*,*,#8737,.T.);
#8735=EDGE_CURVE('',#459,#91,#8738,.F.);
#8736=EDGE_CURVE('',#91,#87,#8739,.T.);
#8737=EDGE_CURVE('',#87,#459,#8740,.T.);
#8738=LINE('',#458,#8741);
#8739=LINE('',#90,#8742);
#8740=LINE('',#86,#8743);
#8741=VECTOR('',#8744,1.0);
#8742=VECTOR('',#8745,1.0);
#8743=VECTOR('',#8746,1.0);
#8744=DIRECTION('',(0.5870642444909875,-0.809540346641368,0));
#8745=DIRECTION('',(0.38266257742337706,0.9238881706352224,0));
#8746=DIRECTION('',(-0.6051775199737264,0.7960905534664068,0));
#8747=FACE_SURFACE('',(#8752),#8748,.T.);
#8748=PLANE('',#8749);
#8749=AXIS2_PLACEMENT_3D('',#444,#8750,#8751);
#8750=DIRECTION('',(-0,0,1));
#8751=DIRECTION('',(0.955000212789229,-0.29660511386779465,0));
#8752=FACE_BOUND('',#8753,.T.);
#8753=EDGE_LOOP('',(#8754,#8755,#8756));
#8754=ORIENTED_EDGE('',*,*,#8757,.T.);
#8755=ORIENTED_EDGE('',*,*,#8758,.T.);
#8756=ORIENTED_EDGE('',*,*,#8759,.T.);
#8757=EDGE_CURVE('',#445,#107,#8760,.F.);
#8758=EDGE_CURVE('',#107,#451,#8761,.T.);
#8759=EDGE_CURVE('',#451,#445,#8762,.T.);
#8760=LINE('',#444,#8763);
#8761=LINE('',#106,#8764);
#8762=LINE('',#450,#8765);
#8763=VECTOR('',#8766,1.0);
#8764=VECTOR('',#8767,1.0);
#8765=VECTOR('',#8768,1.0);
#8766=DIRECTION('',(0.955000212789229,-0.29660511386779465,0));
#8767=DIRECTION('',(-0.8901654332433208,0.4556374671366822,0));
#8768=DIRECTION('',(-1,0,0));
#8769=FACE_SURFACE('',(#8774),#8770,.T.);
#8770=PLANE('',#8771);
#8771=AXIS2_PLACEMENT_3D('',#450,#8772,#8773);
#8772=DIRECTION('',(0,0,1));
#8773=DIRECTION('',(0.8901654332433208,-0.4556374671366822,0));
#8774=FACE_BOUND('',#8775,.T.);
#8775=EDGE_LOOP('',(#8776,#8777,#8778));
#8776=ORIENTED_EDGE('',*,*,#8779,.T.);
#8777=ORIENTED_EDGE('',*,*,#8780,.T.);
#8778=ORIENTED_EDGE('',*,*,#8781,.T.);
#8779=EDGE_CURVE('',#451,#107,#8782,.F.);
#8780=EDGE_CURVE('',#107,#103,#8783,.T.);
#8781=EDGE_CURVE('',#103,#451,#8784,.T.);
#8782=LINE('',#450,#8785);
#8783=LINE('',#106,#8786);
#8784=LINE('',#102,#8787);
#8785=VECTOR('',#8788,1.0);
#8786=VECTOR('',#8789,1.0);
#8787=VECTOR('',#8790,1.0);
#8788=DIRECTION('',(0.8901654332433208,-0.4556374671366822,0));
#8789=DIRECTION('',(-0.6087708906529714,0.7933460800266099,0));
#8790=DIRECTION('',(-0.8927555867438063,0.4505412992587049,0));
#8791=FACE_SURFACE('',(#8796),#8792,.T.);
#8792=PLANE('',#8793);
#8793=AXIS2_PLACEMENT_3D('',#450,#8794,#8795);
#8794=DIRECTION('',(0,0,1));
#8795=DIRECTION('',(0.8927555867438063,-0.4505412992587049,0));
#8796=FACE_BOUND('',#8797,.T.);
#8797=EDGE_LOOP('',(#8798,#8799,#8800));
#8798=ORIENTED_EDGE('',*,*,#8801,.T.);
#8799=ORIENTED_EDGE('',*,*,#8802,.T.);
#8800=ORIENTED_EDGE('',*,*,#8803,.T.);
#8801=EDGE_CURVE('',#451,#103,#8804,.F.);
#8802=EDGE_CURVE('',#103,#99,#8805,.T.);
#8803=EDGE_CURVE('',#99,#451,#8806,.T.);
#8804=LINE('',#450,#8807);
#8805=LINE('',#102,#8808);
#8806=LINE('',#98,#8809);
#8807=VECTOR('',#8810,1.0);
#8808=VECTOR('',#8811,1.0);
#8809=VECTOR('',#8812,1.0);
#8810=DIRECTION('',(0.8927555867438063,-0.4505412992587049,0));
#8811=DIRECTION('',(-0.38266257742337706,0.9238881706352224,0));
#8812=DIRECTION('',(-0.8966792402670527,0.4426808557799864,0));
#8813=FACE_SURFACE('',(#8818),#8814,.T.);
#8814=PLANE('',#8815);
#8815=AXIS2_PLACEMENT_3D('',#446,#8816,#8817);
#8816=DIRECTION('',(0,0,1));
#8817=DIRECTION('',(-1,0,0));
#8818=FACE_BOUND('',#8819,.T.);
#8819=EDGE_LOOP('',(#8820,#8821,#8822));
#8820=ORIENTED_EDGE('',*,*,#8823,.T.);
#8821=ORIENTED_EDGE('',*,*,#8824,.T.);
#8822=ORIENTED_EDGE('',*,*,#8825,.T.);
#8823=EDGE_CURVE('',#447,#479,#8826,.F.);
#8824=EDGE_CURVE('',#479,#445,#8827,.T.);
#8825=EDGE_CURVE('',#445,#447,#8828,.T.);
#8826=LINE('',#446,#8829);
#8827=LINE('',#478,#8830);
#8828=LINE('',#444,#8831);
#8829=VECTOR('',#8832,1.0);
#8830=VECTOR('',#8833,1.0);
#8831=VECTOR('',#8834,1.0);
#8832=DIRECTION('',(-1,0,0));
#8833=DIRECTION('',(0.9999972804265713,-0.00233219627415939,0));
#8834=DIRECTION('',(0,1,0));
#8835=FACE_SURFACE('',(#8840),#8836,.T.);
#8836=PLANE('',#8837);
#8837=AXIS2_PLACEMENT_3D('',#444,#8838,#8839);
#8838=DIRECTION('',(0,0,1));
#8839=DIRECTION('',(-0.9999972804265713,0.00233219627415939,0));
#8840=FACE_BOUND('',#8841,.T.);
#8841=EDGE_LOOP('',(#8842,#8843,#8844));
#8842=ORIENTED_EDGE('',*,*,#8845,.T.);
#8843=ORIENTED_EDGE('',*,*,#8846,.T.);
#8844=ORIENTED_EDGE('',*,*,#8847,.T.);
#8845=EDGE_CURVE('',#445,#479,#8848,.F.);
#8846=EDGE_CURVE('',#479,#423,#8849,.T.);
#8847=EDGE_CURVE('',#423,#445,#8850,.T.);
#8848=LINE('',#444,#8851);
#8849=LINE('',#478,#8852);
#8850=LINE('',#422,#8853);
#8851=VECTOR('',#8854,1.0);
#8852=VECTOR('',#8855,1.0);
#8853=VECTOR('',#8856,1.0);
#8854=DIRECTION('',(-0.9999972804265713,0.00233219627415939,0));
#8855=DIRECTION('',(-0.8694155989196576,-0.49408148756573844,0));
#8856=DIRECTION('',(0.9511102670971865,0.3088515174356742,0));
#8857=FACE_SURFACE('',(#8862),#8858,.T.);
#8858=PLANE('',#8859);
#8859=AXIS2_PLACEMENT_3D('',#444,#8860,#8861);
#8860=DIRECTION('',(0,0,1));
#8861=DIRECTION('',(-0.9511102670971865,-0.3088515174356742,0));
#8862=FACE_BOUND('',#8863,.T.);
#8863=EDGE_LOOP('',(#8864,#8865,#8866));
#8864=ORIENTED_EDGE('',*,*,#8867,.T.);
#8865=ORIENTED_EDGE('',*,*,#8868,.T.);
#8866=ORIENTED_EDGE('',*,*,#8869,.T.);
#8867=EDGE_CURVE('',#445,#423,#8870,.F.);
#8868=EDGE_CURVE('',#423,#419,#8871,.T.);
#8869=EDGE_CURVE('',#419,#445,#8872,.T.);
#8870=LINE('',#444,#8873);
#8871=LINE('',#422,#8874);
#8872=LINE('',#418,#8875);
#8873=VECTOR('',#8876,1.0);
#8874=VECTOR('',#8877,1.0);
#8875=VECTOR('',#8878,1.0);
#8876=DIRECTION('',(-0.9511102670971865,-0.3088515174356742,0));
#8877=DIRECTION('',(-0.6087653165726498,-0.7933503572433819,0));
#8878=DIRECTION('',(0.9495106770859298,0.3137347193088758,0));
#8879=FACE_SURFACE('',(#8884),#8880,.T.);
#8880=PLANE('',#8881);
#8881=AXIS2_PLACEMENT_3D('',#474,#8882,#8883);
#8882=DIRECTION('',(0,0,1));
#8883=DIRECTION('',(-1,0,0));
#8884=FACE_BOUND('',#8885,.T.);
#8885=EDGE_LOOP('',(#8886,#8887,#8888));
#8886=ORIENTED_EDGE('',*,*,#8889,.T.);
#8887=ORIENTED_EDGE('',*,*,#8890,.T.);
#8888=ORIENTED_EDGE('',*,*,#8891,.T.);
#8889=EDGE_CURVE('',#475,#471,#8892,.F.);
#8890=EDGE_CURVE('',#471,#479,#8893,.T.);
#8891=EDGE_CURVE('',#479,#475,#8894,.T.);
#8892=LINE('',#474,#8895);
#8893=LINE('',#470,#8896);
#8894=LINE('',#478,#8897);
#8895=VECTOR('',#8898,1.0);
#8896=VECTOR('',#8899,1.0);
#8897=VECTOR('',#8900,1.0);
#8898=DIRECTION('',(-1,0,0));
#8899=DIRECTION('',(0.999999999840129,-1.7881328770603336E-05,0));
#8900=DIRECTION('',(0,1,0));
#8901=FACE_SURFACE('',(#8906),#8902,.T.);
#8902=PLANE('',#8903);
#8903=AXIS2_PLACEMENT_3D('',#478,#8904,#8905);
#8904=DIRECTION('',(0,0,1));
#8905=DIRECTION('',(-0.999999999840129,1.7881328770603336E-05,0));
#8906=FACE_BOUND('',#8907,.T.);
#8907=EDGE_LOOP('',(#8908,#8909,#8910));
#8908=ORIENTED_EDGE('',*,*,#8911,.T.);
#8909=ORIENTED_EDGE('',*,*,#8912,.T.);
#8910=ORIENTED_EDGE('',*,*,#8913,.T.);
#8911=EDGE_CURVE('',#479,#471,#8914,.F.);
#8912=EDGE_CURVE('',#471,#343,#8915,.T.);
#8913=EDGE_CURVE('',#343,#479,#8916,.T.);
#8914=LINE('',#478,#8917);
#8915=LINE('',#470,#8918);
#8916=LINE('',#342,#8919);
#8917=VECTOR('',#8920,1.0);
#8918=VECTOR('',#8921,1.0);
#8919=VECTOR('',#8922,1.0);
#8920=DIRECTION('',(-0.999999999840129,1.7881328770603336E-05,0));
#8921=DIRECTION('',(-0.4482593814056713,-0.8939035333758364,0));
#8922=DIRECTION('',(0.892965921865671,0.450124274380523,0));
#8923=FACE_SURFACE('',(#8928),#8924,.T.);
#8924=PLANE('',#8925);
#8925=AXIS2_PLACEMENT_3D('',#478,#8926,#8927);
#8926=DIRECTION('',(0,0,1));
#8927=DIRECTION('',(-0.892965921865671,-0.450124274380523,0));
#8928=FACE_BOUND('',#8929,.T.);
#8929=EDGE_LOOP('',(#8930,#8931,#8932));
#8930=ORIENTED_EDGE('',*,*,#8933,.T.);
#8931=ORIENTED_EDGE('',*,*,#8934,.T.);
#8932=ORIENTED_EDGE('',*,*,#8935,.T.);
#8933=EDGE_CURVE('',#479,#343,#8936,.F.);
#8934=EDGE_CURVE('',#343,#339,#8937,.T.);
#8935=EDGE_CURVE('',#339,#479,#8938,.T.);
#8936=LINE('',#478,#8939);
#8937=LINE('',#342,#8940);
#8938=LINE('',#338,#8941);
#8939=VECTOR('',#8942,1.0);
#8940=VECTOR('',#8943,1.0);
#8941=VECTOR('',#8944,1.0);
#8942=DIRECTION('',(-0.892965921865671,-0.450124274380523,0));
#8943=DIRECTION('',(0.3826776961850583,-0.9238819084939894,0));
#8944=DIRECTION('',(0.8861555391502227,0.46338791571789845,0));
#8945=FACE_SURFACE('',(#8950),#8946,.T.);
#8946=PLANE('',#8947);
#8947=AXIS2_PLACEMENT_3D('',#466,#8948,#8949);
#8948=DIRECTION('',(0,0,1));
#8949=DIRECTION('',(-0.27478158439952355,-0.9615066722986833,0));
#8950=FACE_BOUND('',#8951,.T.);
#8951=EDGE_LOOP('',(#8952,#8953,#8954));
#8952=ORIENTED_EDGE('',*,*,#8955,.T.);
#8953=ORIENTED_EDGE('',*,*,#8956,.T.);
#8954=ORIENTED_EDGE('',*,*,#8957,.T.);
#8955=EDGE_CURVE('',#467,#371,#8958,.F.);
#8956=EDGE_CURVE('',#371,#471,#8959,.T.);
#8957=EDGE_CURVE('',#471,#467,#8960,.T.);
#8958=LINE('',#466,#8961);
#8959=LINE('',#370,#8962);
#8960=LINE('',#470,#8963);
#8961=VECTOR('',#8964,1.0);
#8962=VECTOR('',#8965,1.0);
#8963=VECTOR('',#8966,1.0);
#8964=DIRECTION('',(-0.27478158439952355,-0.9615066722986833,0));
#8965=DIRECTION('',(0.584772059801944,0.8111976566010233,0));
#8966=DIRECTION('',(0,1,0));
#8967=FACE_SURFACE('',(#8972),#8968,.T.);
#8968=PLANE('',#8969);
#8969=AXIS2_PLACEMENT_3D('',#470,#8970,#8971);
#8970=DIRECTION('',(0,0,1));
#8971=DIRECTION('',(-0.584772059801944,-0.8111976566010233,0));
#8972=FACE_BOUND('',#8973,.T.);
#8973=EDGE_LOOP('',(#8974,#8975,#8976));
#8974=ORIENTED_EDGE('',*,*,#8977,.T.);
#8975=ORIENTED_EDGE('',*,*,#8978,.T.);
#8976=ORIENTED_EDGE('',*,*,#8979,.T.);
#8977=EDGE_CURVE('',#471,#371,#8980,.F.);
#8978=EDGE_CURVE('',#371,#367,#8981,.T.);
#8979=EDGE_CURVE('',#367,#471,#8982,.T.);
#8980=LINE('',#470,#8983);
#8981=LINE('',#370,#8984);
#8982=LINE('',#366,#8985);
#8983=VECTOR('',#8986,1.0);
#8984=VECTOR('',#8987,1.0);
#8985=VECTOR('',#8988,1.0);
#8986=DIRECTION('',(-0.584772059801944,-0.8111976566010233,0));
#8987=DIRECTION('',(0.7933508548264155,0.6087646681158456,0));
#8988=DIRECTION('',(0.5781130776970808,0.8159566590178728,0));
#8989=FACE_SURFACE('',(#8994),#8990,.T.);
#8990=PLANE('',#8991);
#8991=AXIS2_PLACEMENT_3D('',#470,#8992,#8993);
#8992=DIRECTION('',(0,0,1));
#8993=DIRECTION('',(-0.5781130776970808,-0.8159566590178728,0));
#8994=FACE_BOUND('',#8995,.T.);
#8995=EDGE_LOOP('',(#8996,#8997,#8998));
#8996=ORIENTED_EDGE('',*,*,#8999,.T.);
#8997=ORIENTED_EDGE('',*,*,#9000,.T.);
#8998=ORIENTED_EDGE('',*,*,#9001,.T.);
#8999=EDGE_CURVE('',#471,#367,#9002,.F.);
#9000=EDGE_CURVE('',#367,#363,#9003,.T.);
#9001=EDGE_CURVE('',#363,#471,#9004,.T.);
#9002=LINE('',#470,#9005);
#9003=LINE('',#366,#9006);
#9004=LINE('',#362,#9007);
#9005=VECTOR('',#9008,1.0);
#9006=VECTOR('',#9009,1.0);
#9007=VECTOR('',#9010,1.0);
#9008=DIRECTION('',(-0.5781130776970808,-0.8159566590178728,0));
#9009=DIRECTION('',(0.9238803429332881,0.38268147582744294,0));
#9010=DIRECTION('',(0.5653707182320953,0.8248369238617562,0));
#9011=FACE_SURFACE('',(#9016),#9012,.T.);
#9012=PLANE('',#9013);
#9013=AXIS2_PLACEMENT_3D('',#434,#9014,#9015);
#9014=DIRECTION('',(-0,0,1));
#9015=DIRECTION('',(0.9978664239883681,-0.06528858917656558,0));
#9016=FACE_BOUND('',#9017,.T.);
#9017=EDGE_LOOP('',(#9018,#9019,#9020));
#9018=ORIENTED_EDGE('',*,*,#9021,.T.);
#9019=ORIENTED_EDGE('',*,*,#9022,.T.);
#9020=ORIENTED_EDGE('',*,*,#9023,.T.);
#9021=EDGE_CURVE('',#435,#463,#9024,.F.);
#9022=EDGE_CURVE('',#463,#439,#9025,.T.);
#9023=EDGE_CURVE('',#439,#435,#9026,.T.);
#9024=LINE('',#434,#9027);
#9025=LINE('',#462,#9028);
#9026=LINE('',#438,#9029);
#9027=VECTOR('',#9030,1.0);
#9028=VECTOR('',#9031,1.0);
#9029=VECTOR('',#9032,1.0);
#9030=DIRECTION('',(0.9978664239883681,-0.06528858917656558,0));
#9031=DIRECTION('',(-0.9085665477581251,0.4177401444617008,0));
#9032=DIRECTION('',(0,-1,0));
#9033=FACE_SURFACE('',(#9038),#9034,.T.);
#9034=PLANE('',#9035);
#9035=AXIS2_PLACEMENT_3D('',#438,#9036,#9037);
#9036=DIRECTION('',(-0,0,1));
#9037=DIRECTION('',(0.9085665477581251,-0.4177401444617008,0));
#9038=FACE_BOUND('',#9039,.T.);
#9039=EDGE_LOOP('',(#9040,#9041,#9042));
#9040=ORIENTED_EDGE('',*,*,#9043,.T.);
#9041=ORIENTED_EDGE('',*,*,#9044,.T.);
#9042=ORIENTED_EDGE('',*,*,#9045,.T.);
#9043=EDGE_CURVE('',#439,#463,#9046,.F.);
#9044=EDGE_CURVE('',#463,#207,#9047,.T.);
#9045=EDGE_CURVE('',#207,#439,#9048,.T.);
#9046=LINE('',#438,#9049);
#9047=LINE('',#462,#9050);
#9048=LINE('',#206,#9051);
#9049=VECTOR('',#9052,1.0);
#9050=VECTOR('',#9053,1.0);
#9051=VECTOR('',#9054,1.0);
#9052=DIRECTION('',(0.9085665477581251,-0.4177401444617008,0));
#9053=DIRECTION('',(0.33806046775755816,0.9411243914273719,0));
#9054=DIRECTION('',(-0.9461738437222568,-0.3236588596900299,0));
#9055=FACE_SURFACE('',(#9060),#9056,.T.);
#9056=PLANE('',#9057);
#9057=AXIS2_PLACEMENT_3D('',#438,#9058,#9059);
#9058=DIRECTION('',(0,0,1));
#9059=DIRECTION('',(0.9461738437222568,0.3236588596900299,0));
#9060=FACE_BOUND('',#9061,.T.);
#9061=EDGE_LOOP('',(#9062,#9063,#9064));
#9062=ORIENTED_EDGE('',*,*,#9065,.T.);
#9063=ORIENTED_EDGE('',*,*,#9066,.T.);
#9064=ORIENTED_EDGE('',*,*,#9067,.T.);
#9065=EDGE_CURVE('',#439,#207,#9068,.F.);
#9066=EDGE_CURVE('',#207,#203,#9069,.T.);
#9067=EDGE_CURVE('',#203,#439,#9070,.T.);
#9068=LINE('',#438,#9071);
#9069=LINE('',#206,#9072);
#9070=LINE('',#202,#9073);
#9071=VECTOR('',#9074,1.0);
#9072=VECTOR('',#9075,1.0);
#9073=VECTOR('',#9076,1.0);
#9074=DIRECTION('',(0.9461738437222568,0.3236588596900299,0));
#9075=DIRECTION('',(-0.7933497113631495,0.6087661582906917,0));
#9076=DIRECTION('',(-0.9435307554959292,-0.3312849429619178,0));
#9077=FACE_SURFACE('',(#9082),#9078,.T.);
#9078=PLANE('',#9079);
#9079=AXIS2_PLACEMENT_3D('',#438,#9080,#9081);
#9080=DIRECTION('',(0,0,1));
#9081=DIRECTION('',(-0.9541475484251883,0.299336693096925,0));
#9082=FACE_BOUND('',#9083,.T.);
#9083=EDGE_LOOP('',(#9084,#9085,#9086));
#9084=ORIENTED_EDGE('',*,*,#9087,.T.);
#9085=ORIENTED_EDGE('',*,*,#9088,.T.);
#9086=ORIENTED_EDGE('',*,*,#9089,.T.);
#9087=EDGE_CURVE('',#439,#239,#9090,.F.);
#9088=EDGE_CURVE('',#239,#431,#9091,.T.);
#9089=EDGE_CURVE('',#431,#439,#9092,.T.);
#9090=LINE('',#438,#9093);
#9091=LINE('',#238,#9094);
#9092=LINE('',#430,#9095);
#9093=VECTOR('',#9096,1.0);
#9094=VECTOR('',#9097,1.0);
#9095=VECTOR('',#9098,1.0);
#9096=DIRECTION('',(-0.9541475484251883,0.299336693096925,0));
#9097=DIRECTION('',(0.6058320872578336,-0.7955925351892241,0));
#9098=DIRECTION('',(1,0,0));
#9099=FACE_SURFACE('',(#9104),#9100,.T.);
#9100=PLANE('',#9101);
#9101=AXIS2_PLACEMENT_3D('',#430,#9102,#9103);
#9102=DIRECTION('',(0,0,1));
#9103=DIRECTION('',(-0.6058320872578336,0.7955925351892241,0));
#9104=FACE_BOUND('',#9105,.T.);
#9105=EDGE_LOOP('',(#9106,#9107,#9108));
#9106=ORIENTED_EDGE('',*,*,#9109,.T.);
#9107=ORIENTED_EDGE('',*,*,#9110,.T.);
#9108=ORIENTED_EDGE('',*,*,#9111,.T.);
#9109=EDGE_CURVE('',#431,#239,#9112,.F.);
#9110=EDGE_CURVE('',#239,#235,#9113,.T.);
#9111=EDGE_CURVE('',#235,#431,#9114,.T.);
#9112=LINE('',#430,#9115);
#9113=LINE('',#238,#9116);
#9114=LINE('',#234,#9117);
#9115=VECTOR('',#9118,1.0);
#9116=VECTOR('',#9119,1.0);
#9117=VECTOR('',#9120,1.0);
#9118=DIRECTION('',(-0.6058320872578336,0.7955925351892241,0));
#9119=DIRECTION('',(-0.13053286229907038,-0.9914439832184226,0));
#9120=DIRECTION('',(0.6180341885898468,-0.7861512206529286,0));
#9121=FACE_SURFACE('',(#9126),#9122,.T.);
#9122=PLANE('',#9123);
#9123=AXIS2_PLACEMENT_3D('',#430,#9124,#9125);
#9124=DIRECTION('',(0,0,1));
#9125=DIRECTION('',(-0.6180341885898468,0.7861512206529286,0));
#9126=FACE_BOUND('',#9127,.T.);
#9127=EDGE_LOOP('',(#9128,#9129,#9130));
#9128=ORIENTED_EDGE('',*,*,#9131,.T.);
#9129=ORIENTED_EDGE('',*,*,#9132,.T.);
#9130=ORIENTED_EDGE('',*,*,#9133,.T.);
#9131=EDGE_CURVE('',#431,#235,#9134,.F.);
#9132=EDGE_CURVE('',#235,#327,#9135,.T.);
#9133=EDGE_CURVE('',#327,#431,#9136,.T.);
#9134=LINE('',#430,#9137);
#9135=LINE('',#234,#9138);
#9136=LINE('',#326,#9139);
#9137=VECTOR('',#9140,1.0);
#9138=VECTOR('',#9141,1.0);
#9139=VECTOR('',#9142,1.0);
#9140=DIRECTION('',(-0.6180341885898468,0.7861512206529286,0));
#9141=DIRECTION('',(-0.3826776961850583,-0.9238819084939894,0));
#9142=DIRECTION('',(0.6330884738204791,-0.7740794431553241,0));
#9143=FACE_SURFACE('',(#9148),#9144,.T.);
#9144=PLANE('',#9145);
#9145=AXIS2_PLACEMENT_3D('',#338,#9146,#9147);
#9146=DIRECTION('',(-0,0,1));
#9147=DIRECTION('',(0.13053228922864096,-0.9914440586683297,0));
#9148=FACE_BOUND('',#9149,.T.);
#9149=EDGE_LOOP('',(#9150,#9151,#9152));
#9150=ORIENTED_EDGE('',*,*,#9153,.T.);
#9151=ORIENTED_EDGE('',*,*,#9154,.T.);
#9152=ORIENTED_EDGE('',*,*,#9155,.T.);
#9153=EDGE_CURVE('',#339,#335,#9156,.F.);
#9154=EDGE_CURVE('',#335,#479,#9157,.T.);
#9155=EDGE_CURVE('',#479,#339,#9158,.T.);
#9156=LINE('',#338,#9159);
#9157=LINE('',#334,#9160);
#9158=LINE('',#478,#9161);
#9159=VECTOR('',#9162,1.0);
#9160=VECTOR('',#9163,1.0);
#9161=VECTOR('',#9164,1.0);
#9162=DIRECTION('',(0.13053228922864096,-0.9914440586683297,0));
#9163=DIRECTION('',(0.8795972534971414,0.47571911002217,0));
#9164=DIRECTION('',(-0.8861555391502227,-0.46338791571789845,0));
#9165=FACE_SURFACE('',(#9170),#9166,.T.);
#9166=PLANE('',#9167);
#9167=AXIS2_PLACEMENT_3D('',#478,#9168,#9169);
#9168=DIRECTION('',(0,0,1));
#9169=DIRECTION('',(-0.8795972534971414,-0.47571911002217,0));
#9170=FACE_BOUND('',#9171,.T.);
#9171=EDGE_LOOP('',(#9172,#9173,#9174));
#9172=ORIENTED_EDGE('',*,*,#9175,.T.);
#9173=ORIENTED_EDGE('',*,*,#9176,.T.);
#9174=ORIENTED_EDGE('',*,*,#9177,.T.);
#9175=EDGE_CURVE('',#479,#335,#9178,.F.);
#9176=EDGE_CURVE('',#335,#331,#9179,.T.);
#9177=EDGE_CURVE('',#331,#479,#9180,.T.);
#9178=LINE('',#478,#9181);
#9179=LINE('',#334,#9182);
#9180=LINE('',#330,#9183);
#9181=VECTOR('',#9184,1.0);
#9182=VECTOR('',#9185,1.0);
#9183=VECTOR('',#9186,1.0);
#9184=DIRECTION('',(-0.8795972534971414,-0.47571911002217,0));
#9185=DIRECTION('',(-0.13053171616319972,-0.9914441341172431,0));
#9186=DIRECTION('',(0.8738537036363964,0.4861889598098183,0));
#9187=FACE_SURFACE('',(#9192),#9188,.T.);
#9188=PLANE('',#9189);
#9189=AXIS2_PLACEMENT_3D('',#478,#9190,#9191);
#9190=DIRECTION('',(0,0,1));
#9191=DIRECTION('',(-0.8738537036363964,-0.4861889598098183,0));
#9192=FACE_BOUND('',#9193,.T.);
#9193=EDGE_LOOP('',(#9194,#9195,#9196));
#9194=ORIENTED_EDGE('',*,*,#9197,.T.);
#9195=ORIENTED_EDGE('',*,*,#9198,.T.);
#9196=ORIENTED_EDGE('',*,*,#9199,.T.);
#9197=EDGE_CURVE('',#479,#331,#9200,.F.);
#9198=EDGE_CURVE('',#331,#423,#9201,.T.);
#9199=EDGE_CURVE('',#423,#479,#9202,.T.);
#9200=LINE('',#478,#9203);
#9201=LINE('',#330,#9204);
#9202=LINE('',#422,#9205);
#9203=VECTOR('',#9206,1.0);
#9204=VECTOR('',#9207,1.0);
#9205=VECTOR('',#9208,1.0);
#9206=DIRECTION('',(-0.8738537036363964,-0.4861889598098183,0));
#9207=DIRECTION('',(-0.3826776961850583,-0.9238819084939894,0));
#9208=DIRECTION('',(0.8694155989196576,0.49408148756573844,0));
#9209=FACE_SURFACE('',(#9214),#9210,.T.);
#9210=PLANE('',#9211);
#9211=AXIS2_PLACEMENT_3D('',#414,#9212,#9213);
#9212=DIRECTION('',(0,0,1));
#9213=DIRECTION('',(1,0,0));
#9214=FACE_BOUND('',#9215,.T.);
#9215=EDGE_LOOP('',(#9216,#9217,#9218));
#9216=ORIENTED_EDGE('',*,*,#9219,.T.);
#9217=ORIENTED_EDGE('',*,*,#9220,.T.);
#9218=ORIENTED_EDGE('',*,*,#9221,.T.);
#9219=EDGE_CURVE('',#415,#111,#9222,.F.);
#9220=EDGE_CURVE('',#111,#419,#9223,.T.);
#9221=EDGE_CURVE('',#419,#415,#9224,.T.);
#9222=LINE('',#414,#9225);
#9223=LINE('',#110,#9226);
#9224=LINE('',#418,#9227);
#9225=VECTOR('',#9228,1.0);
#9226=VECTOR('',#9229,1.0);
#9227=VECTOR('',#9230,1.0);
#9228=DIRECTION('',(1,0,0));
#9229=DIRECTION('',(-0.999996059811299,0.0028071982254545755,0));
#9230=DIRECTION('',(-0.7933508548264155,-0.6087646681158456,0));
#9231=FACE_SURFACE('',(#9236),#9232,.T.);
#9232=PLANE('',#9233);
#9233=AXIS2_PLACEMENT_3D('',#418,#9234,#9235);
#9234=DIRECTION('',(-0,0,1));
#9235=DIRECTION('',(0.999996059811299,-0.0028071982254545755,0));
#9236=FACE_BOUND('',#9237,.T.);
#9237=EDGE_LOOP('',(#9238,#9239,#9240));
#9238=ORIENTED_EDGE('',*,*,#9241,.T.);
#9239=ORIENTED_EDGE('',*,*,#9242,.T.);
#9240=ORIENTED_EDGE('',*,*,#9243,.T.);
#9241=EDGE_CURVE('',#419,#111,#9244,.F.);
#9242=EDGE_CURVE('',#111,#107,#9245,.T.);
#9243=EDGE_CURVE('',#107,#419,#9246,.T.);
#9244=LINE('',#418,#9247);
#9245=LINE('',#110,#9248);
#9246=LINE('',#106,#9249);
#9247=VECTOR('',#9250,1.0);
#9248=VECTOR('',#9251,1.0);
#9249=VECTOR('',#9252,1.0);
#9250=DIRECTION('',(0.999996059811299,-0.0028071982254545755,0));
#9251=DIRECTION('',(-0.7933475727186086,0.6087689453819833,0));
#9252=DIRECTION('',(-1,0,0));
#9253=FACE_SURFACE('',(#9258),#9254,.T.);
#9254=PLANE('',#9255);
#9255=AXIS2_PLACEMENT_3D('',#418,#9256,#9257);
#9256=DIRECTION('',(0,0,1));
#9257=DIRECTION('',(1,0,0));
#9258=FACE_BOUND('',#9259,.T.);
#9259=EDGE_LOOP('',(#9260,#9261,#9262));
#9260=ORIENTED_EDGE('',*,*,#9263,.T.);
#9261=ORIENTED_EDGE('',*,*,#9264,.T.);
#9262=ORIENTED_EDGE('',*,*,#9265,.T.);
#9263=EDGE_CURVE('',#419,#107,#9266,.F.);
#9264=EDGE_CURVE('',#107,#445,#9267,.T.);
#9265=EDGE_CURVE('',#445,#419,#9268,.T.);
#9266=LINE('',#418,#9269);
#9267=LINE('',#106,#9270);
#9268=LINE('',#444,#9271);
#9269=VECTOR('',#9272,1.0);
#9270=VECTOR('',#9273,1.0);
#9271=VECTOR('',#9274,1.0);
#9272=DIRECTION('',(1,0,0));
#9273=DIRECTION('',(-0.955000212789229,0.29660511386779465,0));
#9274=DIRECTION('',(-0.9495106770859298,-0.3137347193088758,0));
#9275=FACE_SURFACE('',(#9280),#9276,.T.);
#9276=PLANE('',#9277);
#9277=AXIS2_PLACEMENT_3D('',#406,#9278,#9279);
#9278=DIRECTION('',(0,0,1));
#9279=DIRECTION('',(-0.9914447071709669,0.13052736350158817,0));
#9280=FACE_BOUND('',#9281,.T.);
#9281=EDGE_LOOP('',(#9282,#9283,#9284));
#9282=ORIENTED_EDGE('',*,*,#9285,.T.);
#9283=ORIENTED_EDGE('',*,*,#9286,.T.);
#9284=ORIENTED_EDGE('',*,*,#9287,.T.);
#9285=EDGE_CURVE('',#407,#403,#9288,.F.);
#9286=EDGE_CURVE('',#403,#491,#9289,.T.);
#9287=EDGE_CURVE('',#491,#407,#9290,.T.);
#9288=LINE('',#406,#9291);
#9289=LINE('',#402,#9292);
#9290=LINE('',#490,#9293);
#9291=VECTOR('',#9294,1.0);
#9292=VECTOR('',#9295,1.0);
#9293=VECTOR('',#9296,1.0);
#9294=DIRECTION('',(-0.9914447071709669,0.13052736350158817,0));
#9295=DIRECTION('',(-0.8019730204728805,-0.5973602551506124,0));
#9296=DIRECTION('',(0.8307700952086543,0.5566157102588856,0));
#9297=FACE_SURFACE('',(#9302),#9298,.T.);
#9298=PLANE('',#9299);
#9299=AXIS2_PLACEMENT_3D('',#490,#9300,#9301);
#9300=DIRECTION('',(0,0,1));
#9301=DIRECTION('',(0.8019730204728805,0.5973602551506124,0));
#9302=FACE_BOUND('',#9303,.T.);
#9303=EDGE_LOOP('',(#9304,#9305,#9306));
#9304=ORIENTED_EDGE('',*,*,#9307,.T.);
#9305=ORIENTED_EDGE('',*,*,#9308,.T.);
#9306=ORIENTED_EDGE('',*,*,#9309,.T.);
#9307=EDGE_CURVE('',#491,#403,#9310,.F.);
#9308=EDGE_CURVE('',#403,#399,#9311,.T.);
#9309=EDGE_CURVE('',#399,#491,#9312,.T.);
#9310=LINE('',#490,#9313);
#9311=LINE('',#402,#9314);
#9312=LINE('',#398,#9315);
#9313=VECTOR('',#9316,1.0);
#9314=VECTOR('',#9317,1.0);
#9315=VECTOR('',#9318,1.0);
#9316=DIRECTION('',(0.8019730204728805,0.5973602551506124,0));
#9317=DIRECTION('',(-0.9238803429332881,0.38268147582744294,0));
#9318=DIRECTION('',(-0.75993203238035,-0.6500025431967712,0));
#9319=FACE_SURFACE('',(#9324),#9320,.T.);
#9320=PLANE('',#9321);
#9321=AXIS2_PLACEMENT_3D('',#490,#9322,#9323);
#9322=DIRECTION('',(0,0,1));
#9323=DIRECTION('',(0.75993203238035,0.6500025431967712,0));
#9324=FACE_BOUND('',#9325,.T.);
#9325=EDGE_LOOP('',(#9326,#9327,#9328));
#9326=ORIENTED_EDGE('',*,*,#9329,.T.);
#9327=ORIENTED_EDGE('',*,*,#9330,.T.);
#9328=ORIENTED_EDGE('',*,*,#9331,.T.);
#9329=EDGE_CURVE('',#491,#399,#9332,.F.);
#9330=EDGE_CURVE('',#399,#395,#9333,.T.);
#9331=EDGE_CURVE('',#395,#491,#9334,.T.);
#9332=LINE('',#490,#9335);
#9333=LINE('',#398,#9336);
#9334=LINE('',#394,#9337);
#9335=VECTOR('',#9338,1.0);
#9336=VECTOR('',#9339,1.0);
#9337=VECTOR('',#9340,1.0);
#9338=DIRECTION('',(0.75993203238035,0.6500025431967712,0));
#9339=DIRECTION('',(-0.7933508548264155,0.6087646681158456,0));
#9340=DIRECTION('',(-0.7071069571065345,-0.7071066052665168,0));
#9341=FACE_SURFACE('',(#9346),#9342,.T.);
#9342=PLANE('',#9343);
#9343=AXIS2_PLACEMENT_3D('',#394,#9344,#9345);
#9344=DIRECTION('',(0,0,1));
#9345=DIRECTION('',(-0.6087653165726498,0.7933503572433819,0));
#9346=FACE_BOUND('',#9347,.T.);
#9347=EDGE_LOOP('',(#9348,#9349,#9350));
#9348=ORIENTED_EDGE('',*,*,#9351,.T.);
#9349=ORIENTED_EDGE('',*,*,#9352,.T.);
#9350=ORIENTED_EDGE('',*,*,#9353,.T.);
#9351=EDGE_CURVE('',#395,#391,#9354,.F.);
#9352=EDGE_CURVE('',#391,#491,#9355,.T.);
#9353=EDGE_CURVE('',#491,#395,#9356,.T.);
#9354=LINE('',#394,#9357);
#9355=LINE('',#390,#9358);
#9356=LINE('',#490,#9359);
#9357=VECTOR('',#9360,1.0);
#9358=VECTOR('',#9361,1.0);
#9359=VECTOR('',#9362,1.0);
#9360=DIRECTION('',(-0.6087653165726498,0.7933503572433819,0));
#9361=DIRECTION('',(-0.6500025431967712,-0.75993203238035,0));
#9362=DIRECTION('',(0.7071069571065345,0.7071066052665168,0));
#9363=FACE_SURFACE('',(#9368),#9364,.T.);
#9364=PLANE('',#9365);
#9365=AXIS2_PLACEMENT_3D('',#490,#9366,#9367);
#9366=DIRECTION('',(0,0,1));
#9367=DIRECTION('',(0.6500025431967712,0.75993203238035,0));
#9368=FACE_BOUND('',#9369,.T.);
#9369=EDGE_LOOP('',(#9370,#9371,#9372));
#9370=ORIENTED_EDGE('',*,*,#9373,.T.);
#9371=ORIENTED_EDGE('',*,*,#9374,.T.);
#9372=ORIENTED_EDGE('',*,*,#9375,.T.);
#9373=EDGE_CURVE('',#491,#391,#9376,.F.);
#9374=EDGE_CURVE('',#391,#387,#9377,.T.);
#9375=EDGE_CURVE('',#387,#491,#9378,.T.);
#9376=LINE('',#490,#9379);
#9377=LINE('',#390,#9380);
#9378=LINE('',#386,#9381);
#9379=VECTOR('',#9382,1.0);
#9380=VECTOR('',#9383,1.0);
#9381=VECTOR('',#9384,1.0);
#9382=DIRECTION('',(0.6500025431967712,0.75993203238035,0));
#9383=DIRECTION('',(-0.3826776961850583,0.9238819084939894,0));
#9384=DIRECTION('',(-0.5973604702865287,-0.8019728602259912,0));
#9385=FACE_SURFACE('',(#9390),#9386,.T.);
#9386=PLANE('',#9387);
#9387=AXIS2_PLACEMENT_3D('',#490,#9388,#9389);
#9388=DIRECTION('',(0,0,1));
#9389=DIRECTION('',(0.5973604702865287,0.8019728602259912,0));
#9390=FACE_BOUND('',#9391,.T.);
#9391=EDGE_LOOP('',(#9392,#9393,#9394));
#9392=ORIENTED_EDGE('',*,*,#9395,.T.);
#9393=ORIENTED_EDGE('',*,*,#9396,.T.);
#9394=ORIENTED_EDGE('',*,*,#9397,.T.);
#9395=EDGE_CURVE('',#491,#387,#9398,.F.);
#9396=EDGE_CURVE('',#387,#383,#9399,.T.);
#9397=EDGE_CURVE('',#383,#491,#9400,.T.);
#9398=LINE('',#490,#9401);
#9399=LINE('',#386,#9402);
#9400=LINE('',#382,#9403);
#9401=VECTOR('',#9404,1.0);
#9402=VECTOR('',#9405,1.0);
#9403=VECTOR('',#9406,1.0);
#9404=DIRECTION('',(0.5973604702865287,0.8019728602259912,0));
#9405=DIRECTION('',(-0.13053171616319972,0.9914441341172431,0));
#9406=DIRECTION('',(-0.5566157102588856,-0.8307700952086543,0));
#9407=FACE_SURFACE('',(#9412),#9408,.T.);
#9408=PLANE('',#9409);
#9409=AXIS2_PLACEMENT_3D('',#382,#9410,#9411);
#9410=DIRECTION('',(0,-0,1));
#9411=DIRECTION('',(0.13053228922864096,0.9914440586683297,0));
#9412=FACE_BOUND('',#9413,.T.);
#9413=EDGE_LOOP('',(#9414,#9415,#9416));
#9414=ORIENTED_EDGE('',*,*,#9417,.T.);
#9415=ORIENTED_EDGE('',*,*,#9418,.T.);
#9416=ORIENTED_EDGE('',*,*,#9419,.T.);
#9417=EDGE_CURVE('',#383,#379,#9420,.F.);
#9418=EDGE_CURVE('',#379,#491,#9421,.T.);
#9419=EDGE_CURVE('',#491,#383,#9422,.T.);
#9420=LINE('',#382,#9423);
#9421=LINE('',#378,#9424);
#9422=LINE('',#490,#9425);
#9423=VECTOR('',#9426,1.0);
#9424=VECTOR('',#9427,1.0);
#9425=VECTOR('',#9428,1.0);
#9426=DIRECTION('',(0.13053228922864096,0.9914440586683297,0));
#9427=DIRECTION('',(-0.531604804332045,-0.8469925218153276,0));
#9428=DIRECTION('',(0.5566157102588856,0.8307700952086543,0));
#9429=FACE_SURFACE('',(#9434),#9430,.T.);
#9430=PLANE('',#9431);
#9431=AXIS2_PLACEMENT_3D('',#490,#9432,#9433);
#9432=DIRECTION('',(0,0,1));
#9433=DIRECTION('',(0.531604804332045,0.8469925218153276,0));
#9434=FACE_BOUND('',#9435,.T.);
#9435=EDGE_LOOP('',(#9436,#9437,#9438));
#9436=ORIENTED_EDGE('',*,*,#9439,.T.);
#9437=ORIENTED_EDGE('',*,*,#9440,.T.);
#9438=ORIENTED_EDGE('',*,*,#9441,.T.);
#9439=EDGE_CURVE('',#491,#379,#9442,.F.);
#9440=EDGE_CURVE('',#379,#375,#9443,.T.);
#9441=EDGE_CURVE('',#375,#491,#9444,.T.);
#9442=LINE('',#490,#9445);
#9443=LINE('',#378,#9446);
#9444=LINE('',#374,#9447);
#9445=VECTOR('',#9448,1.0);
#9446=VECTOR('',#9449,1.0);
#9447=VECTOR('',#9450,1.0);
#9448=DIRECTION('',(0.531604804332045,0.8469925218153276,0));
#9449=DIRECTION('',(0.3826776961850583,0.9238819084939894,0));
#9450=DIRECTION('',(-0.5226573589065872,-0.8525428348070208,0));
#9451=FACE_SURFACE('',(#9456),#9452,.T.);
#9452=PLANE('',#9453);
#9453=AXIS2_PLACEMENT_3D('',#490,#9454,#9455);
#9454=DIRECTION('',(0,0,1));
#9455=DIRECTION('',(0.5226573589065872,0.8525428348070208,0));
#9456=FACE_BOUND('',#9457,.T.);
#9457=EDGE_LOOP('',(#9458,#9459,#9460));
#9458=ORIENTED_EDGE('',*,*,#9461,.T.);
#9459=ORIENTED_EDGE('',*,*,#9462,.T.);
#9460=ORIENTED_EDGE('',*,*,#9463,.T.);
#9461=EDGE_CURVE('',#491,#375,#9464,.F.);
#9462=EDGE_CURVE('',#375,#295,#9465,.T.);
#9463=EDGE_CURVE('',#295,#491,#9466,.T.);
#9464=LINE('',#490,#9467);
#9465=LINE('',#374,#9468);
#9466=LINE('',#294,#9469);
#9467=VECTOR('',#9470,1.0);
#9468=VECTOR('',#9471,1.0);
#9469=VECTOR('',#9472,1.0);
#9470=DIRECTION('',(0.5226573589065872,0.8525428348070208,0));
#9471=DIRECTION('',(0,1,0));
#9472=DIRECTION('',(-0.05269442156551609,-0.9986106838682809,0));
#9473=FACE_SURFACE('',(#9478),#9474,.T.);
#9474=PLANE('',#9475);
#9475=AXIS2_PLACEMENT_3D('',#294,#9476,#9477);
#9476=DIRECTION('',(0,0,1));
#9477=DIRECTION('',(0,-1,0));
#9478=FACE_BOUND('',#9479,.T.);
#9479=EDGE_LOOP('',(#9480,#9481,#9482));
#9480=ORIENTED_EDGE('',*,*,#9483,.T.);
#9481=ORIENTED_EDGE('',*,*,#9484,.T.);
#9482=ORIENTED_EDGE('',*,*,#9485,.T.);
#9483=EDGE_CURVE('',#295,#375,#9486,.F.);
#9484=EDGE_CURVE('',#375,#467,#9487,.T.);
#9485=EDGE_CURVE('',#467,#295,#9488,.T.);
#9486=LINE('',#294,#9489);
#9487=LINE('',#374,#9490);
#9488=LINE('',#466,#9491);
#9489=VECTOR('',#9492,1.0);
#9490=VECTOR('',#9493,1.0);
#9491=VECTOR('',#9494,1.0);
#9492=DIRECTION('',(0,-1,0));
#9493=DIRECTION('',(0.27932178755738674,0.9601975520671494,0));
#9494=DIRECTION('',(-0.3004066363519952,0.9538112249474107,0));
#9495=FACE_SURFACE('',(#9500),#9496,.T.);
#9496=PLANE('',#9497);
#9497=AXIS2_PLACEMENT_3D('',#294,#9498,#9499);
#9498=DIRECTION('',(0,0,1));
#9499=DIRECTION('',(0.3004066363519952,-0.9538112249474107,0));
#9500=FACE_BOUND('',#9501,.T.);
#9501=EDGE_LOOP('',(#9502,#9503,#9504));
#9502=ORIENTED_EDGE('',*,*,#9505,.T.);
#9503=ORIENTED_EDGE('',*,*,#9506,.T.);
#9504=ORIENTED_EDGE('',*,*,#9507,.T.);
#9505=EDGE_CURVE('',#295,#467,#9508,.F.);
#9506=EDGE_CURVE('',#467,#299,#9509,.T.);
#9507=EDGE_CURVE('',#299,#295,#9510,.T.);
#9508=LINE('',#294,#9511);
#9509=LINE('',#466,#9512);
#9510=LINE('',#298,#9513);
#9511=VECTOR('',#9514,1.0);
#9512=VECTOR('',#9515,1.0);
#9513=VECTOR('',#9516,1.0);
#9514=DIRECTION('',(0.3004066363519952,-0.9538112249474107,0));
#9515=DIRECTION('',(-0.29582671835801483,0.9552416200655872,0));
#9516=DIRECTION('',(-0.6087631779678259,0.79335199826465,0));
#9517=FACE_SURFACE('',(#9522),#9518,.T.);
#9518=PLANE('',#9519);
#9519=AXIS2_PLACEMENT_3D('',#298,#9520,#9521);
#9520=DIRECTION('',(0,0,1));
#9521=DIRECTION('',(0.29582671835801483,-0.9552416200655872,0));
#9522=FACE_BOUND('',#9523,.T.);
#9523=EDGE_LOOP('',(#9524,#9525,#9526));
#9524=ORIENTED_EDGE('',*,*,#9527,.T.);
#9525=ORIENTED_EDGE('',*,*,#9528,.T.);
#9526=ORIENTED_EDGE('',*,*,#9529,.T.);
#9527=EDGE_CURVE('',#299,#467,#9530,.F.);
#9528=EDGE_CURVE('',#467,#303,#9531,.T.);
#9529=EDGE_CURVE('',#303,#299,#9532,.T.);
#9530=LINE('',#298,#9533);
#9531=LINE('',#466,#9534);
#9532=LINE('',#302,#9535);
#9533=VECTOR('',#9536,1.0);
#9534=VECTOR('',#9537,1.0);
#9535=VECTOR('',#9538,1.0);
#9536=DIRECTION('',(0.29582671835801483,-0.9552416200655872,0));
#9537=DIRECTION('',(-0.2879919889771994,0.9576328180910242,0));
#9538=DIRECTION('',(-0.7933529934497514,0.608761881021076,0));
#9539=FACE_SURFACE('',(#9544),#9540,.T.);
#9540=PLANE('',#9541);
#9541=AXIS2_PLACEMENT_3D('',#302,#9542,#9543);
#9542=DIRECTION('',(0,0,1));
#9543=DIRECTION('',(0.2879919889771994,-0.9576328180910242,0));
#9544=FACE_BOUND('',#9545,.T.);
#9545=EDGE_LOOP('',(#9546,#9547,#9548));
#9546=ORIENTED_EDGE('',*,*,#9549,.T.);
#9547=ORIENTED_EDGE('',*,*,#9550,.T.);
#9548=ORIENTED_EDGE('',*,*,#9551,.T.);
#9549=EDGE_CURVE('',#303,#467,#9552,.F.);
#9550=EDGE_CURVE('',#467,#307,#9553,.T.);
#9551=EDGE_CURVE('',#307,#303,#9554,.T.);
#9552=LINE('',#302,#9555);
#9553=LINE('',#466,#9556);
#9554=LINE('',#306,#9557);
#9555=VECTOR('',#9558,1.0);
#9556=VECTOR('',#9559,1.0);
#9557=VECTOR('',#9560,1.0);
#9558=DIRECTION('',(0.2879919889771994,-0.9576328180910242,0));
#9559=DIRECTION('',(-0.2773636729554097,0.9607650040070592,0));
#9560=DIRECTION('',(-0.9238819084939894,0.3826776961850583,0));
#9561=FACE_SURFACE('',(#9566),#9562,.T.);
#9562=PLANE('',#9563);
#9563=AXIS2_PLACEMENT_3D('',#306,#9564,#9565);
#9564=DIRECTION('',(0,0,1));
#9565=DIRECTION('',(0.2773636729554097,-0.9607650040070592,0));
#9566=FACE_BOUND('',#9567,.T.);
#9567=EDGE_LOOP('',(#9568,#9569,#9570));
#9568=ORIENTED_EDGE('',*,*,#9571,.T.);
#9569=ORIENTED_EDGE('',*,*,#9572,.T.);
#9570=ORIENTED_EDGE('',*,*,#9573,.T.);
#9571=EDGE_CURVE('',#307,#467,#9574,.F.);
#9572=EDGE_CURVE('',#467,#431,#9575,.T.);
#9573=EDGE_CURVE('',#431,#307,#9576,.T.);
#9574=LINE('',#306,#9577);
#9575=LINE('',#466,#9578);
#9576=LINE('',#430,#9579);
#9577=VECTOR('',#9580,1.0);
#9578=VECTOR('',#9581,1.0);
#9579=VECTOR('',#9582,1.0);
#9580=DIRECTION('',(0.2773636729554097,-0.9607650040070592,0));
#9581=DIRECTION('',(0.3699016699049581,0.9290709093505852,0));
#9582=DIRECTION('',(-0.7041411122946967,0.7100600636399624,0));
#9583=FACE_SURFACE('',(#9588),#9584,.T.);
#9584=PLANE('',#9585);
#9585=AXIS2_PLACEMENT_3D('',#306,#9586,#9587);
#9586=DIRECTION('',(0,0,1));
#9587=DIRECTION('',(0.7041411122946967,-0.7100600636399624,0));
#9588=FACE_BOUND('',#9589,.T.);
#9589=EDGE_LOOP('',(#9590,#9591,#9592));
#9590=ORIENTED_EDGE('',*,*,#9593,.T.);
#9591=ORIENTED_EDGE('',*,*,#9594,.T.);
#9592=ORIENTED_EDGE('',*,*,#9595,.T.);
#9593=EDGE_CURVE('',#307,#431,#9596,.F.);
#9594=EDGE_CURVE('',#431,#311,#9597,.T.);
#9595=EDGE_CURVE('',#311,#307,#9598,.T.);
#9596=LINE('',#306,#9599);
#9597=LINE('',#430,#9600);
#9598=LINE('',#310,#9601);
#9599=VECTOR('',#9602,1.0);
#9600=VECTOR('',#9603,1.0);
#9601=VECTOR('',#9604,1.0);
#9602=DIRECTION('',(0.7041411122946967,-0.7100600636399624,0));
#9603=DIRECTION('',(-0.6946217133858683,0.7193751978577525,0));
#9604=DIRECTION('',(-0.9914429879544556,0.13054042146377973,0));
#9605=FACE_SURFACE('',(#9610),#9606,.T.);
#9606=PLANE('',#9607);
#9607=AXIS2_PLACEMENT_3D('',#310,#9608,#9609);
#9608=DIRECTION('',(-0,0,1));
#9609=DIRECTION('',(0.6946217133858683,-0.7193751978577525,0));
#9610=FACE_BOUND('',#9611,.T.);
#9611=EDGE_LOOP('',(#9612,#9613,#9614));
#9612=ORIENTED_EDGE('',*,*,#9615,.T.);
#9613=ORIENTED_EDGE('',*,*,#9616,.T.);
#9614=ORIENTED_EDGE('',*,*,#9617,.T.);
#9615=EDGE_CURVE('',#311,#431,#9618,.F.);
#9616=EDGE_CURVE('',#431,#315,#9619,.T.);
#9617=EDGE_CURVE('',#315,#311,#9620,.T.);
#9618=LINE('',#310,#9621);
#9619=LINE('',#430,#9622);
#9620=LINE('',#314,#9623);
#9621=VECTOR('',#9624,1.0);
#9622=VECTOR('',#9625,1.0);
#9623=VECTOR('',#9626,1.0);
#9624=DIRECTION('',(0.6946217133858683,-0.7193751978577525,0));
#9625=DIRECTION('',(-0.6817658199652018,0.7315704796717648,0));
#9626=DIRECTION('',(-0.9914429879544556,-0.13054042146377973,0));
#9627=FACE_SURFACE('',(#9632),#9628,.T.);
#9628=PLANE('',#9629);
#9629=AXIS2_PLACEMENT_3D('',#314,#9630,#9631);
#9630=DIRECTION('',(-0,0,1));
#9631=DIRECTION('',(0.6817658199652018,-0.7315704796717648,0));
#9632=FACE_BOUND('',#9633,.T.);
#9633=EDGE_LOOP('',(#9634,#9635,#9636));
#9634=ORIENTED_EDGE('',*,*,#9637,.T.);
#9635=ORIENTED_EDGE('',*,*,#9638,.T.);
#9636=ORIENTED_EDGE('',*,*,#9639,.T.);
#9637=EDGE_CURVE('',#315,#431,#9640,.F.);
#9638=EDGE_CURVE('',#431,#319,#9641,.T.);
#9639=EDGE_CURVE('',#319,#315,#9642,.T.);
#9640=LINE('',#314,#9643);
#9641=LINE('',#430,#9644);
#9642=LINE('',#318,#9645);
#9643=VECTOR('',#9646,1.0);
#9644=VECTOR('',#9647,1.0);
#9645=VECTOR('',#9648,1.0);
#9646=DIRECTION('',(0.6817658199652018,-0.7315704796717648,0));
#9647=DIRECTION('',(-0.6663984647678358,0.7455957927423352,0));
#9648=DIRECTION('',(-0.9238819084939894,-0.3826776961850583,0));
#9649=FACE_SURFACE('',(#9654),#9650,.T.);
#9650=PLANE('',#9651);
#9651=AXIS2_PLACEMENT_3D('',#318,#9652,#9653);
#9652=DIRECTION('',(-0,0,1));
#9653=DIRECTION('',(0.6663984647678358,-0.7455957927423352,0));
#9654=FACE_BOUND('',#9655,.T.);
#9655=EDGE_LOOP('',(#9656,#9657,#9658));
#9656=ORIENTED_EDGE('',*,*,#9659,.T.);
#9657=ORIENTED_EDGE('',*,*,#9660,.T.);
#9658=ORIENTED_EDGE('',*,*,#9661,.T.);
#9659=EDGE_CURVE('',#319,#431,#9662,.F.);
#9660=EDGE_CURVE('',#431,#323,#9663,.T.);
#9661=EDGE_CURVE('',#323,#319,#9664,.T.);
#9662=LINE('',#318,#9665);
#9663=LINE('',#430,#9666);
#9664=LINE('',#322,#9667);
#9665=VECTOR('',#9668,1.0);
#9666=VECTOR('',#9669,1.0);
#9667=VECTOR('',#9670,1.0);
#9668=DIRECTION('',(0.6663984647678358,-0.7455957927423352,0));
#9669=DIRECTION('',(-0.6496992236981308,0.7601913698050289,0));
#9670=DIRECTION('',(-0.7933529934497514,-0.608761881021076,0));
#9671=FACE_SURFACE('',(#9676),#9672,.T.);
#9672=PLANE('',#9673);
#9673=AXIS2_PLACEMENT_3D('',#322,#9674,#9675);
#9674=DIRECTION('',(-0,0,1));
#9675=DIRECTION('',(0.6496992236981308,-0.7601913698050289,0));
#9676=FACE_BOUND('',#9677,.T.);
#9677=EDGE_LOOP('',(#9678,#9679,#9680));
#9678=ORIENTED_EDGE('',*,*,#9681,.T.);
#9679=ORIENTED_EDGE('',*,*,#9682,.T.);
#9680=ORIENTED_EDGE('',*,*,#9683,.T.);
#9681=EDGE_CURVE('',#323,#431,#9684,.F.);
#9682=EDGE_CURVE('',#431,#327,#9685,.T.);
#9683=EDGE_CURVE('',#327,#323,#9686,.T.);
#9684=LINE('',#322,#9687);
#9685=LINE('',#430,#9688);
#9686=LINE('',#326,#9689);
#9687=VECTOR('',#9690,1.0);
#9688=VECTOR('',#9691,1.0);
#9689=VECTOR('',#9692,1.0);
#9690=DIRECTION('',(0.6496992236981308,-0.7601913698050289,0));
#9691=DIRECTION('',(-0.6330884738204791,0.7740794431553241,0));
#9692=DIRECTION('',(-0.6087631779678259,-0.79335199826465,0));
#9693=FACE_SURFACE('',(#9698),#9694,.T.);
#9694=PLANE('',#9695);
#9695=AXIS2_PLACEMENT_3D('',#374,#9696,#9697);
#9696=DIRECTION('',(0,0,1));
#9697=DIRECTION('',(0.6087653165726498,0.7933503572433819,0));
#9698=FACE_BOUND('',#9699,.T.);
#9699=EDGE_LOOP('',(#9700,#9701,#9702));
#9700=ORIENTED_EDGE('',*,*,#9703,.T.);
#9701=ORIENTED_EDGE('',*,*,#9704,.T.);
#9702=ORIENTED_EDGE('',*,*,#9705,.T.);
#9703=EDGE_CURVE('',#375,#371,#9706,.F.);
#9704=EDGE_CURVE('',#371,#467,#9707,.T.);
#9705=EDGE_CURVE('',#467,#375,#9708,.T.);
#9706=LINE('',#374,#9709);
#9707=LINE('',#370,#9710);
#9708=LINE('',#466,#9711);
#9709=VECTOR('',#9712,1.0);
#9710=VECTOR('',#9713,1.0);
#9711=VECTOR('',#9714,1.0);
#9712=DIRECTION('',(0.6087653165726498,0.7933503572433819,0));
#9713=DIRECTION('',(0.27478158439952355,0.9615066722986833,0));
#9714=DIRECTION('',(-0.27932178755738674,-0.9601975520671494,0));
#9715=FACE_SURFACE('',(#9720),#9716,.T.);
#9716=PLANE('',#9717);
#9717=AXIS2_PLACEMENT_3D('',#362,#9718,#9719);
#9718=DIRECTION('',(0,0,1));
#9719=DIRECTION('',(0.9914447071709669,0.13052736350158817,0));
#9720=FACE_BOUND('',#9721,.T.);
#9721=EDGE_LOOP('',(#9722,#9723,#9724));
#9722=ORIENTED_EDGE('',*,*,#9725,.T.);
#9723=ORIENTED_EDGE('',*,*,#9726,.T.);
#9724=ORIENTED_EDGE('',*,*,#9727,.T.);
#9725=EDGE_CURVE('',#363,#359,#9728,.F.);
#9726=EDGE_CURVE('',#359,#471,#9729,.T.);
#9727=EDGE_CURVE('',#471,#363,#9730,.T.);
#9728=LINE('',#362,#9731);
#9729=LINE('',#358,#9732);
#9730=LINE('',#470,#9733);
#9731=VECTOR('',#9734,1.0);
#9732=VECTOR('',#9735,1.0);
#9733=VECTOR('',#9736,1.0);
#9734=DIRECTION('',(0.9914447071709669,0.13052736350158817,0));
#9735=DIRECTION('',(0.546986761793265,0.8371412559555992,0));
#9736=DIRECTION('',(-0.5653707182320953,-0.8248369238617562,0));
#9737=FACE_SURFACE('',(#9742),#9738,.T.);
#9738=PLANE('',#9739);
#9739=AXIS2_PLACEMENT_3D('',#470,#9740,#9741);
#9740=DIRECTION('',(0,0,1));
#9741=DIRECTION('',(-0.546986761793265,-0.8371412559555992,0));
#9742=FACE_BOUND('',#9743,.T.);
#9743=EDGE_LOOP('',(#9744,#9745,#9746));
#9744=ORIENTED_EDGE('',*,*,#9747,.T.);
#9745=ORIENTED_EDGE('',*,*,#9748,.T.);
#9746=ORIENTED_EDGE('',*,*,#9749,.T.);
#9747=EDGE_CURVE('',#471,#359,#9750,.F.);
#9748=EDGE_CURVE('',#359,#355,#9751,.T.);
#9749=EDGE_CURVE('',#355,#471,#9752,.T.);
#9750=LINE('',#470,#9753);
#9751=LINE('',#358,#9754);
#9752=LINE('',#354,#9755);
#9753=VECTOR('',#9756,1.0);
#9754=VECTOR('',#9757,1.0);
#9755=VECTOR('',#9758,1.0);
#9756=DIRECTION('',(-0.546986761793265,-0.8371412559555992,0));
#9757=DIRECTION('',(0.9914447071709669,-0.13052736350158817,0));
#9758=DIRECTION('',(0.5240657361766441,0.8516778171149182,0));
#9759=FACE_SURFACE('',(#9764),#9760,.T.);
#9760=PLANE('',#9761);
#9761=AXIS2_PLACEMENT_3D('',#470,#9762,#9763);
#9762=DIRECTION('',(0,0,1));
#9763=DIRECTION('',(-0.5240657361766441,-0.8516778171149182,0));
#9764=FACE_BOUND('',#9765,.T.);
#9765=EDGE_LOOP('',(#9766,#9767,#9768));
#9766=ORIENTED_EDGE('',*,*,#9769,.T.);
#9767=ORIENTED_EDGE('',*,*,#9770,.T.);
#9768=ORIENTED_EDGE('',*,*,#9771,.T.);
#9769=EDGE_CURVE('',#471,#355,#9772,.F.);
#9770=EDGE_CURVE('',#355,#351,#9773,.T.);
#9771=EDGE_CURVE('',#351,#471,#9774,.T.);
#9772=LINE('',#470,#9775);
#9773=LINE('',#354,#9776);
#9774=LINE('',#350,#9777);
#9775=VECTOR('',#9778,1.0);
#9776=VECTOR('',#9779,1.0);
#9777=VECTOR('',#9780,1.0);
#9778=DIRECTION('',(-0.5240657361766441,-0.8516778171149182,0));
#9779=DIRECTION('',(0.9238803429332881,-0.38268147582744294,0));
#9780=DIRECTION('',(0.4984022397581533,0.866945908003525,0));
#9781=FACE_SURFACE('',(#9786),#9782,.T.);
#9782=PLANE('',#9783);
#9783=AXIS2_PLACEMENT_3D('',#350,#9784,#9785);
#9784=DIRECTION('',(-0,0,1));
#9785=DIRECTION('',(0.7933508548264155,-0.6087646681158456,0));
#9786=FACE_BOUND('',#9787,.T.);
#9787=EDGE_LOOP('',(#9788,#9789,#9790));
#9788=ORIENTED_EDGE('',*,*,#9791,.T.);
#9789=ORIENTED_EDGE('',*,*,#9792,.T.);
#9790=ORIENTED_EDGE('',*,*,#9793,.T.);
#9791=EDGE_CURVE('',#351,#347,#9794,.F.);
#9792=EDGE_CURVE('',#347,#471,#9795,.T.);
#9793=EDGE_CURVE('',#471,#351,#9796,.T.);
#9794=LINE('',#350,#9797);
#9795=LINE('',#346,#9798);
#9796=LINE('',#470,#9799);
#9797=VECTOR('',#9800,1.0);
#9798=VECTOR('',#9801,1.0);
#9799=VECTOR('',#9802,1.0);
#9800=DIRECTION('',(0.7933508548264155,-0.6087646681158456,0));
#9801=DIRECTION('',(0.4723100516900134,0.8814324790207001,0));
#9802=DIRECTION('',(-0.4984022397581533,-0.866945908003525,0));
#9803=FACE_SURFACE('',(#9808),#9804,.T.);
#9804=PLANE('',#9805);
#9805=AXIS2_PLACEMENT_3D('',#470,#9806,#9807);
#9806=DIRECTION('',(0,0,1));
#9807=DIRECTION('',(-0.4723100516900134,-0.8814324790207001,0));
#9808=FACE_BOUND('',#9809,.T.);
#9809=EDGE_LOOP('',(#9810,#9811,#9812));
#9810=ORIENTED_EDGE('',*,*,#9813,.T.);
#9811=ORIENTED_EDGE('',*,*,#9814,.T.);
#9812=ORIENTED_EDGE('',*,*,#9815,.T.);
#9813=EDGE_CURVE('',#471,#347,#9816,.F.);
#9814=EDGE_CURVE('',#347,#343,#9817,.T.);
#9815=EDGE_CURVE('',#343,#471,#9818,.T.);
#9816=LINE('',#470,#9819);
#9817=LINE('',#346,#9820);
#9818=LINE('',#342,#9821);
#9819=VECTOR('',#9822,1.0);
#9820=VECTOR('',#9823,1.0);
#9821=VECTOR('',#9824,1.0);
#9822=DIRECTION('',(-0.4723100516900134,-0.8814324790207001,0));
#9823=DIRECTION('',(0.6087653165726498,-0.7933503572433819,0));
#9824=DIRECTION('',(0.4482593814056713,0.8939035333758364,0));
#9825=FACE_SURFACE('',(#9830),#9826,.T.);
#9826=PLANE('',#9827);
#9827=AXIS2_PLACEMENT_3D('',#286,#9828,#9829);
#9828=DIRECTION('',(0,-0,1));
#9829=DIRECTION('',(0.1305305700472816,0.9914442850120887,0));
#9830=FACE_BOUND('',#9831,.T.);
#9831=EDGE_LOOP('',(#9832,#9833,#9834));
#9832=ORIENTED_EDGE('',*,*,#9835,.T.);
#9833=ORIENTED_EDGE('',*,*,#9836,.T.);
#9834=ORIENTED_EDGE('',*,*,#9837,.T.);
#9835=EDGE_CURVE('',#287,#283,#9838,.F.);
#9836=EDGE_CURVE('',#283,#489,#9839,.T.);
#9837=EDGE_CURVE('',#489,#287,#9840,.T.);
#9838=LINE('',#286,#9841);
#9839=LINE('',#282,#9842);
#9840=LINE('',#488,#9843);
#9841=VECTOR('',#9844,1.0);
#9842=VECTOR('',#9845,1.0);
#9843=VECTOR('',#9846,1.0);
#9844=DIRECTION('',(0.1305305700472816,0.9914442850120887,0));
#9845=DIRECTION('',(-0.5973607907804253,0.8019726215016226,0));
#9846=DIRECTION('',(0.5566157102588856,-0.8307700952086543,0));
#9847=FACE_SURFACE('',(#9852),#9848,.T.);
#9848=PLANE('',#9849);
#9849=AXIS2_PLACEMENT_3D('',#488,#9850,#9851);
#9850=DIRECTION('',(0,0,1));
#9851=DIRECTION('',(0.5973607907804253,-0.8019726215016226,0));
#9852=FACE_BOUND('',#9853,.T.);
#9853=EDGE_LOOP('',(#9854,#9855,#9856));
#9854=ORIENTED_EDGE('',*,*,#9857,.T.);
#9855=ORIENTED_EDGE('',*,*,#9858,.T.);
#9856=ORIENTED_EDGE('',*,*,#9859,.T.);
#9857=EDGE_CURVE('',#489,#283,#9860,.F.);
#9858=EDGE_CURVE('',#283,#279,#9861,.T.);
#9859=EDGE_CURVE('',#279,#489,#9862,.T.);
#9860=LINE('',#488,#9863);
#9861=LINE('',#282,#9864);
#9862=LINE('',#278,#9865);
#9863=VECTOR('',#9866,1.0);
#9864=VECTOR('',#9867,1.0);
#9865=VECTOR('',#9868,1.0);
#9866=DIRECTION('',(0.5973607907804253,-0.8019726215016226,0));
#9867=DIRECTION('',(0.3826776961850583,0.9238819084939894,0));
#9868=DIRECTION('',(-0.6500028861764435,0.7599317390149548,0));
#9869=FACE_SURFACE('',(#9874),#9870,.T.);
#9870=PLANE('',#9871);
#9871=AXIS2_PLACEMENT_3D('',#488,#9872,#9873);
#9872=DIRECTION('',(0,0,1));
#9873=DIRECTION('',(0.6500028861764435,-0.7599317390149548,0));
#9874=FACE_BOUND('',#9875,.T.);
#9875=EDGE_LOOP('',(#9876,#9877,#9878));
#9876=ORIENTED_EDGE('',*,*,#9879,.T.);
#9877=ORIENTED_EDGE('',*,*,#9880,.T.);
#9878=ORIENTED_EDGE('',*,*,#9881,.T.);
#9879=EDGE_CURVE('',#489,#279,#9882,.F.);
#9880=EDGE_CURVE('',#279,#275,#9883,.T.);
#9881=EDGE_CURVE('',#275,#489,#9884,.T.);
#9882=LINE('',#488,#9885);
#9883=LINE('',#278,#9886);
#9884=LINE('',#274,#9887);
#9885=VECTOR('',#9888,1.0);
#9886=VECTOR('',#9889,1.0);
#9887=VECTOR('',#9890,1.0);
#9888=DIRECTION('',(0.6500028861764435,-0.7599317390149548,0));
#9889=DIRECTION('',(0.6087717324507355,0.7933454340758067,0));
#9890=DIRECTION('',(-0.7071067811865476,0.7071067811865476,0));
#9891=FACE_SURFACE('',(#9896),#9892,.T.);
#9892=PLANE('',#9893);
#9893=AXIS2_PLACEMENT_3D('',#274,#9894,#9895);
#9894=DIRECTION('',(0,-0,1));
#9895=DIRECTION('',(0.7933529934497514,0.608761881021076,0));
#9896=FACE_BOUND('',#9897,.T.);
#9897=EDGE_LOOP('',(#9898,#9899,#9900));
#9898=ORIENTED_EDGE('',*,*,#9901,.T.);
#9899=ORIENTED_EDGE('',*,*,#9902,.T.);
#9900=ORIENTED_EDGE('',*,*,#9903,.T.);
#9901=EDGE_CURVE('',#275,#271,#9904,.F.);
#9902=EDGE_CURVE('',#271,#489,#9905,.T.);
#9903=EDGE_CURVE('',#489,#275,#9906,.T.);
#9904=LINE('',#274,#9907);
#9905=LINE('',#270,#9908);
#9906=LINE('',#488,#9909);
#9907=VECTOR('',#9910,1.0);
#9908=VECTOR('',#9911,1.0);
#9909=VECTOR('',#9912,1.0);
#9910=DIRECTION('',(0.7933529934497514,0.608761881021076,0));
#9911=DIRECTION('',(-0.7599316894008417,0.6500029441813189,0));
#9912=DIRECTION('',(0.7071067811865476,-0.7071067811865476,0));
#9913=FACE_SURFACE('',(#9918),#9914,.T.);
#9914=PLANE('',#9915);
#9915=AXIS2_PLACEMENT_3D('',#488,#9916,#9917);
#9916=DIRECTION('',(0,0,1));
#9917=DIRECTION('',(0.7599316894008417,-0.6500029441813189,0));
#9918=FACE_BOUND('',#9919,.T.);
#9919=EDGE_LOOP('',(#9920,#9921,#9922));
#9920=ORIENTED_EDGE('',*,*,#9923,.T.);
#9921=ORIENTED_EDGE('',*,*,#9924,.T.);
#9922=ORIENTED_EDGE('',*,*,#9925,.T.);
#9923=EDGE_CURVE('',#489,#271,#9926,.F.);
#9924=EDGE_CURVE('',#271,#267,#9927,.T.);
#9925=EDGE_CURVE('',#267,#489,#9928,.T.);
#9926=LINE('',#488,#9929);
#9927=LINE('',#270,#9930);
#9928=LINE('',#266,#9931);
#9929=VECTOR('',#9932,1.0);
#9930=VECTOR('',#9933,1.0);
#9931=VECTOR('',#9934,1.0);
#9932=DIRECTION('',(0.7599316894008417,-0.6500029441813189,0));
#9933=DIRECTION('',(0.9238756461902449,0.38269281463931043,0));
#9934=DIRECTION('',(-0.8019731807197763,0.5973600400145671,0));
#9935=FACE_SURFACE('',(#9940),#9936,.T.);
#9936=PLANE('',#9937);
#9937=AXIS2_PLACEMENT_3D('',#488,#9938,#9939);
#9938=DIRECTION('',(0,0,1));
#9939=DIRECTION('',(0.8019731807197763,-0.5973600400145671,0));
#9940=FACE_BOUND('',#9941,.T.);
#9941=EDGE_LOOP('',(#9942,#9943,#9944));
#9942=ORIENTED_EDGE('',*,*,#9945,.T.);
#9943=ORIENTED_EDGE('',*,*,#9946,.T.);
#9944=ORIENTED_EDGE('',*,*,#9947,.T.);
#9945=EDGE_CURVE('',#489,#267,#9948,.F.);
#9946=EDGE_CURVE('',#267,#263,#9949,.T.);
#9947=EDGE_CURVE('',#263,#489,#9950,.T.);
#9948=LINE('',#488,#9951);
#9949=LINE('',#266,#9952);
#9950=LINE('',#262,#9953);
#9951=VECTOR('',#9954,1.0);
#9952=VECTOR('',#9955,1.0);
#9953=VECTOR('',#9956,1.0);
#9954=DIRECTION('',(0.8019731807197763,-0.5973600400145671,0));
#9955=DIRECTION('',(0.991445280206244,0.13052301083242926,0));
#9956=DIRECTION('',(-0.8307700952086543,0.5566157102588856,0));
#9957=FACE_SURFACE('',(#9962),#9958,.T.);
#9958=PLANE('',#9959);
#9959=AXIS2_PLACEMENT_3D('',#262,#9960,#9961);
#9960=DIRECTION('',(-0,-0,1));
#9961=DIRECTION('',(0.991445280206244,-0.13052301083242926,0));
#9962=FACE_BOUND('',#9963,.T.);
#9963=EDGE_LOOP('',(#9964,#9965,#9966));
#9964=ORIENTED_EDGE('',*,*,#9967,.T.);
#9965=ORIENTED_EDGE('',*,*,#9968,.T.);
#9966=ORIENTED_EDGE('',*,*,#9969,.T.);
#9967=EDGE_CURVE('',#263,#259,#9970,.F.);
#9968=EDGE_CURVE('',#259,#489,#9971,.T.);
#9969=EDGE_CURVE('',#489,#263,#9972,.T.);
#9970=LINE('',#262,#9973);
#9971=LINE('',#258,#9974);
#9972=LINE('',#488,#9975);
#9973=VECTOR('',#9976,1.0);
#9974=VECTOR('',#9977,1.0);
#9975=VECTOR('',#9978,1.0);
#9976=DIRECTION('',(0.991445280206244,-0.13052301083242926,0));
#9977=DIRECTION('',(-0.846992874007494,0.5316042431927396,0));
#9978=DIRECTION('',(0.8307700952086543,-0.5566157102588856,0));
#9979=FACE_SURFACE('',(#9984),#9980,.T.);
#9980=PLANE('',#9981);
#9981=AXIS2_PLACEMENT_3D('',#488,#9982,#9983);
#9982=DIRECTION('',(0,0,1));
#9983=DIRECTION('',(0.846992874007494,-0.5316042431927396,0));
#9984=FACE_BOUND('',#9985,.T.);
#9985=EDGE_LOOP('',(#9986,#9987,#9988));
#9986=ORIENTED_EDGE('',*,*,#9989,.T.);
#9987=ORIENTED_EDGE('',*,*,#9990,.T.);
#9988=ORIENTED_EDGE('',*,*,#9991,.T.);
#9989=EDGE_CURVE('',#489,#259,#9992,.F.);
#9990=EDGE_CURVE('',#259,#255,#9993,.T.);
#9991=EDGE_CURVE('',#255,#489,#9994,.T.);
#9992=LINE('',#488,#9995);
#9993=LINE('',#258,#9996);
#9994=LINE('',#254,#9997);
#9995=VECTOR('',#9998,1.0);
#9996=VECTOR('',#9999,1.0);
#9997=VECTOR('',#10000,1.0);
#9998=DIRECTION('',(0.846992874007494,-0.5316042431927396,0));
#9999=DIRECTION('',(0.9238756461902449,-0.38269281463931043,0));
#10000=DIRECTION('',(-0.8525426622859191,0.5226576403176723,0));
#10001=FACE_SURFACE('',(#10006),#10002,.T.);
#10002=PLANE('',#10003);
#10003=AXIS2_PLACEMENT_3D('',#488,#10004,#10005);
#10004=DIRECTION('',(0,0,1));
#10005=DIRECTION('',(0.8525426622859191,-0.5226576403176723,0));
#10006=FACE_BOUND('',#10007,.T.);
#10007=EDGE_LOOP('',(#10008,#10009,#10010));
#10008=ORIENTED_EDGE('',*,*,#10011,.T.);
#10009=ORIENTED_EDGE('',*,*,#10012,.T.);
#10010=ORIENTED_EDGE('',*,*,#10013,.T.);
#10011=EDGE_CURVE('',#489,#255,#10014,.F.);
#10012=EDGE_CURVE('',#255,#175,#10015,.T.);
#10013=EDGE_CURVE('',#175,#489,#10016,.T.);
#10014=LINE('',#488,#10017);
#10015=LINE('',#254,#10018);
#10016=LINE('',#174,#10019);
#10017=VECTOR('',#10020,1.0);
#10018=VECTOR('',#10021,1.0);
#10019=VECTOR('',#10022,1.0);
#10020=DIRECTION('',(0.8525426622859191,-0.5226576403176723,0));
#10021=DIRECTION('',(1,0,0));
#10022=DIRECTION('',(-0.9993575415318331,0.03583998023786694,0));
#10023=FACE_SURFACE('',(#10028),#10024,.T.);
#10024=PLANE('',#10025);
#10025=AXIS2_PLACEMENT_3D('',#174,#10026,#10027);
#10026=DIRECTION('',(0,0,1));
#10027=DIRECTION('',(-1,0,0));
#10028=FACE_BOUND('',#10029,.T.);
#10029=EDGE_LOOP('',(#10030,#10031,#10032));
#10030=ORIENTED_EDGE('',*,*,#10033,.T.);
#10031=ORIENTED_EDGE('',*,*,#10034,.T.);
#10032=ORIENTED_EDGE('',*,*,#10035,.T.);
#10033=EDGE_CURVE('',#175,#255,#10036,.F.);
#10034=EDGE_CURVE('',#255,#179,#10037,.T.);
#10035=EDGE_CURVE('',#179,#175,#10038,.T.);
#10036=LINE('',#174,#10039);
#10037=LINE('',#254,#10040);
#10038=LINE('',#178,#10041);
#10039=VECTOR('',#10042,1.0);
#10040=VECTOR('',#10043,1.0);
#10041=VECTOR('',#10044,1.0);
#10042=DIRECTION('',(-1,0,0));
#10043=DIRECTION('',(0.9999960598689417,-0.002807177691571451,0));
#10044=DIRECTION('',(0.7933497113631495,0.6087661582906917,0));
#10045=FACE_SURFACE('',(#10050),#10046,.T.);
#10046=PLANE('',#10047);
#10047=AXIS2_PLACEMENT_3D('',#178,#10048,#10049);
#10048=DIRECTION('',(0,0,1));
#10049=DIRECTION('',(-0.9999960598689417,0.002807177691571451,0));
#10050=FACE_BOUND('',#10051,.T.);
#10051=EDGE_LOOP('',(#10052,#10053,#10054));
#10052=ORIENTED_EDGE('',*,*,#10055,.T.);
#10053=ORIENTED_EDGE('',*,*,#10056,.T.);
#10054=ORIENTED_EDGE('',*,*,#10057,.T.);
#10055=EDGE_CURVE('',#179,#255,#10058,.F.);
#10056=EDGE_CURVE('',#255,#251,#10059,.T.);
#10057=EDGE_CURVE('',#251,#179,#10060,.T.);
#10058=LINE('',#178,#10061);
#10059=LINE('',#254,#10062);
#10060=LINE('',#250,#10063);
#10061=VECTOR('',#10064,1.0);
#10062=VECTOR('',#10065,1.0);
#10063=VECTOR('',#10066,1.0);
#10064=DIRECTION('',(-0.9999960598689417,0.002807177691571451,0));
#10065=DIRECTION('',(0.7933529934497514,-0.608761881021076,0));
#10066=DIRECTION('',(1,0,0));
#10067=FACE_SURFACE('',(#10072),#10068,.T.);
#10068=PLANE('',#10069);
#10069=AXIS2_PLACEMENT_3D('',#178,#10070,#10071);
#10070=DIRECTION('',(0,0,1));
#10071=DIRECTION('',(-1,0,0));
#10072=FACE_BOUND('',#10073,.T.);
#10073=EDGE_LOOP('',(#10074,#10075,#10076));
#10074=ORIENTED_EDGE('',*,*,#10077,.T.);
#10075=ORIENTED_EDGE('',*,*,#10078,.T.);
#10076=ORIENTED_EDGE('',*,*,#10079,.T.);
#10077=EDGE_CURVE('',#179,#251,#10080,.F.);
#10078=EDGE_CURVE('',#251,#439,#10081,.T.);
#10079=EDGE_CURVE('',#439,#179,#10082,.T.);
#10080=LINE('',#178,#10083);
#10081=LINE('',#250,#10084);
#10082=LINE('',#438,#10085);
#10083=VECTOR('',#10086,1.0);
#10084=VECTOR('',#10087,1.0);
#10085=VECTOR('',#10088,1.0);
#10086=DIRECTION('',(-1,0,0));
#10087=DIRECTION('',(0.9486148275308655,-0.31643310349675235,0));
#10088=DIRECTION('',(0.9263021713553045,0.37678148487213137,0));
#10089=FACE_SURFACE('',(#10094),#10090,.T.);
#10090=PLANE('',#10091);
#10091=AXIS2_PLACEMENT_3D('',#438,#10092,#10093);
#10092=DIRECTION('',(0,0,1));
#10093=DIRECTION('',(-0.9486148275308655,0.31643310349675235,0));
#10094=FACE_BOUND('',#10095,.T.);
#10095=EDGE_LOOP('',(#10096,#10097,#10098));
#10096=ORIENTED_EDGE('',*,*,#10099,.T.);
#10097=ORIENTED_EDGE('',*,*,#10100,.T.);
#10098=ORIENTED_EDGE('',*,*,#10101,.T.);
#10099=EDGE_CURVE('',#439,#251,#10102,.F.);
#10100=EDGE_CURVE('',#251,#247,#10103,.T.);
#10101=EDGE_CURVE('',#247,#439,#10104,.T.);
#10102=LINE('',#438,#10105);
#10103=LINE('',#250,#10106);
#10104=LINE('',#246,#10107);
#10105=VECTOR('',#10108,1.0);
#10106=VECTOR('',#10109,1.0);
#10107=VECTOR('',#10110,1.0);
#10108=DIRECTION('',(-0.9486148275308655,0.31643310349675235,0));
#10109=DIRECTION('',(0.6087717324507355,-0.7933454340758067,0));
#10110=DIRECTION('',(0.9500304901797513,-0.31215712025968817,0));
#10111=FACE_SURFACE('',(#10116),#10112,.T.);
#10112=PLANE('',#10113);
#10113=AXIS2_PLACEMENT_3D('',#438,#10114,#10115);
#10114=DIRECTION('',(0,0,1));
#10115=DIRECTION('',(-0.9500304901797513,0.31215712025968817,0));
#10116=FACE_BOUND('',#10117,.T.);
#10117=EDGE_LOOP('',(#10118,#10119,#10120));
#10118=ORIENTED_EDGE('',*,*,#10121,.T.);
#10119=ORIENTED_EDGE('',*,*,#10122,.T.);
#10120=ORIENTED_EDGE('',*,*,#10123,.T.);
#10121=EDGE_CURVE('',#439,#247,#10124,.F.);
#10122=EDGE_CURVE('',#247,#243,#10125,.T.);
#10123=EDGE_CURVE('',#243,#439,#10126,.T.);
#10124=LINE('',#438,#10127);
#10125=LINE('',#246,#10128);
#10126=LINE('',#242,#10129);
#10127=VECTOR('',#10130,1.0);
#10128=VECTOR('',#10131,1.0);
#10129=VECTOR('',#10132,1.0);
#10130=DIRECTION('',(-0.9500304901797513,0.31215712025968817,0));
#10131=DIRECTION('',(0.3826776961850583,-0.9238819084939894,0));
#10132=DIRECTION('',(0.9519266448443158,-0.30632607273205414,0));
#10133=FACE_SURFACE('',(#10138),#10134,.T.);
#10134=PLANE('',#10135);
#10135=AXIS2_PLACEMENT_3D('',#242,#10136,#10137);
#10136=DIRECTION('',(0,0,1));
#10137=DIRECTION('',(0.1305305700472816,-0.9914442850120887,0));
#10138=FACE_BOUND('',#10139,.T.);
#10139=EDGE_LOOP('',(#10140,#10141,#10142));
#10140=ORIENTED_EDGE('',*,*,#10143,.T.);
#10141=ORIENTED_EDGE('',*,*,#10144,.T.);
#10142=ORIENTED_EDGE('',*,*,#10145,.T.);
#10143=EDGE_CURVE('',#243,#239,#10146,.F.);
#10144=EDGE_CURVE('',#239,#439,#10147,.T.);
#10145=EDGE_CURVE('',#439,#243,#10148,.T.);
#10146=LINE('',#242,#10149);
#10147=LINE('',#238,#10150);
#10148=LINE('',#438,#10151);
#10149=VECTOR('',#10152,1.0);
#10150=VECTOR('',#10153,1.0);
#10151=VECTOR('',#10154,1.0);
#10152=DIRECTION('',(0.1305305700472816,-0.9914442850120887,0));
#10153=DIRECTION('',(0.9541475484251883,-0.299336693096925,0));
#10154=DIRECTION('',(-0.9519266448443158,0.30632607273205414,0));
#10155=FACE_SURFACE('',(#10160),#10156,.T.);
#10156=PLANE('',#10157);
#10157=AXIS2_PLACEMENT_3D('',#146,#10158,#10159);
#10158=DIRECTION('',(-0,0,1));
#10159=DIRECTION('',(0.13053927527407597,-0.9914431388692541,0));
#10160=FACE_BOUND('',#10161,.T.);
#10161=EDGE_LOOP('',(#10162,#10163,#10164));
#10162=ORIENTED_EDGE('',*,*,#10165,.T.);
#10163=ORIENTED_EDGE('',*,*,#10166,.T.);
#10164=ORIENTED_EDGE('',*,*,#10167,.T.);
#10165=EDGE_CURVE('',#147,#143,#10168,.F.);
#10166=EDGE_CURVE('',#143,#493,#10169,.T.);
#10167=EDGE_CURVE('',#493,#147,#10170,.T.);
#10168=LINE('',#146,#10171);
#10169=LINE('',#142,#10172);
#10170=LINE('',#492,#10173);
#10171=VECTOR('',#10174,1.0);
#10172=VECTOR('',#10175,1.0);
#10173=VECTOR('',#10176,1.0);
#10174=DIRECTION('',(0.13053927527407597,-0.9914431388692541,0));
#10175=DIRECTION('',(0.556614835349462,0.8307706813970335,0));
#10176=DIRECTION('',(-0.597360360508489,-0.8019729419956562,0));
#10177=FACE_SURFACE('',(#10182),#10178,.T.);
#10178=PLANE('',#10179);
#10179=AXIS2_PLACEMENT_3D('',#492,#10180,#10181);
#10180=DIRECTION('',(0,0,1));
#10181=DIRECTION('',(-0.556614835349462,-0.8307706813970335,0));
#10182=FACE_BOUND('',#10183,.T.);
#10183=EDGE_LOOP('',(#10184,#10185,#10186));
#10184=ORIENTED_EDGE('',*,*,#10187,.T.);
#10185=ORIENTED_EDGE('',*,*,#10188,.T.);
#10186=ORIENTED_EDGE('',*,*,#10189,.T.);
#10187=EDGE_CURVE('',#493,#143,#10190,.F.);
#10188=EDGE_CURVE('',#143,#139,#10191,.T.);
#10189=EDGE_CURVE('',#139,#493,#10192,.T.);
#10190=LINE('',#492,#10193);
#10191=LINE('',#142,#10194);
#10192=LINE('',#138,#10195);
#10193=VECTOR('',#10196,1.0);
#10194=VECTOR('',#10197,1.0);
#10195=VECTOR('',#10198,1.0);
#10196=DIRECTION('',(-0.556614835349462,-0.8307706813970335,0));
#10197=DIRECTION('',(-0.13054156767343722,-0.9914428370356817,0));
#10198=DIRECTION('',(0.5316045112602983,0.8469927057582606,0));
#10199=FACE_SURFACE('',(#10204),#10200,.T.);
#10200=PLANE('',#10201);
#10201=AXIS2_PLACEMENT_3D('',#492,#10202,#10203);
#10202=DIRECTION('',(0,0,1));
#10203=DIRECTION('',(-0.5316045112602983,-0.8469927057582606,0));
#10204=FACE_BOUND('',#10205,.T.);
#10205=EDGE_LOOP('',(#10206,#10207,#10208));
#10206=ORIENTED_EDGE('',*,*,#10209,.T.);
#10207=ORIENTED_EDGE('',*,*,#10210,.T.);
#10208=ORIENTED_EDGE('',*,*,#10211,.T.);
#10209=EDGE_CURVE('',#493,#139,#10212,.F.);
#10210=EDGE_CURVE('',#139,#231,#10213,.T.);
#10211=EDGE_CURVE('',#231,#493,#10214,.T.);
#10212=LINE('',#492,#10215);
#10213=LINE('',#138,#10216);
#10214=LINE('',#230,#10217);
#10215=VECTOR('',#10218,1.0);
#10216=VECTOR('',#10219,1.0);
#10217=VECTOR('',#10220,1.0);
#10218=DIRECTION('',(-0.5316045112602983,-0.8469927057582606,0));
#10219=DIRECTION('',(-0.38266257742337706,-0.9238881706352224,0));
#10220=DIRECTION('',(0.5226562658921508,0.852543504886216,0));
#10221=FACE_SURFACE('',(#10226),#10222,.T.);
#10222=PLANE('',#10223);
#10223=AXIS2_PLACEMENT_3D('',#226,#10224,#10225);
#10224=DIRECTION('',(0,0,1));
#10225=DIRECTION('',(-0.7933497113631495,-0.6087661582906917,0));
#10226=FACE_BOUND('',#10227,.T.);
#10227=EDGE_LOOP('',(#10228,#10229,#10230));
#10228=ORIENTED_EDGE('',*,*,#10231,.T.);
#10229=ORIENTED_EDGE('',*,*,#10232,.T.);
#10230=ORIENTED_EDGE('',*,*,#10233,.T.);
#10231=EDGE_CURVE('',#227,#223,#10234,.F.);
#10232=EDGE_CURVE('',#223,#463,#10235,.T.);
#10233=EDGE_CURVE('',#463,#227,#10236,.T.);
#10234=LINE('',#226,#10237);
#10235=LINE('',#222,#10238);
#10236=LINE('',#462,#10239);
#10237=VECTOR('',#10240,1.0);
#10238=VECTOR('',#10241,1.0);
#10239=VECTOR('',#10242,1.0);
#10240=DIRECTION('',(-0.7933497113631495,-0.6087661582906917,0));
#10241=DIRECTION('',(-0.3840306950448206,-0.9233203264649771,0));
#10242=DIRECTION('',(0.39024297122081475,0.9207119111930454,0));
#10243=FACE_SURFACE('',(#10248),#10244,.T.);
#10244=PLANE('',#10245);
#10245=AXIS2_PLACEMENT_3D('',#462,#10246,#10247);
#10246=DIRECTION('',(0,0,1));
#10247=DIRECTION('',(0.3840306950448206,0.9233203264649771,0));
#10248=FACE_BOUND('',#10249,.T.);
#10249=EDGE_LOOP('',(#10250,#10251,#10252));
#10250=ORIENTED_EDGE('',*,*,#10253,.T.);
#10251=ORIENTED_EDGE('',*,*,#10254,.T.);
#10252=ORIENTED_EDGE('',*,*,#10255,.T.);
#10253=EDGE_CURVE('',#463,#223,#10256,.F.);
#10254=EDGE_CURVE('',#223,#219,#10257,.T.);
#10255=EDGE_CURVE('',#219,#463,#10258,.T.);
#10256=LINE('',#462,#10259);
#10257=LINE('',#222,#10260);
#10258=LINE('',#218,#10261);
#10259=VECTOR('',#10262,1.0);
#10260=VECTOR('',#10263,1.0);
#10261=VECTOR('',#10264,1.0);
#10262=DIRECTION('',(0.3840306950448206,0.9233203264649771,0));
#10263=DIRECTION('',(-0.9238819084939894,-0.3826776961850583,0));
#10264=DIRECTION('',(-0.3750137388299477,-0.9270192531381339,0));
#10265=FACE_SURFACE('',(#10270),#10266,.T.);
#10266=PLANE('',#10267);
#10267=AXIS2_PLACEMENT_3D('',#462,#10268,#10269);
#10268=DIRECTION('',(0,0,1));
#10269=DIRECTION('',(0.3750137388299477,0.9270192531381339,0));
#10270=FACE_BOUND('',#10271,.T.);
#10271=EDGE_LOOP('',(#10272,#10273,#10274));
#10272=ORIENTED_EDGE('',*,*,#10275,.T.);
#10273=ORIENTED_EDGE('',*,*,#10276,.T.);
#10274=ORIENTED_EDGE('',*,*,#10277,.T.);
#10275=EDGE_CURVE('',#463,#219,#10278,.F.);
#10276=EDGE_CURVE('',#219,#215,#10279,.T.);
#10277=EDGE_CURVE('',#215,#463,#10280,.T.);
#10278=LINE('',#462,#10281);
#10279=LINE('',#218,#10282);
#10280=LINE('',#214,#10283);
#10281=VECTOR('',#10284,1.0);
#10282=VECTOR('',#10285,1.0);
#10283=VECTOR('',#10286,1.0);
#10284=DIRECTION('',(0.3750137388299477,0.9270192531381339,0));
#10285=DIRECTION('',(-0.9914434406869257,-0.1305369829545277,0));
#10286=DIRECTION('',(-0.3637765871266886,-0.9314862289150917,0));
#10287=FACE_SURFACE('',(#10292),#10288,.T.);
#10288=PLANE('',#10289);
#10289=AXIS2_PLACEMENT_3D('',#214,#10290,#10291);
#10290=DIRECTION('',(0,0,1));
#10291=DIRECTION('',(-0.9914428370356817,0.13054156767343722,0));
#10292=FACE_BOUND('',#10293,.T.);
#10293=EDGE_LOOP('',(#10294,#10295,#10296));
#10294=ORIENTED_EDGE('',*,*,#10297,.T.);
#10295=ORIENTED_EDGE('',*,*,#10298,.T.);
#10296=ORIENTED_EDGE('',*,*,#10299,.T.);
#10297=EDGE_CURVE('',#215,#211,#10300,.F.);
#10298=EDGE_CURVE('',#211,#463,#10301,.T.);
#10299=EDGE_CURVE('',#463,#215,#10302,.T.);
#10300=LINE('',#214,#10303);
#10301=LINE('',#210,#10304);
#10302=LINE('',#462,#10305);
#10303=VECTOR('',#10306,1.0);
#10304=VECTOR('',#10307,1.0);
#10305=VECTOR('',#10308,1.0);
#10306=DIRECTION('',(-0.9914428370356817,0.13054156767343722,0));
#10307=DIRECTION('',(-0.3511334680186667,-0.9363254175964593,0));
#10308=DIRECTION('',(0.3637765871266886,0.9314862289150917,0));
#10309=FACE_SURFACE('',(#10314),#10310,.T.);
#10310=PLANE('',#10311);
#10311=AXIS2_PLACEMENT_3D('',#462,#10312,#10313);
#10312=DIRECTION('',(0,0,1));
#10313=DIRECTION('',(0.3511334680186667,0.9363254175964593,0));
#10314=FACE_BOUND('',#10315,.T.);
#10315=EDGE_LOOP('',(#10316,#10317,#10318));
#10316=ORIENTED_EDGE('',*,*,#10319,.T.);
#10317=ORIENTED_EDGE('',*,*,#10320,.T.);
#10318=ORIENTED_EDGE('',*,*,#10321,.T.);
#10319=EDGE_CURVE('',#463,#211,#10322,.F.);
#10320=EDGE_CURVE('',#211,#207,#10323,.T.);
#10321=EDGE_CURVE('',#207,#463,#10324,.T.);
#10322=LINE('',#462,#10325);
#10323=LINE('',#210,#10326);
#10324=LINE('',#206,#10327);
#10325=VECTOR('',#10328,1.0);
#10326=VECTOR('',#10329,1.0);
#10327=VECTOR('',#10330,1.0);
#10328=DIRECTION('',(0.3511334680186667,0.9363254175964593,0));
#10329=DIRECTION('',(-0.9238819084939894,0.3826776961850583,0));
#10330=DIRECTION('',(-0.33806046775755816,-0.9411243914273719,0));
#10331=FACE_SURFACE('',(#10336),#10332,.T.);
#10332=PLANE('',#10333);
#10333=AXIS2_PLACEMENT_3D('',#202,#10334,#10335);
#10334=DIRECTION('',(0,0,1));
#10335=DIRECTION('',(-0.6087687520516256,0.7933477210690824,0));
#10336=FACE_BOUND('',#10337,.T.);
#10337=EDGE_LOOP('',(#10338,#10339,#10340));
#10338=ORIENTED_EDGE('',*,*,#10341,.T.);
#10339=ORIENTED_EDGE('',*,*,#10342,.T.);
#10340=ORIENTED_EDGE('',*,*,#10343,.T.);
#10341=EDGE_CURVE('',#203,#199,#10344,.F.);
#10342=EDGE_CURVE('',#199,#439,#10345,.T.);
#10343=EDGE_CURVE('',#439,#203,#10346,.T.);
#10344=LINE('',#202,#10347);
#10345=LINE('',#198,#10348);
#10346=LINE('',#438,#10349);
#10347=VECTOR('',#10350,1.0);
#10348=VECTOR('',#10351,1.0);
#10349=VECTOR('',#10352,1.0);
#10350=DIRECTION('',(-0.6087687520516256,0.7933477210690824,0));
#10351=DIRECTION('',(-0.9404303913285434,-0.3399862924672737,0));
#10352=DIRECTION('',(0.9435307554959292,0.3312849429619178,0));
#10353=FACE_SURFACE('',(#10358),#10354,.T.);
#10354=PLANE('',#10355);
#10355=AXIS2_PLACEMENT_3D('',#438,#10356,#10357);
#10356=DIRECTION('',(0,0,1));
#10357=DIRECTION('',(0.9404303913285434,0.3399862924672737,0));
#10358=FACE_BOUND('',#10359,.T.);
#10359=EDGE_LOOP('',(#10360,#10361,#10362));
#10360=ORIENTED_EDGE('',*,*,#10363,.T.);
#10361=ORIENTED_EDGE('',*,*,#10364,.T.);
#10362=ORIENTED_EDGE('',*,*,#10365,.T.);
#10363=EDGE_CURVE('',#439,#199,#10366,.F.);
#10364=EDGE_CURVE('',#199,#195,#10367,.T.);
#10365=EDGE_CURVE('',#195,#439,#10368,.T.);
#10366=LINE('',#438,#10369);
#10367=LINE('',#198,#10370);
#10368=LINE('',#194,#10371);
#10369=VECTOR('',#10372,1.0);
#10370=VECTOR('',#10373,1.0);
#10371=VECTOR('',#10374,1.0);
#10372=DIRECTION('',(0.9404303913285434,0.3399862924672737,0));
#10373=DIRECTION('',(-0.38266257742337706,0.9238881706352224,0));
#10374=DIRECTION('',(-0.9370832374076883,-0.3491060099304021,0));
#10375=FACE_SURFACE('',(#10380),#10376,.T.);
#10376=PLANE('',#10377);
#10377=AXIS2_PLACEMENT_3D('',#438,#10378,#10379);
#10378=DIRECTION('',(0,0,1));
#10379=DIRECTION('',(0.9370832374076883,0.3491060099304021,0));
#10380=FACE_BOUND('',#10381,.T.);
#10381=EDGE_LOOP('',(#10382,#10383,#10384));
#10382=ORIENTED_EDGE('',*,*,#10385,.T.);
#10383=ORIENTED_EDGE('',*,*,#10386,.T.);
#10384=ORIENTED_EDGE('',*,*,#10387,.T.);
#10385=EDGE_CURVE('',#439,#195,#10388,.F.);
#10386=EDGE_CURVE('',#195,#191,#10389,.T.);
#10387=EDGE_CURVE('',#191,#439,#10390,.T.);
#10388=LINE('',#438,#10391);
#10389=LINE('',#194,#10392);
#10390=LINE('',#190,#10393);
#10391=VECTOR('',#10394,1.0);
#10392=VECTOR('',#10395,1.0);
#10393=VECTOR('',#10396,1.0);
#10394=DIRECTION('',(0.9370832374076883,0.3491060099304021,0));
#10395=DIRECTION('',(-0.13054156767343722,0.9914428370356817,0));
#10396=DIRECTION('',(-0.9337398388040378,-0.35795238989313855,0));
#10397=FACE_SURFACE('',(#10402),#10398,.T.);
#10398=PLANE('',#10399);
#10399=AXIS2_PLACEMENT_3D('',#190,#10400,#10401);
#10400=DIRECTION('',(0,-0,1));
#10401=DIRECTION('',(0.13053927527407597,0.9914431388692541,0));
#10402=FACE_BOUND('',#10403,.T.);
#10403=EDGE_LOOP('',(#10404,#10405,#10406));
#10404=ORIENTED_EDGE('',*,*,#10407,.T.);
#10405=ORIENTED_EDGE('',*,*,#10408,.T.);
#10406=ORIENTED_EDGE('',*,*,#10409,.T.);
#10407=EDGE_CURVE('',#191,#187,#10410,.F.);
#10408=EDGE_CURVE('',#187,#439,#10411,.T.);
#10409=EDGE_CURVE('',#439,#191,#10412,.T.);
#10410=LINE('',#190,#10413);
#10411=LINE('',#186,#10414);
#10412=LINE('',#438,#10415);
#10413=VECTOR('',#10416,1.0);
#10414=VECTOR('',#10417,1.0);
#10415=VECTOR('',#10418,1.0);
#10416=DIRECTION('',(0.13053927527407597,0.9914431388692541,0));
#10417=DIRECTION('',(-0.9306672408095771,-0.36586676110831484,0));
#10418=DIRECTION('',(0.9337398388040378,0.35795238989313855,0));
#10419=FACE_SURFACE('',(#10424),#10420,.T.);
#10420=PLANE('',#10421);
#10421=AXIS2_PLACEMENT_3D('',#438,#10422,#10423);
#10422=DIRECTION('',(0,0,1));
#10423=DIRECTION('',(0.9306672408095771,0.36586676110831484,0));
#10424=FACE_BOUND('',#10425,.T.);
#10425=EDGE_LOOP('',(#10426,#10427,#10428));
#10426=ORIENTED_EDGE('',*,*,#10429,.T.);
#10427=ORIENTED_EDGE('',*,*,#10430,.T.);
#10428=ORIENTED_EDGE('',*,*,#10431,.T.);
#10429=EDGE_CURVE('',#439,#187,#10432,.F.);
#10430=EDGE_CURVE('',#187,#183,#10433,.T.);
#10431=EDGE_CURVE('',#183,#439,#10434,.T.);
#10432=LINE('',#438,#10435);
#10433=LINE('',#186,#10436);
#10434=LINE('',#182,#10437);
#10435=VECTOR('',#10438,1.0);
#10436=VECTOR('',#10439,1.0);
#10437=VECTOR('',#10440,1.0);
#10438=DIRECTION('',(0.9306672408095771,0.36586676110831484,0));
#10439=DIRECTION('',(0.38266257742337706,0.9238881706352224,0));
#10440=DIRECTION('',(-0.9281184903218317,-0.3722849284119947,0));
#10441=FACE_SURFACE('',(#10446),#10442,.T.);
#10442=PLANE('',#10443);
#10443=AXIS2_PLACEMENT_3D('',#438,#10444,#10445);
#10444=DIRECTION('',(0,0,1));
#10445=DIRECTION('',(0.9281184903218317,0.3722849284119947,0));
#10446=FACE_BOUND('',#10447,.T.);
#10447=EDGE_LOOP('',(#10448,#10449,#10450));
#10448=ORIENTED_EDGE('',*,*,#10451,.T.);
#10449=ORIENTED_EDGE('',*,*,#10452,.T.);
#10450=ORIENTED_EDGE('',*,*,#10453,.T.);
#10451=EDGE_CURVE('',#439,#183,#10454,.F.);
#10452=EDGE_CURVE('',#183,#179,#10455,.T.);
#10453=EDGE_CURVE('',#179,#439,#10456,.T.);
#10454=LINE('',#438,#10457);
#10455=LINE('',#182,#10458);
#10456=LINE('',#178,#10459);
#10457=VECTOR('',#10460,1.0);
#10458=VECTOR('',#10461,1.0);
#10459=VECTOR('',#10462,1.0);
#10460=DIRECTION('',(0.9281184903218317,0.3722849284119947,0));
#10461=DIRECTION('',(0.6087773065206213,0.7933411567954214,0));
#10462=DIRECTION('',(-0.9263021713553045,-0.37678148487213137,0));
#10463=FACE_SURFACE('',(#10468),#10464,.T.);
#10464=PLANE('',#10465);
#10465=AXIS2_PLACEMENT_3D('',#166,#10466,#10467);
#10466=DIRECTION('',(-0,0,1));
#10467=DIRECTION('',(0.9914457328190034,-0.13051957276588602,0));
#10468=FACE_BOUND('',#10469,.T.);
#10469=EDGE_LOOP('',(#10470,#10471,#10472));
#10470=ORIENTED_EDGE('',*,*,#10473,.T.);
#10471=ORIENTED_EDGE('',*,*,#10474,.T.);
#10472=ORIENTED_EDGE('',*,*,#10475,.T.);
#10473=EDGE_CURVE('',#167,#163,#10476,.F.);
#10474=EDGE_CURVE('',#163,#493,#10477,.T.);
#10475=EDGE_CURVE('',#493,#167,#10478,.T.);
#10476=LINE('',#166,#10479);
#10477=LINE('',#162,#10480);
#10478=LINE('',#492,#10481);
#10479=VECTOR('',#10482,1.0);
#10480=VECTOR('',#10483,1.0);
#10481=VECTOR('',#10484,1.0);
#10482=DIRECTION('',(0.9914457328190034,-0.13051957276588602,0));
#10483=DIRECTION('',(0.8019724645462634,0.5973610014970783,0));
#10484=DIRECTION('',(-0.8307700952086543,-0.5566157102588856,0));
#10485=FACE_SURFACE('',(#10490),#10486,.T.);
#10486=PLANE('',#10487);
#10487=AXIS2_PLACEMENT_3D('',#492,#10488,#10489);
#10488=DIRECTION('',(0,0,1));
#10489=DIRECTION('',(-0.8019724645462634,-0.5973610014970783,0));
#10490=FACE_BOUND('',#10491,.T.);
#10491=EDGE_LOOP('',(#10492,#10493,#10494));
#10492=ORIENTED_EDGE('',*,*,#10495,.T.);
#10493=ORIENTED_EDGE('',*,*,#10496,.T.);
#10494=ORIENTED_EDGE('',*,*,#10497,.T.);
#10495=EDGE_CURVE('',#493,#163,#10498,.F.);
#10496=EDGE_CURVE('',#163,#159,#10499,.T.);
#10497=EDGE_CURVE('',#159,#493,#10500,.T.);
#10498=LINE('',#492,#10501);
#10499=LINE('',#162,#10502);
#10500=LINE('',#158,#10503);
#10501=VECTOR('',#10504,1.0);
#10502=VECTOR('',#10505,1.0);
#10503=VECTOR('',#10506,1.0);
#10504=DIRECTION('',(-0.8019724645462634,-0.5973610014970783,0));
#10505=DIRECTION('',(0.9238756461902449,-0.38269281463931043,0));
#10506=DIRECTION('',(0.759930809302574,0.6500039731207303,0));
#10507=FACE_SURFACE('',(#10512),#10508,.T.);
#10508=PLANE('',#10509);
#10509=AXIS2_PLACEMENT_3D('',#492,#10510,#10511);
#10510=DIRECTION('',(0,0,1));
#10511=DIRECTION('',(-0.759930809302574,-0.6500039731207303,0));
#10512=FACE_BOUND('',#10513,.T.);
#10513=EDGE_LOOP('',(#10514,#10515,#10516));
#10514=ORIENTED_EDGE('',*,*,#10517,.T.);
#10515=ORIENTED_EDGE('',*,*,#10518,.T.);
#10516=ORIENTED_EDGE('',*,*,#10519,.T.);
#10517=EDGE_CURVE('',#493,#159,#10520,.F.);
#10518=EDGE_CURVE('',#159,#155,#10521,.T.);
#10519=EDGE_CURVE('',#155,#493,#10522,.T.);
#10520=LINE('',#492,#10523);
#10521=LINE('',#158,#10524);
#10522=LINE('',#154,#10525);
#10523=VECTOR('',#10526,1.0);
#10524=VECTOR('',#10527,1.0);
#10525=VECTOR('',#10528,1.0);
#10526=DIRECTION('',(-0.759930809302574,-0.6500039731207303,0));
#10527=DIRECTION('',(0.7933497113631495,-0.6087661582906917,0));
#10528=DIRECTION('',(0.7071060775056369,0.707107484866758,0));
#10529=FACE_SURFACE('',(#10534),#10530,.T.);
#10530=PLANE('',#10531);
#10531=AXIS2_PLACEMENT_3D('',#154,#10532,#10533);
#10532=DIRECTION('',(-0,0,1));
#10533=DIRECTION('',(0.6087773065206213,-0.7933411567954214,0));
#10534=FACE_BOUND('',#10535,.T.);
#10535=EDGE_LOOP('',(#10536,#10537,#10538));
#10536=ORIENTED_EDGE('',*,*,#10539,.T.);
#10537=ORIENTED_EDGE('',*,*,#10540,.T.);
#10538=ORIENTED_EDGE('',*,*,#10541,.T.);
#10539=EDGE_CURVE('',#155,#151,#10542,.F.);
#10540=EDGE_CURVE('',#151,#493,#10543,.T.);
#10541=EDGE_CURVE('',#493,#155,#10544,.T.);
#10542=LINE('',#154,#10545);
#10543=LINE('',#150,#10546);
#10544=LINE('',#492,#10547);
#10545=VECTOR('',#10548,1.0);
#10546=VECTOR('',#10549,1.0);
#10547=VECTOR('',#10550,1.0);
#10548=DIRECTION('',(0.6087773065206213,-0.7933411567954214,0));
#10549=DIRECTION('',(0.6500016832198371,0.759932767954757,0));
#10550=DIRECTION('',(-0.7071060775056369,-0.707107484866758,0));
#10551=FACE_SURFACE('',(#10556),#10552,.T.);
#10552=PLANE('',#10553);
#10553=AXIS2_PLACEMENT_3D('',#492,#10554,#10555);
#10554=DIRECTION('',(0,0,1));
#10555=DIRECTION('',(-0.6500016832198371,-0.759932767954757,0));
#10556=FACE_BOUND('',#10557,.T.);
#10557=EDGE_LOOP('',(#10558,#10559,#10560));
#10558=ORIENTED_EDGE('',*,*,#10561,.T.);
#10559=ORIENTED_EDGE('',*,*,#10562,.T.);
#10560=ORIENTED_EDGE('',*,*,#10563,.T.);
#10561=EDGE_CURVE('',#493,#151,#10564,.F.);
#10562=EDGE_CURVE('',#151,#147,#10565,.T.);
#10563=EDGE_CURVE('',#147,#493,#10566,.T.);
#10564=LINE('',#492,#10567);
#10565=LINE('',#150,#10568);
#10566=LINE('',#146,#10569);
#10567=VECTOR('',#10570,1.0);
#10568=VECTOR('',#10571,1.0);
#10569=VECTOR('',#10572,1.0);
#10570=DIRECTION('',(-0.6500016832198371,-0.759932767954757,0));
#10571=DIRECTION('',(0.38266257742337706,-0.9238881706352224,0));
#10572=DIRECTION('',(0.597360360508489,0.8019729419956562,0));
#10573=FACE_SURFACE('',(#10578),#10574,.T.);
#10574=PLANE('',#10575);
#10575=AXIS2_PLACEMENT_3D('',#50,#10576,#10577);
#10576=DIRECTION('',(0,0,1));
#10577=DIRECTION('',(0.1305409945661142,-0.9914429124955655,0));
#10578=FACE_BOUND('',#10579,.T.);
#10579=EDGE_LOOP('',(#10580,#10581,#10582));
#10580=ORIENTED_EDGE('',*,*,#10583,.T.);
#10581=ORIENTED_EDGE('',*,*,#10584,.T.);
#10582=ORIENTED_EDGE('',*,*,#10585,.T.);
#10583=EDGE_CURVE('',#51,#47,#10586,.F.);
#10584=EDGE_CURVE('',#47,#495,#10587,.T.);
#10585=EDGE_CURVE('',#495,#51,#10588,.T.);
#10586=LINE('',#50,#10589);
#10587=LINE('',#46,#10590);
#10588=LINE('',#494,#10591);
#10589=VECTOR('',#10592,1.0);
#10590=VECTOR('',#10593,1.0);
#10591=VECTOR('',#10594,1.0);
#10592=DIRECTION('',(0.1305409945661142,-0.9914429124955655,0));
#10593=DIRECTION('',(0.556614835349462,-0.8307706813970335,0));
#10594=DIRECTION('',(-0.5316043772264918,0.846992789882909,0));
#10595=FACE_SURFACE('',(#10600),#10596,.T.);
#10596=PLANE('',#10597);
#10597=AXIS2_PLACEMENT_3D('',#494,#10598,#10599);
#10598=DIRECTION('',(0,0,1));
#10599=DIRECTION('',(-0.556614835349462,0.8307706813970335,0));
#10600=FACE_BOUND('',#10601,.T.);
#10601=EDGE_LOOP('',(#10602,#10603,#10604));
#10602=ORIENTED_EDGE('',*,*,#10605,.T.);
#10603=ORIENTED_EDGE('',*,*,#10606,.T.);
#10604=ORIENTED_EDGE('',*,*,#10607,.T.);
#10605=EDGE_CURVE('',#495,#47,#10608,.F.);
#10606=EDGE_CURVE('',#47,#43,#10609,.T.);
#10607=EDGE_CURVE('',#43,#495,#10610,.T.);
#10608=LINE('',#494,#10611);
#10609=LINE('',#46,#10612);
#10610=LINE('',#42,#10613);
#10611=VECTOR('',#10614,1.0);
#10612=VECTOR('',#10615,1.0);
#10613=VECTOR('',#10616,1.0);
#10614=DIRECTION('',(-0.556614835349462,0.8307706813970335,0));
#10615=DIRECTION('',(-0.13054042146377973,-0.9914429879544556,0));
#10616=DIRECTION('',(0.5973600400145671,-0.8019731807197763,0));
#10617=FACE_SURFACE('',(#10622),#10618,.T.);
#10618=PLANE('',#10619);
#10619=AXIS2_PLACEMENT_3D('',#494,#10620,#10621);
#10620=DIRECTION('',(0,0,1));
#10621=DIRECTION('',(-0.5973600400145671,0.8019731807197763,0));
#10622=FACE_BOUND('',#10623,.T.);
#10623=EDGE_LOOP('',(#10624,#10625,#10626));
#10624=ORIENTED_EDGE('',*,*,#10627,.T.);
#10625=ORIENTED_EDGE('',*,*,#10628,.T.);
#10626=ORIENTED_EDGE('',*,*,#10629,.T.);
#10627=EDGE_CURVE('',#495,#43,#10630,.F.);
#10628=EDGE_CURVE('',#43,#135,#10631,.T.);
#10629=EDGE_CURVE('',#135,#495,#10632,.T.);
#10630=LINE('',#494,#10633);
#10631=LINE('',#42,#10634);
#10632=LINE('',#134,#10635);
#10633=VECTOR('',#10636,1.0);
#10634=VECTOR('',#10637,1.0);
#10635=VECTOR('',#10638,1.0);
#10636=DIRECTION('',(-0.5973600400145671,0.8019731807197763,0));
#10637=DIRECTION('',(-0.38266257742337706,-0.9238881706352224,0));
#10638=DIRECTION('',(0.6500013402398709,-0.7599330613194637,0));
#10639=FACE_SURFACE('',(#10644),#10640,.T.);
#10640=PLANE('',#10641);
#10641=AXIS2_PLACEMENT_3D('',#134,#10642,#10643);
#10642=DIRECTION('',(0,0,1));
#10643=DIRECTION('',(-0.6087708906529714,-0.7933460800266099,0));
#10644=FACE_BOUND('',#10645,.T.);
#10645=EDGE_LOOP('',(#10646,#10647,#10648));
#10646=ORIENTED_EDGE('',*,*,#10649,.T.);
#10647=ORIENTED_EDGE('',*,*,#10650,.T.);
#10648=ORIENTED_EDGE('',*,*,#10651,.T.);
#10649=EDGE_CURVE('',#135,#131,#10652,.F.);
#10650=EDGE_CURVE('',#131,#495,#10653,.T.);
#10651=EDGE_CURVE('',#495,#135,#10654,.T.);
#10652=LINE('',#134,#10655);
#10653=LINE('',#130,#10656);
#10654=LINE('',#494,#10657);
#10655=VECTOR('',#10658,1.0);
#10656=VECTOR('',#10659,1.0);
#10657=VECTOR('',#10660,1.0);
#10658=DIRECTION('',(-0.6087708906529714,-0.7933460800266099,0));
#10659=DIRECTION('',(0.7071062534257989,-0.7071073089469023,0));
#10660=DIRECTION('',(-0.6500013402398709,0.7599330613194637,0));
#10661=FACE_SURFACE('',(#10666),#10662,.T.);
#10662=PLANE('',#10663);
#10663=AXIS2_PLACEMENT_3D('',#494,#10664,#10665);
#10664=DIRECTION('',(0,0,1));
#10665=DIRECTION('',(-0.7071062534257989,0.7071073089469023,0));
#10666=FACE_BOUND('',#10667,.T.);
#10667=EDGE_LOOP('',(#10668,#10669,#10670));
#10668=ORIENTED_EDGE('',*,*,#10671,.T.);
#10669=ORIENTED_EDGE('',*,*,#10672,.T.);
#10670=ORIENTED_EDGE('',*,*,#10673,.T.);
#10671=EDGE_CURVE('',#495,#131,#10674,.F.);
#10672=EDGE_CURVE('',#131,#127,#10675,.T.);
#10673=EDGE_CURVE('',#127,#495,#10676,.T.);
#10674=LINE('',#494,#10677);
#10675=LINE('',#130,#10678);
#10676=LINE('',#126,#10679);
#10677=VECTOR('',#10680,1.0);
#10678=VECTOR('',#10681,1.0);
#10679=VECTOR('',#10682,1.0);
#10680=DIRECTION('',(-0.7071062534257989,0.7071073089469023,0));
#10681=DIRECTION('',(-0.7933475727186086,-0.6087689453819833,0));
#10682=DIRECTION('',(0.759931152282771,-0.6500035721364767,0));
#10683=FACE_SURFACE('',(#10688),#10684,.T.);
#10684=PLANE('',#10685);
#10685=AXIS2_PLACEMENT_3D('',#494,#10686,#10687);
#10686=DIRECTION('',(0,0,1));
#10687=DIRECTION('',(-0.759931152282771,0.6500035721364767,0));
#10688=FACE_BOUND('',#10689,.T.);
#10689=EDGE_LOOP('',(#10690,#10691,#10692));
#10690=ORIENTED_EDGE('',*,*,#10693,.T.);
#10691=ORIENTED_EDGE('',*,*,#10694,.T.);
#10692=ORIENTED_EDGE('',*,*,#10695,.T.);
#10693=EDGE_CURVE('',#495,#127,#10696,.F.);
#10694=EDGE_CURVE('',#127,#123,#10697,.T.);
#10695=EDGE_CURVE('',#123,#495,#10698,.T.);
#10696=LINE('',#494,#10699);
#10697=LINE('',#126,#10700);
#10698=LINE('',#122,#10701);
#10699=VECTOR('',#10702,1.0);
#10700=VECTOR('',#10703,1.0);
#10701=VECTOR('',#10704,1.0);
#10702=DIRECTION('',(-0.759931152282771,0.6500035721364767,0));
#10703=DIRECTION('',(-0.9238803429332881,-0.38268147582744294,0));
#10704=DIRECTION('',(0.8019723042989949,-0.5973612166330855,0));
#10705=FACE_SURFACE('',(#10710),#10706,.T.);
#10706=PLANE('',#10707);
#10707=AXIS2_PLACEMENT_3D('',#122,#10708,#10709);
#10708=DIRECTION('',(0,0,1));
#10709=DIRECTION('',(-0.9914451598136526,-0.13052392532436685,0));
#10710=FACE_BOUND('',#10711,.T.);
#10711=EDGE_LOOP('',(#10712,#10713,#10714));
#10712=ORIENTED_EDGE('',*,*,#10715,.T.);
#10713=ORIENTED_EDGE('',*,*,#10716,.T.);
#10714=ORIENTED_EDGE('',*,*,#10717,.T.);
#10715=EDGE_CURVE('',#123,#119,#10718,.F.);
#10716=EDGE_CURVE('',#119,#495,#10719,.T.);
#10717=EDGE_CURVE('',#495,#123,#10720,.T.);
#10718=LINE('',#122,#10721);
#10719=LINE('',#118,#10722);
#10720=LINE('',#494,#10723);
#10721=VECTOR('',#10724,1.0);
#10722=VECTOR('',#10725,1.0);
#10723=VECTOR('',#10726,1.0);
#10724=DIRECTION('',(-0.9914451598136526,-0.13052392532436685,0));
#10725=DIRECTION('',(0.8307700952086543,-0.5566157102588856,0));
#10726=DIRECTION('',(-0.8019723042989949,0.5973612166330855,0));
#10727=FACE_SURFACE('',(#10732),#10728,.T.);
#10728=PLANE('',#10729);
#10729=AXIS2_PLACEMENT_3D('',#494,#10730,#10731);
#10730=DIRECTION('',(0,0,1));
#10731=DIRECTION('',(-0.8307700952086543,0.5566157102588856,0));
#10732=FACE_BOUND('',#10733,.T.);
#10733=EDGE_LOOP('',(#10734,#10735,#10736));
#10734=ORIENTED_EDGE('',*,*,#10737,.T.);
#10735=ORIENTED_EDGE('',*,*,#10738,.T.);
#10736=ORIENTED_EDGE('',*,*,#10739,.T.);
#10737=EDGE_CURVE('',#495,#119,#10740,.F.);
#10738=EDGE_CURVE('',#119,#115,#10741,.T.);
#10739=EDGE_CURVE('',#115,#495,#10742,.T.);
#10740=LINE('',#494,#10743);
#10741=LINE('',#118,#10744);
#10742=LINE('',#114,#10745);
#10743=VECTOR('',#10746,1.0);
#10744=VECTOR('',#10747,1.0);
#10745=VECTOR('',#10748,1.0);
#10746=DIRECTION('',(-0.8307700952086543,0.5566157102588856,0));
#10747=DIRECTION('',(-0.9914445562821227,0.13052850960056514,0));
#10748=DIRECTION('',(0.8469925717244212,-0.531604724813137,0));
#10749=FACE_SURFACE('',(#10754),#10750,.T.);
#10750=PLANE('',#10751);
#10751=AXIS2_PLACEMENT_3D('',#494,#10752,#10753);
#10752=DIRECTION('',(0,0,1));
#10753=DIRECTION('',(-0.8469925717244212,0.531604724813137,0));
#10754=FACE_BOUND('',#10755,.T.);
#10755=EDGE_LOOP('',(#10756,#10757,#10758));
#10756=ORIENTED_EDGE('',*,*,#10759,.T.);
#10757=ORIENTED_EDGE('',*,*,#10760,.T.);
#10758=ORIENTED_EDGE('',*,*,#10761,.T.);
#10759=EDGE_CURVE('',#495,#115,#10762,.F.);
#10760=EDGE_CURVE('',#115,#111,#10763,.T.);
#10761=EDGE_CURVE('',#111,#495,#10764,.T.);
#10762=LINE('',#494,#10765);
#10763=LINE('',#114,#10766);
#10764=LINE('',#110,#10767);
#10765=VECTOR('',#10768,1.0);
#10766=VECTOR('',#10769,1.0);
#10767=VECTOR('',#10770,1.0);
#10768=DIRECTION('',(-0.8469925717244212,0.531604724813137,0));
#10769=DIRECTION('',(-0.9238803429332881,0.38268147582744294,0));
#10770=DIRECTION('',(0.8525427585491384,-0.522657483296112,0));
#10771=FACE_SURFACE('',(#10776),#10772,.T.);
#10772=PLANE('',#10773);
#10773=AXIS2_PLACEMENT_3D('',#98,#10774,#10775);
#10774=DIRECTION('',(0,0,1));
#10775=DIRECTION('',(-0.13054042146377973,0.9914429879544556,0));
#10776=FACE_BOUND('',#10777,.T.);
#10777=EDGE_LOOP('',(#10778,#10779,#10780));
#10778=ORIENTED_EDGE('',*,*,#10781,.T.);
#10779=ORIENTED_EDGE('',*,*,#10782,.T.);
#10780=ORIENTED_EDGE('',*,*,#10783,.T.);
#10781=EDGE_CURVE('',#99,#95,#10784,.F.);
#10782=EDGE_CURVE('',#95,#451,#10785,.T.);
#10783=EDGE_CURVE('',#451,#99,#10786,.T.);
#10784=LINE('',#98,#10787);
#10785=LINE('',#94,#10788);
#10786=LINE('',#450,#10789);
#10787=VECTOR('',#10790,1.0);
#10788=VECTOR('',#10791,1.0);
#10789=VECTOR('',#10792,1.0);
#10790=DIRECTION('',(-0.13054042146377973,0.9914429879544556,0));
#10791=DIRECTION('',(-0.9016143352885074,0.43254085402683384,0));
#10792=DIRECTION('',(0.8966792402670527,-0.4426808557799864,0));
#10793=FACE_SURFACE('',(#10798),#10794,.T.);
#10794=PLANE('',#10795);
#10795=AXIS2_PLACEMENT_3D('',#450,#10796,#10797);
#10796=DIRECTION('',(0,0,1));
#10797=DIRECTION('',(0.9016143352885074,-0.43254085402683384,0));
#10798=FACE_BOUND('',#10799,.T.);
#10799=EDGE_LOOP('',(#10800,#10801,#10802));
#10800=ORIENTED_EDGE('',*,*,#10803,.T.);
#10801=ORIENTED_EDGE('',*,*,#10804,.T.);
#10802=ORIENTED_EDGE('',*,*,#10805,.T.);
#10803=EDGE_CURVE('',#451,#95,#10806,.F.);
#10804=EDGE_CURVE('',#95,#91,#10807,.T.);
#10805=EDGE_CURVE('',#91,#451,#10808,.T.);
#10806=LINE('',#450,#10809);
#10807=LINE('',#94,#10810);
#10808=LINE('',#90,#10811);
#10809=VECTOR('',#10812,1.0);
#10810=VECTOR('',#10813,1.0);
#10811=VECTOR('',#10814,1.0);
#10812=DIRECTION('',(0.9016143352885074,-0.43254085402683384,0));
#10813=DIRECTION('',(0.1305409945661142,0.9914429124955655,0));
#10814=DIRECTION('',(-0.9071388440383419,0.42083145989431553,0));
#10815=FACE_SURFACE('',(#10820),#10816,.T.);
#10816=PLANE('',#10817);
#10817=AXIS2_PLACEMENT_3D('',#86,#10818,#10819);
#10818=DIRECTION('',(0,-0,1));
#10819=DIRECTION('',(0.6087708906529714,0.7933460800266099,0));
#10820=FACE_BOUND('',#10821,.T.);
#10821=EDGE_LOOP('',(#10822,#10823,#10824));
#10822=ORIENTED_EDGE('',*,*,#10825,.T.);
#10823=ORIENTED_EDGE('',*,*,#10826,.T.);
#10824=ORIENTED_EDGE('',*,*,#10827,.T.);
#10825=EDGE_CURVE('',#87,#83,#10828,.F.);
#10826=EDGE_CURVE('',#83,#459,#10829,.T.);
#10827=EDGE_CURVE('',#459,#87,#10830,.T.);
#10828=LINE('',#86,#10831);
#10829=LINE('',#82,#10832);
#10830=LINE('',#458,#10833);
#10831=VECTOR('',#10834,1.0);
#10832=VECTOR('',#10835,1.0);
#10833=VECTOR('',#10836,1.0);
#10834=DIRECTION('',(0.6087708906529714,0.7933460800266099,0));
#10835=DIRECTION('',(-0.6254457614462869,0.7802676460605517,0));
#10836=DIRECTION('',(0.6051775199737264,-0.7960905534664068,0));
#10837=FACE_SURFACE('',(#10842),#10838,.T.);
#10838=PLANE('',#10839);
#10839=AXIS2_PLACEMENT_3D('',#458,#10840,#10841);
#10840=DIRECTION('',(0,0,1));
#10841=DIRECTION('',(0.6254457614462869,-0.7802676460605517,0));
#10842=FACE_BOUND('',#10843,.T.);
#10843=EDGE_LOOP('',(#10844,#10845,#10846));
#10844=ORIENTED_EDGE('',*,*,#10847,.T.);
#10845=ORIENTED_EDGE('',*,*,#10848,.T.);
#10846=ORIENTED_EDGE('',*,*,#10849,.T.);
#10847=EDGE_CURVE('',#459,#83,#10850,.F.);
#10848=EDGE_CURVE('',#83,#79,#10851,.T.);
#10849=EDGE_CURVE('',#79,#459,#10852,.T.);
#10850=LINE('',#458,#10853);
#10851=LINE('',#82,#10854);
#10852=LINE('',#78,#10855);
#10853=VECTOR('',#10856,1.0);
#10854=VECTOR('',#10857,1.0);
#10855=VECTOR('',#10858,1.0);
#10856=DIRECTION('',(0.6254457614462869,-0.7802676460605517,0));
#10857=DIRECTION('',(0.7933475727186086,0.6087689453819833,0));
#10858=DIRECTION('',(-0.6459944157919375,0.7633421348030208,0));
#10859=FACE_SURFACE('',(#10864),#10860,.T.);
#10860=PLANE('',#10861);
#10861=AXIS2_PLACEMENT_3D('',#458,#10862,#10863);
#10862=DIRECTION('',(0,0,1));
#10863=DIRECTION('',(0.6459944157919375,-0.7633421348030208,0));
#10864=FACE_BOUND('',#10865,.T.);
#10865=EDGE_LOOP('',(#10866,#10867,#10868));
#10866=ORIENTED_EDGE('',*,*,#10869,.T.);
#10867=ORIENTED_EDGE('',*,*,#10870,.T.);
#10868=ORIENTED_EDGE('',*,*,#10871,.T.);
#10869=EDGE_CURVE('',#459,#79,#10872,.F.);
#10870=EDGE_CURVE('',#79,#75,#10873,.T.);
#10871=EDGE_CURVE('',#75,#459,#10874,.T.);
#10872=LINE('',#458,#10875);
#10873=LINE('',#78,#10876);
#10874=LINE('',#74,#10877);
#10875=VECTOR('',#10878,1.0);
#10876=VECTOR('',#10879,1.0);
#10877=VECTOR('',#10880,1.0);
#10878=DIRECTION('',(0.6459944157919375,-0.7633421348030208,0));
#10879=DIRECTION('',(0.9238803429332881,0.38268147582744294,0));
#10880=DIRECTION('',(-0.6649862731650358,0.7468555794141707,0));
#10881=FACE_SURFACE('',(#10886),#10882,.T.);
#10882=PLANE('',#10883);
#10883=AXIS2_PLACEMENT_3D('',#74,#10884,#10885);
#10884=DIRECTION('',(0,-0,1));
#10885=DIRECTION('',(0.9914445562821227,0.13052850960056514,0));
#10886=FACE_BOUND('',#10887,.T.);
#10887=EDGE_LOOP('',(#10888,#10889,#10890));
#10888=ORIENTED_EDGE('',*,*,#10891,.T.);
#10889=ORIENTED_EDGE('',*,*,#10892,.T.);
#10890=ORIENTED_EDGE('',*,*,#10893,.T.);
#10891=EDGE_CURVE('',#75,#71,#10894,.F.);
#10892=EDGE_CURVE('',#71,#459,#10895,.T.);
#10893=EDGE_CURVE('',#459,#75,#10896,.T.);
#10894=LINE('',#74,#10897);
#10895=LINE('',#70,#10898);
#10896=LINE('',#458,#10899);
#10897=VECTOR('',#10900,1.0);
#10898=VECTOR('',#10901,1.0);
#10899=VECTOR('',#10902,1.0);
#10900=DIRECTION('',(0.9914445562821227,0.13052850960056514,0));
#10901=DIRECTION('',(-0.6809030674026653,0.7323735473115077,0));
#10902=DIRECTION('',(0.6649862731650358,-0.7468555794141707,0));
#10903=FACE_SURFACE('',(#10908),#10904,.T.);
#10904=PLANE('',#10905);
#10905=AXIS2_PLACEMENT_3D('',#458,#10906,#10907);
#10906=DIRECTION('',(0,0,1));
#10907=DIRECTION('',(0.6809030674026653,-0.7323735473115077,0));
#10908=FACE_BOUND('',#10909,.T.);
#10909=EDGE_LOOP('',(#10910,#10911,#10912));
#10910=ORIENTED_EDGE('',*,*,#10913,.T.);
#10911=ORIENTED_EDGE('',*,*,#10914,.T.);
#10912=ORIENTED_EDGE('',*,*,#10915,.T.);
#10913=EDGE_CURVE('',#459,#71,#10916,.F.);
#10914=EDGE_CURVE('',#71,#67,#10917,.T.);
#10915=EDGE_CURVE('',#67,#459,#10918,.T.);
#10916=LINE('',#458,#10919);
#10917=LINE('',#70,#10920);
#10918=LINE('',#66,#10921);
#10919=VECTOR('',#10922,1.0);
#10920=VECTOR('',#10923,1.0);
#10921=VECTOR('',#10924,1.0);
#10922=DIRECTION('',(0.6809030674026653,-0.7323735473115077,0));
#10923=DIRECTION('',(0.9914451598136526,-0.13052392532436685,0));
#10924=DIRECTION('',(-0.6927125710554463,0.7212137643596059,0));
#10925=FACE_SURFACE('',(#10930),#10926,.T.);
#10926=PLANE('',#10927);
#10927=AXIS2_PLACEMENT_3D('',#458,#10928,#10929);
#10928=DIRECTION('',(0,0,1));
#10929=DIRECTION('',(0.6927125710554463,-0.7212137643596059,0));
#10930=FACE_BOUND('',#10931,.T.);
#10931=EDGE_LOOP('',(#10932,#10933,#10934));
#10932=ORIENTED_EDGE('',*,*,#10935,.T.);
#10933=ORIENTED_EDGE('',*,*,#10936,.T.);
#10934=ORIENTED_EDGE('',*,*,#10937,.T.);
#10935=EDGE_CURVE('',#459,#67,#10938,.F.);
#10936=EDGE_CURVE('',#67,#63,#10939,.T.);
#10937=EDGE_CURVE('',#63,#459,#10940,.T.);
#10938=LINE('',#458,#10941);
#10939=LINE('',#66,#10942);
#10940=LINE('',#62,#10943);
#10941=VECTOR('',#10944,1.0);
#10942=VECTOR('',#10945,1.0);
#10943=VECTOR('',#10946,1.0);
#10944=DIRECTION('',(0.6927125710554463,-0.7212137643596059,0));
#10945=DIRECTION('',(0.9238803429332881,-0.38268147582744294,0));
#10946=DIRECTION('',(-0.6998871770717655,0.7142534139719005,0));
#10947=FACE_SURFACE('',(#10952),#10948,.T.);
#10948=PLANE('',#10949);
#10949=AXIS2_PLACEMENT_3D('',#414,#10950,#10951);
#10950=DIRECTION('',(-0,0,1));
#10951=DIRECTION('',(0.9993575428539134,-0.03583994337312342,0));
#10952=FACE_BOUND('',#10953,.T.);
#10953=EDGE_LOOP('',(#10954,#10955,#10956));
#10954=ORIENTED_EDGE('',*,*,#10957,.T.);
#10955=ORIENTED_EDGE('',*,*,#10958,.T.);
#10956=ORIENTED_EDGE('',*,*,#10959,.T.);
#10957=EDGE_CURVE('',#415,#495,#10960,.F.);
#10958=EDGE_CURVE('',#495,#111,#10961,.T.);
#10959=EDGE_CURVE('',#111,#415,#10962,.T.);
#10960=LINE('',#414,#10963);
#10961=LINE('',#494,#10964);
#10962=LINE('',#110,#10965);
#10963=VECTOR('',#10966,1.0);
#10964=VECTOR('',#10967,1.0);
#10965=VECTOR('',#10968,1.0);
#10966=DIRECTION('',(0.9993575428539134,-0.03583994337312342,0));
#10967=DIRECTION('',(-0.8525427585491384,0.522657483296112,0));
#10968=DIRECTION('',(-1,0,0));
ENDSEC;
END-ISO-10303-21;
